Dates,SH US Equity
21-06-2006,553.52
22-06-2006,557.92
23-06-2006,558.08
26-06-2006,556.32
27-06-2006,561.12
28-06-2006,558.24
29-06-2006,546
30-06-2006,546.8
03-07-2006,543.6
05-07-2006,547.6
06-07-2006,546.8
07-07-2006,550.72
10-07-2006,550.16
11-07-2006,547.44
12-07-2006,554
13-07-2006,561.44
14-07-2006,563.84
17-07-2006,565.6
18-07-2006,564
19-07-2006,554.08
20-07-2006,559.52
21-07-2006,563.12
24-07-2006,553.92
25-07-2006,551.12
26-07-2006,550.288
27-07-2006,553.6
28-07-2006,547.283
31-07-2006,547.36
01-08-2006,550.96
02-08-2006,547.6
03-08-2006,546.4
04-08-2006,547.52
07-08-2006,549.12
08-08-2006,551.52
09-08-2006,553.44
10-08-2006,551.6
11-08-2006,553.52
14-08-2006,552.4
15-08-2006,546.16
16-08-2006,542
17-08-2006,540.48
18-08-2006,539.2
21-08-2006,540.88
22-08-2006,540.88
23-08-2006,543.68
24-08-2006,542.4
25-08-2006,542.56
28-08-2006,540
29-08-2006,539.28
30-08-2006,539.28
31-08-2006,539.12
01-09-2006,536.8
05-09-2006,536.319
06-09-2006,541.92
07-09-2006,544.8
08-09-2006,542.48
11-09-2006,542.856
12-09-2006,536.88
13-09-2006,534.64
14-09-2006,536
15-09-2006,535.04
18-09-2006,534.24
19-09-2006,535.28
20-09-2006,532.64
21-09-2006,535.36
22-09-2006,537.44
25-09-2006,532.8
26-09-2006,528.64
27-09-2006,528.96
28-09-2006,528.56
29-09-2006,529.68
02-10-2006,532.16
03-10-2006,530.96
04-10-2006,525.12
05-10-2006,523.44
06-10-2006,524.4
09-10-2006,524.64
10-10-2006,524
11-10-2006,525.3265
12-10-2006,520.64
13-10-2006,519.44
16-10-2006,518.64
17-10-2006,520.56
18-10-2006,520.24
19-10-2006,519.92
20-10-2006,519.36
23-10-2006,516.8
24-10-2006,516.639
25-10-2006,514.8
26-10-2006,512.4
27-10-2006,516
30-10-2006,516.8
31-10-2006,517.52
01-11-2006,521.2
02-11-2006,522
03-11-2006,522.24
06-11-2006,517.28
07-11-2006,515.68
08-11-2006,514.88
09-11-2006,517.44
10-11-2006,516.64
13-11-2006,515.44
14-11-2006,512.24
15-11-2006,510.64
16-11-2006,509.92
17-11-2006,509.76
20-11-2006,510.24
21-11-2006,509.68
22-11-2006,508.16
24-11-2006,510.4
27-11-2006,517.6
28-11-2006,516
29-11-2006,511.36
30-11-2006,511.2
01-12-2006,513.04
04-12-2006,508
05-12-2006,505.68
06-12-2006,506.64
07-12-2006,508.72
08-12-2006,508.32
11-12-2006,506.8
12-12-2006,507.36
13-12-2006,506.88
14-12-2006,503.2
15-12-2006,502.16
18-12-2006,504.24
19-12-2006,503.36
20-12-2006,495.12
21-12-2006,496.8775
22-12-2006,499.2
26-12-2006,497.52
27-12-2006,493.84
28-12-2006,495.28
29-12-2006,498.4
03-01-2007,499.28
04-01-2007,498.399
05-01-2007,501.44
08-01-2007,500.64
09-01-2007,500.733
10-01-2007,500.24
11-01-2007,497.04
12-01-2007,494.4
16-01-2007,495.04
17-01-2007,495.759
18-01-2007,497.6
19-01-2007,496.64
22-01-2007,499.281
23-01-2007,498.08
24-01-2007,494
25-01-2007,499.359
26-01-2007,500.48
29-01-2007,501.12
30-01-2007,498.16
31-01-2007,495.36
01-02-2007,492.24
02-02-2007,491.68
05-02-2007,491.92
06-02-2007,492.08
07-02-2007,491.44
08-02-2007,491.76
09-02-2007,495.52
12-02-2007,497.28
13-02-2007,493.84
14-02-2007,490.24
15-02-2007,489.84
16-02-2007,490.4
20-02-2007,489.36
21-02-2007,489.92
22-02-2007,490.64
23-02-2007,492.4
26-02-2007,493.36
27-02-2007,512.56
28-02-2007,508.8
01-03-2007,510
02-03-2007,516.56
05-03-2007,521.2
06-03-2007,512.72
07-03-2007,513.76
08-03-2007,510.24
09-03-2007,510.16
12-03-2007,509.2
13-03-2007,519.84
14-03-2007,514.4
15-03-2007,514.16
16-03-2007,516.64
19-03-2007,510.72
20-03-2007,507.76
21-03-2007,499.44
22-03-2007,498.721
23-03-2007,498.64
26-03-2007,499.12
27-03-2007,498.32
28-03-2007,500.8
29-03-2007,500.88
30-03-2007,502.08
02-04-2007,500.8
03-04-2007,495.92
04-04-2007,495.36
05-04-2007,493.6
09-04-2007,494
10-04-2007,492.8
11-04-2007,496
12-04-2007,493.28
13-04-2007,491.84
16-04-2007,487.36
17-04-2007,486
18-04-2007,485.68
19-04-2007,486.08
20-04-2007,481.92
23-04-2007,483.76
24-04-2007,483.92
25-04-2007,479.04
26-04-2007,478
27-04-2007,479.92
30-04-2007,484
01-05-2007,482.8
02-05-2007,480.16
03-05-2007,478
04-05-2007,476.72
07-05-2007,476.4
08-05-2007,476.72
09-05-2007,475.119
10-05-2007,481.36
11-05-2007,476.4
14-05-2007,478.64
15-05-2007,478.72
16-05-2007,474.8
17-05-2007,475.36
18-05-2007,472.32
21-05-2007,472.64
22-05-2007,472.8
23-05-2007,473.44
24-05-2007,478
25-05-2007,475.28
29-05-2007,474.64
30-05-2007,471.6
31-05-2007,471.6
01-06-2007,469.44
04-06-2007,468.8
05-06-2007,471.36
06-06-2007,476.88
07-06-2007,484.8
08-06-2007,479.44
11-06-2007,478.88
12-06-2007,483.92
13-06-2007,476.32
14-06-2007,474.88
15-06-2007,471.76
18-06-2007,472.56
19-06-2007,471.44
20-06-2007,478.116
21-06-2007,475.28
22-06-2007,480.32
25-06-2007,482.96
26-06-2007,482.8
27-06-2007,476.56
28-06-2007,477.52
29-06-2007,477.92
02-07-2007,473.76
03-07-2007,471.44
05-07-2007,471.6
06-07-2007,470.265
09-07-2007,469.52
10-07-2007,476.48
11-07-2007,473.44
12-07-2007,466.4
13-07-2007,464.08
16-07-2007,464.96
17-07-2007,464.56
18-07-2007,465.921
19-07-2007,465.52
20-07-2007,470.4
23-07-2007,468.08
24-07-2007,477.2
25-07-2007,475.6
26-07-2007,488
27-07-2007,497.52
30-07-2007,490
31-07-2007,496.56
01-08-2007,493.04
02-08-2007,489.12
03-08-2007,502.72
06-08-2007,494.4
07-08-2007,490
08-08-2007,481.6
09-08-2007,495.92
10-08-2007,499.44
13-08-2007,496.8
14-08-2007,504.4
15-08-2007,512.16
16-08-2007,510.4
17-08-2007,499.6
20-08-2007,499.16
21-08-2007,499.84
22-08-2007,493.84
23-08-2007,494.32
24-08-2007,487.84
27-08-2007,492
28-08-2007,503.2
29-08-2007,492.96
30-08-2007,494.72
31-08-2007,490.8
04-09-2007,485.2
05-09-2007,490.8
06-09-2007,489.84
07-09-2007,496.16
10-09-2007,498.32
11-09-2007,492
12-09-2007,491.6735
13-09-2007,487.635
14-09-2007,487.44
17-09-2007,490.32
18-09-2007,476.24
19-09-2007,473.248
20-09-2007,476
21-09-2007,474.24
24-09-2007,477.2
25-09-2007,470.801
26-09-2007,468.56
27-09-2007,466.4
28-09-2007,467.92
01-10-2007,462.4
02-10-2007,462.56
03-10-2007,464.8
04-10-2007,464.08
05-10-2007,459.76
08-10-2007,461.28
09-10-2007,457.28
10-10-2007,459.2
11-10-2007,460.8
12-10-2007,458.64
15-10-2007,463.6
16-10-2007,466.4
17-10-2007,465.2
18-10-2007,465.68
19-10-2007,478.08
22-10-2007,476.96
23-10-2007,472
24-10-2007,473.441
25-10-2007,474
26-10-2007,468.56
29-10-2007,466.16
30-10-2007,469.117
31-10-2007,463.92
01-11-2007,478.64
02-11-2007,476.16
05-11-2007,478.56
06-11-2007,473.76
07-11-2007,484.72
08-11-2007,486.48
09-11-2007,494.799
12-11-2007,500.4
13-11-2007,486.24
14-11-2007,487.92
15-11-2007,494.4
16-11-2007,491.2
19-11-2007,500.88
20-11-2007,498.4
21-11-2007,509.6
23-11-2007,500
26-11-2007,510.4
27-11-2007,503.12
28-11-2007,489.36
29-11-2007,488.399
30-11-2007,484.48
03-12-2007,487.521
04-12-2007,491.2
05-12-2007,483.28
06-12-2007,476.96
07-12-2007,478.8
10-12-2007,474.4
11-12-2007,484.8
12-12-2007,483.2
13-12-2007,482.241
14-12-2007,489.6
17-12-2007,497.12
18-12-2007,493.84
19-12-2007,494.72
20-12-2007,486
21-12-2007,479.04
24-12-2007,478.16
26-12-2007,475.76
27-12-2007,479.84
28-12-2007,482.4
31-12-2007,486.16
02-01-2008,492
03-01-2008,493.04
04-01-2008,504.56
07-01-2008,503.681
08-01-2008,512.56
09-01-2008,505.6
10-01-2008,502.8
11-01-2008,509.6
14-01-2008,504
15-01-2008,516.08
16-01-2008,519.679
17-01-2008,533.6
18-01-2008,538.8
22-01-2008,547.6
23-01-2008,533.44
24-01-2008,529.76
25-01-2008,532
28-01-2008,529.2
29-01-2008,526
30-01-2008,531.2
31-01-2008,522
01-02-2008,512.64
04-02-2008,518.4
05-02-2008,531.04
06-02-2008,537.92
07-02-2008,532.64
08-02-2008,536.08
11-02-2008,532
12-02-2008,529.44
13-02-2008,521.76
14-02-2008,526.4
15-02-2008,528.16
19-02-2008,527.2
20-02-2008,524.64
21-02-2008,530.4
22-02-2008,524.8
25-02-2008,518.4
26-02-2008,516.4
27-02-2008,516.879
28-02-2008,522
29-02-2008,532.8
03-03-2008,535.76
04-03-2008,535.2
05-03-2008,535.2
06-03-2008,544
07-03-2008,551.36
10-03-2008,559.04
11-03-2008,536.88
12-03-2008,542.88
13-03-2008,540.8
14-03-2008,553.04
17-03-2008,556.64
18-03-2008,533.12
19-03-2008,548
20-03-2008,536.8
24-03-2008,525.52
25-03-2008,524
26-03-2008,531.2
27-03-2008,533.2
28-03-2008,536
31-03-2008,535.6
01-04-2008,515.36
02-04-2008,516
03-04-2008,514.24
04-04-2008,514.56
07-04-2008,514.64
08-04-2008,516.48
09-04-2008,520.48
10-04-2008,519.04
11-04-2008,528.48
14-04-2008,531.104
15-04-2008,529.28
16-04-2008,515.36
17-04-2008,513.76
18-04-2008,508.24
21-04-2008,508.4
22-04-2008,510.48
23-04-2008,511.68
24-04-2008,509.44
25-04-2008,504.8
28-04-2008,505.52
29-04-2008,506.88
30-04-2008,508.8
01-05-2008,499.68
02-05-2008,498.64
05-05-2008,500.24
06-05-2008,496.48
07-05-2008,506.72
08-05-2008,505.92
09-05-2008,507.6
12-05-2008,501.52
13-05-2008,502
14-05-2008,500.32
15-05-2008,494.8
16-05-2008,495.28
19-05-2008,493.04
20-05-2008,497.2
21-05-2008,506
22-05-2008,507.2
23-05-2008,512.72
27-05-2008,508.56
28-05-2008,507.04
29-05-2008,504.112
30-05-2008,504.16
02-06-2008,509.041
03-06-2008,511.76
04-06-2008,512
05-06-2008,501.6
06-06-2008,518.32
09-06-2008,516.64
10-06-2008,518.64
11-06-2008,526.56
12-06-2008,525.92
13-06-2008,517.6
16-06-2008,517.76
17-06-2008,520.88
18-06-2008,526.4
19-06-2008,525
20-06-2008,534.08
23-06-2008,534.16
24-06-2008,534.08
25-06-2008,531.04
26-06-2008,546.72
27-06-2008,548.08
30-06-2008,548.24
01-07-2008,546.4
02-07-2008,554.96
03-07-2008,556.32
07-07-2008,561.6
08-07-2008,551.2
09-07-2008,562.56
10-07-2008,558.88
11-07-2008,566.32
14-07-2008,570.96
15-07-2008,577.28
16-07-2008,564
17-07-2008,559.68
18-07-2008,556.16
21-07-2008,555.92
22-07-2008,548.64
23-07-2008,546.16
24-07-2008,558.641
25-07-2008,558.8
28-07-2008,567.04
29-07-2008,553.84
30-07-2008,544.96
31-07-2008,552.48
01-08-2008,554.24
04-08-2008,560.08
05-08-2008,544.8
06-08-2008,543.04
07-08-2008,550.8
08-08-2008,539.52
11-08-2008,535.6
12-08-2008,540
13-08-2008,542.4
14-08-2008,537.12
15-08-2008,536.88
18-08-2008,545.6
19-08-2008,549.6
20-08-2008,547.6
21-08-2008,546.64
22-08-2008,541.6
25-08-2008,551.36
26-08-2008,548.96
27-08-2008,545.36
28-08-2008,537.52
29-08-2008,544
02-09-2008,546.72
03-09-2008,547.04
04-09-2008,564
05-09-2008,562.24
08-09-2008,550.08
09-09-2008,567.52
10-09-2008,564.96
11-09-2008,557.2
12-09-2008,552.96
15-09-2008,579.6
16-09-2008,570.8
17-09-2008,597.6
18-09-2008,577.6
19-09-2008,552.16
22-09-2008,569.6
23-09-2008,580.8
24-09-2008,576.64
25-09-2008,565.12
26-09-2008,565.2
29-09-2008,612
30-09-2008,584.8
01-10-2008,587.2
02-10-2008,602.4
03-10-2008,616
06-10-2008,641.6
07-10-2008,676.8
08-10-2008,687.92
09-10-2008,733.6
10-10-2008,736
13-10-2008,656.4
14-10-2008,663.2
15-10-2008,725.6
16-10-2008,696
17-10-2008,698.4
20-10-2008,664
21-10-2008,686.4
22-10-2008,728.8
23-10-2008,716
24-10-2008,747.2
27-10-2008,769.6
28-10-2008,684.8
29-10-2008,691.6
30-10-2008,673.52
31-10-2008,664.8
03-11-2008,665.2
04-11-2008,637.6
05-11-2008,672
06-11-2008,704
07-11-2008,684.64
10-11-2008,692.8
11-11-2008,708.8
12-11-2008,744.72
13-11-2008,690.4
14-11-2008,721.92
17-11-2008,740.8
18-11-2008,734.16
19-11-2008,776.56
20-11-2008,829.04
21-11-2008,776.64
24-11-2008,735.92
25-11-2008,722.4
26-11-2008,697.68
28-11-2008,690.08
01-12-2008,753.28
02-12-2008,721.6
03-12-2008,699.92
04-12-2008,721.84
05-12-2008,696.48
08-12-2008,671.68
09-12-2008,684.4
10-12-2008,677.52
11-12-2008,694.64
12-12-2008,690.48
15-12-2008,698.56
16-12-2008,663.808
17-12-2008,669.76
18-12-2008,683.76
19-12-2008,684.64
22-12-2008,693.68
23-12-2008,604.8
24-12-2008,601.52
26-12-2008,598.24
29-12-2008,600.88
30-12-2008,587.04
31-12-2008,576.16
02-01-2009,559.68
05-01-2009,560.64
06-01-2009,556.8
07-01-2009,573.328
08-01-2009,571.36
09-01-2009,583.68
12-01-2009,597.52
13-01-2009,596.464
14-01-2009,616.64
15-01-2009,612.4
16-01-2009,609.76
20-01-2009,642.32
21-01-2009,613.488
22-01-2009,622.24
23-01-2009,620.64
26-01-2009,616.48
27-01-2009,609.84
28-01-2009,590
29-01-2009,608.24
30-01-2009,621.2
02-02-2009,623.52
03-02-2009,614.24
04-02-2009,617.36
05-02-2009,608.16
06-02-2009,590.72
09-02-2009,589.36
10-02-2009,616.96
11-02-2009,612.72
12-02-2009,612.56
13-02-2009,618.56
17-02-2009,646
18-02-2009,646.72
19-02-2009,653.52
20-02-2009,660.64
23-02-2009,683.68
24-02-2009,657.36
25-02-2009,663.6
26-02-2009,673.68
27-02-2009,687.6
02-03-2009,720.08
03-03-2009,725.76
04-03-2009,707.76
05-03-2009,736
06-03-2009,736.8
09-03-2009,745.12
10-03-2009,699.52
11-03-2009,695.6
12-03-2009,667.52
13-03-2009,661.84
16-03-2009,663.2
17-03-2009,643.6
18-03-2009,629.84
19-03-2009,638
20-03-2009,651.2
23-03-2009,603.6
24-03-2009,615.2
25-03-2009,610.56
26-03-2009,596.8
27-03-2009,607.76
30-03-2009,629.44
31-03-2009,626
01-04-2009,611.52
02-04-2009,593.52
03-04-2009,587.04
06-04-2009,591.44
07-04-2009,605.52
08-04-2009,598.56
09-04-2009,575.2
13-04-2009,575.12
14-04-2009,585.12
15-04-2009,578.8
16-04-2009,569.92
17-04-2009,566.56
20-04-2009,589.2
21-04-2009,578.32
22-04-2009,582
23-04-2009,576.64
24-04-2009,567.6
27-04-2009,572.64
28-04-2009,573.92
29-04-2009,562.32
30-04-2009,561.92
01-05-2009,558.56
04-05-2009,539.2
05-05-2009,541.28
06-05-2009,532.064
07-05-2009,539.04
08-05-2009,526.24
11-05-2009,536.72
12-05-2009,537.52
13-05-2009,551.04
14-05-2009,548.24
15-05-2009,551.92
18-05-2009,535.36
19-05-2009,536.16
20-05-2009,540.16
21-05-2009,547.52
22-05-2009,548.4
26-05-2009,534.88
27-05-2009,544.64
28-05-2009,536.48
29-05-2009,526.56
01-06-2009,514.48
02-06-2009,513.68
03-06-2009,519.6
04-06-2009,515.28
05-06-2009,514.96
08-06-2009,517.44
09-06-2009,514.72
10-06-2009,516.56
11-06-2009,513.6
12-06-2009,511.84
15-06-2009,524.72
16-06-2009,531.28
17-06-2009,531.2
18-06-2009,527.76
19-06-2009,528.08
22-06-2009,542.24
23-06-2009,540.96
24-06-2009,536.16
25-06-2009,525.12
26-06-2009,526.48
29-06-2009,521.28
30-06-2009,525.68
01-07-2009,523.36
02-07-2009,537.68
06-07-2009,536.64
07-07-2009,547.68
08-07-2009,548.32
09-07-2009,547.04
10-07-2009,548.48
13-07-2009,535.2
14-07-2009,531.76
15-07-2009,516.16
16-07-2009,511.04
17-07-2009,510.96
20-07-2009,505.76
21-07-2009,503.36
22-07-2009,504.16
23-07-2009,492.56
24-07-2009,490.08
27-07-2009,488.64
28-07-2009,490.064
29-07-2009,492.08
30-07-2009,486.96
31-07-2009,486.32
03-08-2009,478.4
04-08-2009,476.88
05-08-2009,478.32
06-08-2009,480.88
07-08-2009,474.64
10-08-2009,475.6
11-08-2009,481.84
12-08-2009,476.4
13-08-2009,472.56
14-08-2009,476.16
17-08-2009,488.48
18-08-2009,483.672
19-08-2009,479.84
20-08-2009,474.64
21-08-2009,465.92
24-08-2009,465.44
25-08-2009,464.72
26-08-2009,464.56
27-08-2009,463.28
28-08-2009,464
31-08-2009,467.68
01-09-2009,478.64
02-09-2009,480
03-09-2009,476.32
04-09-2009,469.36
08-09-2009,465.12
09-09-2009,461.2
10-09-2009,456.48
11-09-2009,456.64
14-09-2009,454.32
15-09-2009,452.4
16-09-2009,445.44
17-09-2009,446.16
18-09-2009,445.84
21-09-2009,447.12
22-09-2009,444.4
23-09-2009,448
24-09-2009,453.28
25-09-2009,455.44
28-09-2009,447.68
29-09-2009,448.72
30-09-2009,450.16
01-10-2009,461.9055
02-10-2009,464
05-10-2009,457.04
06-10-2009,450.24
07-10-2009,448.8
08-10-2009,445.68
09-10-2009,442.88
12-10-2009,440.64
13-10-2009,441.6
14-10-2009,434
15-10-2009,432.88
16-10-2009,435.52
19-10-2009,431.92
20-10-2009,434.32
21-10-2009,438.48
22-10-2009,434.08
23-10-2009,438.72
26-10-2009,444
27-10-2009,445.76
28-10-2009,454.16
29-10-2009,444.72
30-10-2009,456.88
02-11-2009,453.84
03-11-2009,452.16
04-11-2009,451.6
05-11-2009,442.8
06-11-2009,441.52
09-11-2009,431.2
10-11-2009,431.28
11-11-2009,429.04
12-11-2009,433.68
13-11-2009,431.28
16-11-2009,424.8
17-11-2009,424.32
18-11-2009,424.48
19-11-2009,430.08
20-11-2009,431.52
23-11-2009,425.68
24-11-2009,425.6
25-11-2009,424.08
27-11-2009,430.96
30-11-2009,429.36
01-12-2009,424.24
02-12-2009,423.84
03-12-2009,427.44
04-12-2009,425.04
07-12-2009,425.92
08-12-2009,430.4
09-12-2009,428.72
10-12-2009,426.32
11-12-2009,424.24
14-12-2009,421.52
15-12-2009,423.6
16-12-2009,423.04
17-12-2009,427.92
18-12-2009,425.44
21-12-2009,421.04
22-12-2009,419.76
23-12-2009,418.64
24-12-2009,416.32
28-12-2009,415.68
29-12-2009,416.16
30-12-2009,416.56
31-12-2009,420.48
04-01-2010,413.6
05-01-2010,412.24
06-01-2010,412.32
07-01-2010,410.24
08-01-2010,408.96
11-01-2010,408.48
12-01-2010,412.24
13-01-2010,408.72
14-01-2010,407.6
15-01-2010,412.08
19-01-2010,407.04
20-01-2010,411.112
21-01-2010,419.048
22-01-2010,428.08
25-01-2010,426.16
26-01-2010,428
27-01-2010,425.92
28-01-2010,430.72
29-01-2010,435.44
01-02-2010,428.8
02-02-2010,423.44
03-02-2010,425.44
04-02-2010,438.48
05-02-2010,437.36
08-02-2010,440.96
09-02-2010,435.36
10-02-2010,436.08
11-02-2010,431.68
12-02-2010,432.08
16-02-2010,425.12
17-02-2010,423.12
18-02-2010,420.48
19-02-2010,419.44
22-02-2010,419.44
23-02-2010,424.56
24-02-2010,420.72
25-02-2010,421.28
26-02-2010,421.2
01-03-2010,416.64
02-03-2010,415.52
03-03-2010,415.04
04-03-2010,413.6
05-03-2010,407.52
08-03-2010,407.52
09-03-2010,406.8
10-03-2010,404.96
11-03-2010,403.52
12-03-2010,403.36
15-03-2010,403.28
16-03-2010,399.84
17-03-2010,397.44
18-03-2010,397.76
19-03-2010,399.92
22-03-2010,398
23-03-2010,394.64
24-03-2010,396.64
25-03-2010,397.36
26-03-2010,397.2
29-03-2010,395
30-03-2010,394.72
31-03-2010,396.08
01-04-2010,393.36
05-04-2010,390
06-04-2010,389.12
07-04-2010,391.36
08-04-2010,389.92
09-04-2010,387.36
12-04-2010,386.64
13-04-2010,386.48
14-04-2010,382.08
15-04-2010,381.68
16-04-2010,387.76
19-04-2010,386.48
20-04-2010,382.96
21-04-2010,383.52
22-04-2010,382.56
23-04-2010,379.92
26-04-2010,381.28
27-04-2010,390.32
28-04-2010,387.68
29-04-2010,382.64
30-04-2010,389.12
03-05-2010,383.76
04-05-2010,392.96
05-05-2010,395.36
06-05-2010,408.4935
07-05-2010,415.28
10-05-2010,396.16
11-05-2010,397.48
12-05-2010,391.92
13-05-2010,396.64
14-05-2010,403.92
17-05-2010,403.36
18-05-2010,408.96
19-05-2010,411.52
20-05-2010,427.28
21-05-2010,420.96
24-05-2010,426.08
25-05-2010,425.76
26-05-2010,428.48
27-05-2010,413.84
28-05-2010,418.8
01-06-2010,426.32
02-06-2010,415.2
03-06-2010,413.36
04-06-2010,428.24
07-06-2010,433.676
08-06-2010,429.2
09-06-2010,431.12
10-06-2010,418.32
11-06-2010,416.24
14-06-2010,416.88
15-06-2010,407.52
16-06-2010,407.44
17-06-2010,406.96
18-06-2010,406.48
21-06-2010,407.68
22-06-2010,414.24
23-06-2010,415.6
24-06-2010,422.48
25-06-2010,420.64
28-06-2010,422.16
29-06-2010,435.2
30-06-2010,440.08
01-07-2010,441.2
02-07-2010,443.52
06-07-2010,440.72
07-07-2010,426.88
08-07-2010,422.48
09-07-2010,419.6
12-07-2010,418.96
13-07-2010,412.8
14-07-2010,412.8
15-07-2010,412.4
16-07-2010,424.16
19-07-2010,421.6
20-07-2010,417.04
21-07-2010,422.08
22-07-2010,412.632
23-07-2010,409.12
26-07-2010,404.48
27-07-2010,404.72
28-07-2010,407.44
29-07-2010,409.36
30-07-2010,409.28
02-08-2010,399.92
03-08-2010,401.84
04-08-2010,399.2
05-08-2010,400
06-08-2010,401.28
09-08-2010,399.12
10-08-2010,401.36
11-08-2010,412.32
12-08-2010,415.04
13-08-2010,416.32
16-08-2010,416.4
17-08-2010,411.28
18-08-2010,410.48
19-08-2010,417.76
20-08-2010,419.12
23-08-2010,420.56
24-08-2010,426.64
25-08-2010,425.2
26-08-2010,428.08
27-08-2010,421.36
30-08-2010,427.28
31-08-2010,427.44
01-09-2010,414.64
02-09-2010,410.72
03-09-2010,405.2
07-09-2010,409.76
08-09-2010,407.12
09-09-2010,405.104
10-09-2010,402.96
13-09-2010,398.56
14-09-2010,398.728
15-09-2010,397.12
16-09-2010,397.36
17-09-2010,397.44
20-09-2010,390.88
21-09-2010,391.92
22-09-2010,393.76
23-09-2010,396.96
24-09-2010,388.8
27-09-2010,390.64
28-09-2010,388.72
29-09-2010,390
30-09-2010,391.2
01-10-2010,389.28
04-10-2010,392.24
05-10-2010,384.24
06-10-2010,384.32
07-10-2010,384.72
08-10-2010,382.64
11-10-2010,382.24
12-10-2010,380.8
13-10-2010,378.16
14-10-2010,379.44
15-10-2010,378.72
18-10-2010,377.12
19-10-2010,382.08
20-10-2010,378
21-10-2010,377.36
22-10-2010,376.4
25-10-2010,375.36
26-10-2010,375.2
27-10-2010,376.32
28-10-2010,376.08
29-10-2010,376.08
01-11-2010,375.76
02-11-2010,372.8
03-11-2010,371.28
04-11-2010,364.08
05-11-2010,362.56
08-11-2010,363.28
09-11-2010,366
10-11-2010,364.6
11-11-2010,365.84
12-11-2010,370.32
15-11-2010,370.8
16-11-2010,376.48
17-11-2010,376.32
18-11-2010,370.64
19-11-2010,369.84
22-11-2010,370.16
23-11-2010,375.52
24-11-2010,369.76
26-11-2010,373.76
29-11-2010,372.8
30-11-2010,375.112
01-12-2010,367.04
02-12-2010,362.16
03-12-2010,361.36
06-12-2010,361.84
07-12-2010,361.44
08-12-2010,360.16
09-12-2010,358.56
10-12-2010,356.48
13-12-2010,356.4
14-12-2010,356.08
15-12-2010,357.68
16-12-2010,355.68
17-12-2010,355.04
20-12-2010,354.4
21-12-2010,352.2095
22-12-2010,350.96
23-12-2010,351.36
27-12-2010,351.12
28-12-2010,350.8
29-12-2010,350.48
30-12-2010,350.88
31-12-2010,350.72
03-01-2011,347.36
04-01-2011,347.52
05-01-2011,345.68
06-01-2011,346.36
07-01-2011,346.96
10-01-2011,347.36
11-01-2011,346.16
12-01-2011,342.96
13-01-2011,343.44
14-01-2011,341.12
18-01-2011,340.4
19-01-2011,343.76
20-01-2011,344.24
21-01-2011,343.52
24-01-2011,341.535
25-01-2011,341.6
26-01-2011,340.04
27-01-2011,339.12
28-01-2011,345.24
31-01-2011,342.56
01-02-2011,336.88
02-02-2011,337.6
03-02-2011,336.8
04-02-2011,335.76
07-02-2011,333.76
08-02-2011,332.08
09-02-2011,333.04
10-02-2011,332.88
11-02-2011,330.8
14-02-2011,330
15-02-2011,331.12
16-02-2011,328.96
17-02-2011,327.92
18-02-2011,327.36
22-02-2011,333.84
23-02-2011,335.84
24-02-2011,336.16
25-02-2011,332.48
28-02-2011,330.4
01-03-2011,335.92
02-03-2011,335.28
03-03-2011,329.44
04-03-2011,331.84
07-03-2011,334.48
08-03-2011,331.54
09-03-2011,332
10-03-2011,338.16
11-03-2011,335.76
14-03-2011,337.76
15-03-2011,341.68
16-03-2011,348.08
17-03-2011,343.52
18-03-2011,342.08
21-03-2011,336.88
22-03-2011,337.92
23-03-2011,337.04
24-03-2011,333.76
25-03-2011,332.72
28-03-2011,333.52
29-03-2011,331.211
30-03-2011,328.88
31-03-2011,329.36
01-04-2011,328
04-04-2011,327.76
05-04-2011,327.76
06-04-2011,326.8
07-04-2011,327.52
08-04-2011,328.64
11-04-2011,329.68
12-04-2011,332.24
13-04-2011,332.24
14-04-2011,331.84
15-04-2011,330.8
18-04-2011,334.4
19-04-2011,332.56
20-04-2011,327.76
21-04-2011,326.24
25-04-2011,326.56
26-04-2011,323.6
27-04-2011,321.6
28-04-2011,320.4
29-04-2011,319.84
02-05-2011,320.32
03-05-2011,321.44
04-05-2011,323.6
05-05-2011,326.32
06-05-2011,325.04
09-05-2011,323.68
10-05-2011,320.8
11-05-2011,324.24
12-05-2011,322.72
13-05-2011,325.28
16-05-2011,327.2
17-05-2011,327.36
18-05-2011,324.32
19-05-2011,323.52
20-05-2011,326.16
23-05-2011,329.84
24-05-2011,330.24
25-05-2011,329.04
26-05-2011,327.68
27-05-2011,326.32
31-05-2011,322.88
01-06-2011,330.16
02-06-2011,330.48
03-06-2011,333.84
06-06-2011,337.2
07-06-2011,337.52
08-06-2011,338.88
09-06-2011,336.4
10-06-2011,341.04
13-06-2011,340.64
14-06-2011,336.4
15-06-2011,342.321
16-06-2011,341.76
17-06-2011,340.48
20-06-2011,338.88
21-06-2011,334
22-06-2011,336
23-06-2011,336.96
24-06-2011,340.88
27-06-2011,338
28-06-2011,333.6
29-06-2011,330.64
30-06-2011,327.28
01-07-2011,322.56
05-07-2011,322.88
06-07-2011,322.48
07-07-2011,318.952
08-07-2011,321.2
11-07-2011,327.12
12-07-2011,328.48
13-07-2011,327.36
14-07-2011,329.6
15-07-2011,327.68
18-07-2011,330.4
19-07-2011,324.96
20-07-2011,325.12
21-07-2011,320.48
22-07-2011,320.4
25-07-2011,322.16
26-07-2011,323.44
27-07-2011,330
28-07-2011,331.04
29-07-2011,333.28
01-08-2011,334.64
02-08-2011,343.2
03-08-2011,341.288
04-08-2011,357.28
05-08-2011,358.16
08-08-2011,381.36
09-08-2011,363.04
10-08-2011,379.76
11-08-2011,362.16
12-08-2011,359.84
15-08-2011,352.056
16-08-2011,355.2
17-08-2011,354.88
18-08-2011,369.84
19-08-2011,376
22-08-2011,375.92
23-08-2011,363.52
24-08-2011,358.392
25-08-2011,363.84
26-08-2011,358.4
29-08-2011,348.16
30-08-2011,347.12
31-08-2011,345.68
01-09-2011,349.36
02-09-2011,358.4
06-09-2011,360.72
07-09-2011,350.632
08-09-2011,354.32
09-09-2011,363.68
12-09-2011,361.04
13-09-2011,358
14-09-2011,352.88
15-09-2011,346.8
16-09-2011,344.8
19-09-2011,348.08
20-09-2011,348.48
21-09-2011,358.968
22-09-2011,370.24
23-09-2011,368.16
26-09-2011,359.36
27-09-2011,355.28
28-09-2011,362.72
29-09-2011,359.76
30-09-2011,368.8
03-10-2011,379.2
04-10-2011,371.2
05-10-2011,363.68
06-10-2011,356.96
07-10-2011,359.68
10-10-2011,347.68
11-10-2011,347.2
12-10-2011,344.24
13-10-2011,345.04
14-10-2011,339.04
17-10-2011,345.36
18-10-2011,338.48
19-10-2011,342.56
20-10-2011,341.28
21-10-2011,334.72
24-10-2011,330.32
25-10-2011,336.72
26-10-2011,333.44
27-10-2011,321.84
28-10-2011,321.52
31-10-2011,329.6
01-11-2011,338.48
02-11-2011,333.28
03-11-2011,327.2
04-11-2011,329.12
07-11-2011,326.96
08-11-2011,322.72
09-11-2011,334.788
10-11-2011,331.68
11-11-2011,325.12
14-11-2011,328.32
15-11-2011,326.64
16-11-2011,331.92
17-11-2011,337.12
18-11-2011,337.52
21-11-2011,344
22-11-2011,345.52
23-11-2011,352.8
25-11-2011,353.68
28-11-2011,343.28
29-11-2011,342.24
30-11-2011,327.92
01-12-2011,328.08
02-12-2011,328.24
05-12-2011,324.88
06-12-2011,324.56
07-12-2011,323.52
08-12-2011,330.32
09-12-2011,324.88
12-12-2011,329.76
13-12-2011,332.8
14-12-2011,336.4
15-12-2011,335.12
16-12-2011,334.56
19-12-2011,338.08
20-12-2011,328
21-12-2011,327.28
22-12-2011,324.08
23-12-2011,321.52
27-12-2011,321.28
28-12-2011,325.12
29-12-2011,321.92
30-12-2011,323.28
03-01-2012,318.24
04-01-2012,317.84
05-01-2012,316.88
06-01-2012,317.6
09-01-2012,317.2
10-01-2012,314.32
11-01-2012,313.92
12-01-2012,313.28
13-01-2012,314.48
17-01-2012,313.68
18-01-2012,310.32
19-01-2012,308.64
20-01-2012,308.56
23-01-2012,308.32
24-01-2012,308.64
25-01-2012,306
26-01-2012,307.52
27-01-2012,307.6
30-01-2012,308.8
31-01-2012,309.04
01-02-2012,306.08
02-02-2012,305.6
03-02-2012,301.424
06-02-2012,301.44
07-02-2012,300.8
08-02-2012,299.84
09-02-2012,299.52
10-02-2012,301.52
13-02-2012,299.52
14-02-2012,299.68
15-02-2012,301.2
16-02-2012,297.92
17-02-2012,297.12
21-02-2012,296.8
22-02-2012,298.16
23-02-2012,296.48
24-02-2012,296
27-02-2012,295.36
28-02-2012,294.4
29-02-2012,296.16
01-03-2012,294
02-03-2012,294.8
05-03-2012,296
06-03-2012,300.48
07-03-2012,298.32
08-03-2012,295.36
09-03-2012,294.16
12-03-2012,294.08
13-03-2012,288.88
14-03-2012,289.04
15-03-2012,287.44
16-03-2012,286.88
19-03-2012,285.84
20-03-2012,286.72
21-03-2012,287.12
22-03-2012,289.2
23-03-2012,288.24
26-03-2012,284.24
27-03-2012,285.04
28-03-2012,286.56
29-03-2012,286.96
30-03-2012,286.08
02-04-2012,283.76
03-04-2012,284.88
04-04-2012,287.6
05-04-2012,287.76
09-04-2012,291.04
10-04-2012,295.92
11-04-2012,293.76
12-04-2012,289.6
13-04-2012,293.12
16-04-2012,293.439
17-04-2012,288.96
18-04-2012,289.84
19-04-2012,291.6
20-04-2012,291.2
23-04-2012,293.76
24-04-2012,292.48
25-04-2012,288.48
26-04-2012,286.48
27-04-2012,286
30-04-2012,287.28
01-05-2012,285.36
02-05-2012,286.08
03-05-2012,288.24
04-05-2012,292.88
07-05-2012,292.8
08-05-2012,293.84
09-05-2012,295.52
10-05-2012,295.04
11-05-2012,295.92
14-05-2012,299.12
15-05-2012,300.64
16-05-2012,302.08
17-05-2012,306.56
18-05-2012,308.879
21-05-2012,303.84
22-05-2012,303.28
23-05-2012,303.2
24-05-2012,302.4
25-05-2012,303.52
29-05-2012,299.6
30-05-2012,303.92
31-05-2012,304.88
01-06-2012,312.4
04-06-2012,312.4
05-06-2012,310.4
06-06-2012,303.28
07-06-2012,303.2
08-06-2012,300.72
11-06-2012,304.24
12-06-2012,301.12
13-06-2012,302.72
14-06-2012,299.68
15-06-2012,296.56
18-06-2012,295.92
19-06-2012,292.96
20-06-2012,293.44
21-06-2012,299.84
22-06-2012,297.92
25-06-2012,302.32
26-06-2012,301.12
27-06-2012,298.16
28-06-2012,299.2
29-06-2012,291.68
02-07-2012,290.8
03-07-2012,288.841
05-07-2012,290
06-07-2012,292.72
09-07-2012,293.2
10-07-2012,295.84
11-07-2012,295.84
12-07-2012,297.2
13-07-2012,292.32
16-07-2012,292.8
17-07-2012,290.72
18-07-2012,288.8
19-07-2012,288
20-07-2012,290.48
23-07-2012,293.424
24-07-2012,296
25-07-2012,295.984
26-07-2012,291.04
27-07-2012,285.6
30-07-2012,285.6
31-07-2012,287.36
01-08-2012,287.84
02-08-2012,289.68
03-08-2012,284.32
06-08-2012,283.52
07-08-2012,282.16
08-08-2012,281.76
09-08-2012,281.6
10-08-2012,280.96
13-08-2012,281.04
14-08-2012,281.04
15-08-2012,280.8
16-08-2012,278.72
17-08-2012,278.32
20-08-2012,278.24
21-08-2012,279.12
22-08-2012,279.008
23-08-2012,281.2
24-08-2012,279.36
27-08-2012,279.44
28-08-2012,279.68
29-08-2012,279.52
30-08-2012,281.6
31-08-2012,280.48
04-09-2012,280.56
05-09-2012,280.64
06-09-2012,275.04
07-09-2012,273.68
10-09-2012,275.36
11-09-2012,274.64
12-09-2012,273.76
13-09-2012,269.44
14-09-2012,268.16
17-09-2012,269.12
18-09-2012,269.44
19-09-2012,269.12
20-09-2012,269.28
21-09-2012,269.36
24-09-2012,269.6
25-09-2012,272.24
26-09-2012,274.08
27-09-2012,271.44
28-09-2012,272.64
01-10-2012,272.08
02-10-2012,271.84
03-10-2012,270.56
04-10-2012,268.64
05-10-2012,268.56
08-10-2012,269.36
09-10-2012,272.08
10-10-2012,273.92
11-10-2012,273.76
12-10-2012,274.64
15-10-2012,272.48
16-10-2012,269.44
17-10-2012,268.321
18-10-2012,268.96
19-10-2012,273.52
22-10-2012,273.44
23-10-2012,277.36
24-10-2012,278
25-10-2012,277.12
26-10-2012,277.44
31-10-2012,277.68
01-11-2012,274.48
02-11-2012,276.8
05-11-2012,276.24
06-11-2012,274.08
07-11-2012,280.32
08-11-2012,283.6
09-11-2012,283.52
12-11-2012,283.2
13-11-2012,284
14-11-2012,287.84
15-11-2012,288.48
16-11-2012,287.2
19-11-2012,281.12
20-11-2012,280.88
21-11-2012,280.4
23-11-2012,276.8
26-11-2012,277.04
27-11-2012,278.72
28-11-2012,276.56
29-11-2012,275.04
30-11-2012,275.2
03-12-2012,276.32
04-12-2012,276.88
05-12-2012,276.24
06-12-2012,275.28
07-12-2012,274.568
10-12-2012,274.4
11-12-2012,272.56
12-12-2012,272.4
13-12-2012,274
14-12-2012,274.96
17-12-2012,271.6
18-12-2012,268.8
19-12-2012,270.64
20-12-2012,269.12
21-12-2012,271.36
24-12-2012,272.16
26-12-2012,273.76
27-12-2012,274
28-12-2012,276.96
31-12-2012,272.24
02-01-2013,265.44
03-01-2013,265.6
04-01-2013,264.4
07-01-2013,265.2
08-01-2013,265.92
09-01-2013,265.28
10-01-2013,263.36
11-01-2013,263.12
14-01-2013,263.44
15-01-2013,263.28
16-01-2013,263.36
17-01-2013,261.68
18-01-2013,260.88
22-01-2013,259.68
23-01-2013,259.2
24-01-2013,259.12
25-01-2013,257.64
28-01-2013,258
29-01-2013,256.72
30-01-2013,257.84
31-01-2013,258.48
01-02-2013,255.6
04-02-2013,258.56
05-02-2013,256
06-02-2013,255.92
07-02-2013,256.24
08-02-2013,254.88
11-02-2013,254.88
12-02-2013,254.48
13-02-2013,254.24
14-02-2013,253.84
15-02-2013,254.16
19-02-2013,252.32
20-02-2013,255.52
21-02-2013,257.04
22-02-2013,254.4
25-02-2013,259.2
26-02-2013,257.6
27-02-2013,254.32
28-02-2013,255.12
01-03-2013,253.92
04-03-2013,252.72
05-03-2013,250.24
06-03-2013,249.84
07-03-2013,249.36
08-03-2013,248.4
11-03-2013,247.52
12-03-2013,248.08
13-03-2013,247.6
14-03-2013,246.24
15-03-2013,246.56
18-03-2013,248
19-03-2013,248.56
20-03-2013,246.8
21-03-2013,248.88
22-03-2013,246.96
25-03-2013,247.84
26-03-2013,245.92
27-03-2013,245.92
28-03-2013,245.52
01-04-2013,246.24
02-04-2013,244.96
03-04-2013,247.44
04-04-2013,246.32
05-04-2013,247.36
08-04-2013,245.76
09-04-2013,244.96
10-04-2013,241.92
11-04-2013,240.88
12-04-2013,241.76
15-04-2013,247.04
16-04-2013,243.52
17-04-2013,247.36
18-04-2013,248.64
19-04-2013,246.72
22-04-2013,245.52
23-04-2013,242.88
24-04-2013,242.8
25-04-2013,241.84
26-04-2013,242.16
29-04-2013,240.56
30-04-2013,239.84
01-05-2013,242.08
02-05-2013,239.92
03-05-2013,237.6
06-05-2013,236.72
07-05-2013,235.6
08-05-2013,234.4
09-05-2013,235.2
10-05-2013,234.32
13-05-2013,234.16
14-05-2013,231.68
15-05-2013,230.56
16-05-2013,231.44
17-05-2013,229.36
20-05-2013,229.2
21-05-2013,229.04
22-05-2013,230.64
23-05-2013,231.432
24-05-2013,231.52
28-05-2013,230.08
29-05-2013,231.68
30-05-2013,230.64
31-05-2013,234.16
03-06-2013,232.8
04-06-2013,233.92
05-06-2013,237.2
06-06-2013,235.2
07-06-2013,232
10-06-2013,232
11-06-2013,234.4
12-06-2013,236.32
13-06-2013,232.8
14-06-2013,234.24
17-06-2013,232.32
18-06-2013,230.64
19-06-2013,233.68
20-06-2013,239.6
21-06-2013,238.8
24-06-2013,241.76
25-06-2013,239.36
26-06-2013,237.12
27-06-2013,235.68
28-06-2013,237.52
01-07-2013,235.2
02-07-2013,235.6
03-07-2013,235.28
05-07-2013,232.8
08-07-2013,231.52
09-07-2013,229.84
10-07-2013,229.76
11-07-2013,226.48
12-07-2013,226.56
15-07-2013,225.52
16-07-2013,226.48
17-07-2013,225.92
18-07-2013,224.56
19-07-2013,224.08
22-07-2013,223.76
23-07-2013,224.24
24-07-2013,224.96
25-07-2013,224.64
26-07-2013,224.32
29-07-2013,224.96
30-07-2013,224.88
31-07-2013,224.88
01-08-2013,222.16
02-08-2013,221.76
05-08-2013,222
06-08-2013,223.28
07-08-2013,224
08-08-2013,223.2
09-08-2013,224
12-08-2013,224.24
13-08-2013,223.36
14-08-2013,224.56
15-08-2013,227.84
16-08-2013,228.48
19-08-2013,229.92
20-08-2013,228.88
21-08-2013,230.32
22-08-2013,228.24
23-08-2013,227.44
26-08-2013,228.16
27-08-2013,231.84
28-08-2013,231.12
29-08-2013,230.8
30-08-2013,231.44
03-09-2013,230.48
04-09-2013,228.48
05-09-2013,228.24
06-09-2013,228.08
09-09-2013,225.76
10-09-2013,224.08
11-09-2013,223.36
12-09-2013,223.92
13-09-2013,223.44
16-09-2013,222.08
17-09-2013,221.2
18-09-2013,218.56
19-09-2013,218.88
20-09-2013,220.56
23-09-2013,221.52
24-09-2013,221.92
25-09-2013,222.56
26-09-2013,221.84
27-09-2013,222.72
30-09-2013,224.08
01-10-2013,222.24
02-10-2013,222.4
03-10-2013,224.56
04-10-2013,222.88
07-10-2013,224.64
08-10-2013,227.36
09-10-2013,227.12
10-10-2013,222.24
11-10-2013,220.72
14-10-2013,219.92
15-10-2013,221.44
16-10-2013,218.32
17-10-2013,217.04
18-10-2013,215.44
21-10-2013,215.44
22-10-2013,214.16
23-10-2013,215.12
24-10-2013,214.48
25-10-2013,213.44
28-10-2013,213.2
29-10-2013,211.999
30-10-2013,213.04
31-10-2013,213.72
01-11-2013,213.2
04-11-2013,212.4
05-11-2013,212.96
06-11-2013,212.08
07-11-2013,214.64
08-11-2013,211.84
11-11-2013,211.84
12-11-2013,212.08
13-11-2013,210.4
14-11-2013,209.36
15-11-2013,208.32
18-11-2013,209.04
19-11-2013,209.6
20-11-2013,210.24
21-11-2013,208.56
22-11-2013,207.6
25-11-2013,207.6
26-11-2013,207.68
27-11-2013,207.2
29-11-2013,207.28
02-12-2013,207.84
03-12-2013,208.64
04-12-2013,208.72
05-12-2013,209.6
06-12-2013,207.2
09-12-2013,206.64
10-12-2013,207.36
11-12-2013,209.76
12-12-2013,210.48
13-12-2013,210.48
16-12-2013,209.199
17-12-2013,209.92
18-12-2013,206.24
19-12-2013,206.4
20-12-2013,205.2
23-12-2013,204.16
24-12-2013,203.68
26-12-2013,202.72
27-12-2013,202.64
30-12-2013,202.64
31-12-2013,201.84
02-01-2014,203.6
03-01-2014,203.84
06-01-2014,204.32
07-01-2014,203.12
08-01-2014,202.96
09-01-2014,202.88
10-01-2014,202.48
13-01-2014,204.96
14-01-2014,202.72
15-01-2014,201.6
16-01-2014,201.92
17-01-2014,202.88
21-01-2014,202.24
22-01-2014,202
23-01-2014,203.6
24-01-2014,208.16
27-01-2014,209.12
28-01-2014,207.84
29-01-2014,209.92
30-01-2014,207.36
31-01-2014,208.8
03-02-2014,213.52
04-02-2014,212.08
05-02-2014,212.32
06-02-2014,209.6
07-02-2014,206.72
10-02-2014,206.4
11-02-2014,204.24
12-02-2014,203.92
13-02-2014,203.04
14-02-2014,201.84
18-02-2014,201.52
19-02-2014,202.88
20-02-2014,201.68
21-02-2014,201.92
24-02-2014,200.96
25-02-2014,200.96
26-02-2014,200.96
27-02-2014,199.84
28-02-2014,199.36
03-03-2014,200.72
04-03-2014,197.76
05-03-2014,197.76
06-03-2014,197.28
07-03-2014,197.12
10-03-2014,197.28
11-03-2014,198.16
12-03-2014,198.24
13-03-2014,200.32
14-03-2014,200.88
17-03-2014,199.04
18-03-2014,197.68
19-03-2014,198.64
20-03-2014,197.6
21-03-2014,198.24
24-03-2014,199.12
25-03-2014,198.24
26-03-2014,199.6
27-03-2014,200.08
28-03-2014,199.04
31-03-2014,197.36
01-04-2014,196
02-04-2014,195.36
03-04-2014,195.68
04-04-2014,198
07-04-2014,200.16
08-04-2014,199.28
09-04-2014,197.12
10-04-2014,201.28
11-04-2014,203.12
14-04-2014,201.52
15-04-2014,200.08
16-04-2014,198.08
17-04-2014,197.76
21-04-2014,197.12
22-04-2014,196.24
23-04-2014,196.56
24-04-2014,196.24
25-04-2014,197.76
28-04-2014,197.2
29-04-2014,196.24
30-04-2014,195.52
01-05-2014,195.6
02-05-2014,195.84
05-05-2014,195.52
06-05-2014,197.12
07-05-2014,196
08-05-2014,196.24
09-05-2014,195.92
12-05-2014,194
13-05-2014,193.92
14-05-2014,194.72
15-05-2014,196.48
16-05-2014,195.76
19-05-2014,195.12
20-05-2014,196.32
21-05-2014,194.72
22-05-2014,194.16
23-05-2014,193.44
27-05-2014,192.24
28-05-2014,192.32
29-05-2014,191.36
30-05-2014,190.96
02-06-2014,190.8
03-06-2014,190.8
04-06-2014,190.48
05-06-2014,189.2
06-06-2014,188.392
09-06-2014,188.16
10-06-2014,188.08
11-06-2014,188.8
12-06-2014,190.08
13-06-2014,189.52
16-06-2014,189.44
17-06-2014,188.88
18-06-2014,187.36
19-06-2014,187.12
20-06-2014,186.96
23-06-2014,186.96
24-06-2014,187.84
25-06-2014,186.96
26-06-2014,187.28
27-06-2014,186.88
30-06-2014,186.88
01-07-2014,185.68
02-07-2014,185.52
03-07-2014,184.56
07-07-2014,185.12
08-07-2014,186.4
09-07-2014,185.52
10-07-2014,186.4
11-07-2014,186.08
14-07-2014,185.04
15-07-2014,185.36
16-07-2014,184.72
17-07-2014,186.88
18-07-2014,184.96
21-07-2014,185.28
22-07-2014,184.32
23-07-2014,184.08
24-07-2014,183.92
25-07-2014,184.8
28-07-2014,184.88
29-07-2014,185.68
30-07-2014,185.52
31-07-2014,189.2
01-08-2014,189.84
04-08-2014,188.4
05-08-2014,190.24
06-08-2014,190.24
07-08-2014,191.2
08-08-2014,189.04
11-08-2014,188.48
12-08-2014,188.64
13-08-2014,187.36
14-08-2014,186.56
15-08-2014,186.48
18-08-2014,184.88
19-08-2014,183.92
20-08-2014,183.6
21-08-2014,183.04
22-08-2014,183.28
25-08-2014,182.4
26-08-2014,182.08
27-08-2014,182.16
28-08-2014,182.32
29-08-2014,181.768
02-09-2014,181.92
03-09-2014,181.92
04-09-2014,182.4
05-09-2014,181.36
08-09-2014,181.84
09-09-2014,183.04
10-09-2014,182.32
11-09-2014,182.16
12-09-2014,183.2
15-09-2014,183.28
16-09-2014,182
17-09-2014,181.68
18-09-2014,180.72
19-09-2014,180.88
22-09-2014,182.24
23-09-2014,183.28
24-09-2014,181.84
25-09-2014,184.72
26-09-2014,183.2
29-09-2014,183.6
30-09-2014,184.08
01-10-2014,186.56
02-10-2014,186.64
03-10-2014,184.56
06-10-2014,184.8
07-10-2014,187.6
08-10-2014,184.24
09-10-2014,188
10-10-2014,190.08
13-10-2014,193.2
14-10-2014,192.72
15-10-2014,194.32
16-10-2014,194.48
17-10-2014,191.92
20-10-2014,190.08
21-10-2014,186.4
22-10-2014,187.68
23-10-2014,185.6
24-10-2014,184.24
27-10-2014,184.16
28-10-2014,182.24
29-10-2014,182.56
30-10-2014,181.36
31-10-2014,179.28
03-11-2014,179.2
04-11-2014,179.68
05-11-2014,178.64
06-11-2014,177.92
07-11-2014,177.68
10-11-2014,177.2
11-11-2014,176.96
12-11-2014,177.04
13-11-2014,176.96
14-11-2014,176.96
17-11-2014,176.8
18-11-2014,175.68
19-11-2014,176
20-11-2014,175.68
21-11-2014,174.72
24-11-2014,174.32
25-11-2014,174.24
26-11-2014,173.92
28-11-2014,174.24
01-12-2014,175.48
02-12-2014,174.32
03-12-2014,173.6
04-12-2014,173.92
05-12-2014,173.52
08-12-2014,174.72
09-12-2014,174.88
10-12-2014,177.6
11-12-2014,176.72
12-12-2014,179.76
15-12-2014,180.8
16-12-2014,182.24
17-12-2014,178.64
18-12-2014,174.4
19-12-2014,173.28
22-12-2014,172.64
23-12-2014,172.4
24-12-2014,172.48
26-12-2014,171.84
29-12-2014,171.68
30-12-2014,172.48
31-12-2014,174.24
02-01-2015,174.48
05-01-2015,177.36
06-01-2015,179.28
07-01-2015,176.88
08-01-2015,173.84
09-01-2015,175.2
12-01-2015,176.56
13-01-2015,177.2
14-01-2015,178
15-01-2015,179.839
16-01-2015,177.44
20-01-2015,176.96
21-01-2015,176.08
22-01-2015,173.52
23-01-2015,174.56
26-01-2015,173.92
27-01-2015,176.4
28-01-2015,178.72
29-01-2015,176.96
30-01-2015,179.04
02-02-2015,177.04
03-02-2015,174.4
04-02-2015,175.12
05-02-2015,173.12
06-02-2015,173.68
09-02-2015,174.56
10-02-2015,172.56
11-02-2015,172.56
12-02-2015,170.96
13-02-2015,170.16
17-02-2015,169.92
18-02-2015,169.92
19-02-2015,169.92
20-02-2015,169.04
23-02-2015,168.96
24-02-2015,168.4
25-02-2015,168.72
26-02-2015,168.88
27-02-2015,169.44
02-03-2015,168.24
03-03-2015,168.96
04-03-2015,169.76
05-03-2015,169.6
06-03-2015,171.84
09-03-2015,171.28
10-03-2015,174
11-03-2015,174.4
12-03-2015,172.16
13-03-2015,173.04
16-03-2015,170.8
17-03-2015,171.28
18-03-2015,169.36
19-03-2015,170.16
20-03-2015,168.64
23-03-2015,168.88
24-03-2015,170
25-03-2015,172.32
26-03-2015,172.64
27-03-2015,172.32
30-03-2015,170.16
31-03-2015,171.68
01-04-2015,172.24
02-04-2015,171.84
06-04-2015,170.48
07-04-2015,170.96
08-04-2015,170.32
09-04-2015,169.68
10-04-2015,168.72
13-04-2015,169.48
14-04-2015,169.12
15-04-2015,168.32
16-04-2015,168.4
17-04-2015,170.4
20-04-2015,168.88
21-04-2015,169.04
22-04-2015,168.24
23-04-2015,167.84
24-04-2015,167.28
27-04-2015,168
28-04-2015,167.52
29-04-2015,168.24
30-04-2015,169.76
01-05-2015,168.16
04-05-2015,167.6
05-05-2015,169.36
06-05-2015,170.08
07-05-2015,169.52
08-05-2015,167.36
11-05-2015,168
12-05-2015,168.48
13-05-2015,168.4
14-05-2015,166.72
15-05-2015,166.56
18-05-2015,166
19-05-2015,166
20-05-2015,166.24
21-05-2015,165.76
22-05-2015,166.08
26-05-2015,167.76
27-05-2015,166.32
28-05-2015,166.4
29-05-2015,167.44
01-06-2015,167.12
02-06-2015,167.44
03-06-2015,166.88
04-06-2015,168.08
05-06-2015,168.56
08-06-2015,169.6
09-06-2015,169.52
10-06-2015,167.68
11-06-2015,166.96
12-06-2015,168.24
15-06-2015,169.12
16-06-2015,168.16
17-06-2015,167.84
18-06-2015,166.16
19-06-2015,167.12
22-06-2015,165.92
23-06-2015,165.84
24-06-2015,166.96
25-06-2015,167.44
26-06-2015,167.44
29-06-2015,171.04
30-06-2015,170.72
01-07-2015,169.36
02-07-2015,169.52
06-07-2015,170
07-07-2015,168.96
08-07-2015,171.76
09-07-2015,171.44
10-07-2015,169.2
13-07-2015,167.44
14-07-2015,166.56
15-07-2015,166.72
16-07-2015,165.44
17-07-2015,165.28
20-07-2015,165.04
21-07-2015,165.68
22-07-2015,166.08
23-07-2015,167.04
24-07-2015,168.72
27-07-2015,169.76
28-07-2015,167.6
29-07-2015,166.48
30-07-2015,166.4
31-07-2015,166.56
03-08-2015,167.2
04-08-2015,167.52
05-08-2015,166.88
06-08-2015,168.16
07-08-2015,168.641
10-08-2015,166.56
11-08-2015,168
12-08-2015,167.84
13-08-2015,168.04
14-08-2015,167.36
17-08-2015,166.56
18-08-2015,167.04
19-08-2015,168.24
20-08-2015,171.84
21-08-2015,177.28
24-08-2015,184.4
25-08-2015,186.48
26-08-2015,179.52
27-08-2015,174.96
28-08-2015,174.88
31-08-2015,176.4
01-09-2015,181.92
02-09-2015,178.32
03-09-2015,178.16
04-09-2015,180.96
08-09-2015,176.16
09-09-2015,178.72
10-09-2015,177.52
11-09-2015,176.8
14-09-2015,177.6
15-09-2015,175.12
16-09-2015,173.68
17-09-2015,174.08
18-09-2015,177.04
21-09-2015,176.08
22-09-2015,178.32
23-09-2015,178.64
24-09-2015,179.2
25-09-2015,179.2
28-09-2015,183.68
29-09-2015,183.6
30-09-2015,180.08
01-10-2015,179.84
02-10-2015,177.1135
05-10-2015,173.92
06-10-2015,174.48
07-10-2015,172.88
08-10-2015,171.36
09-10-2015,171.2
12-10-2015,170.96
13-10-2015,172.16
14-10-2015,173.04
15-10-2015,170.4
16-10-2015,169.76
19-10-2015,169.44
20-10-2015,169.68
21-10-2015,170.88
22-10-2015,167.84
23-10-2015,165.92
26-10-2015,166.4
27-10-2015,166.8
28-10-2015,164.96
29-10-2015,164.8
30-10-2015,165.6
02-11-2015,163.76
03-11-2015,163.28
04-11-2015,163.68
05-11-2015,163.84
06-11-2015,163.84
09-11-2015,165.36
10-11-2015,165.12
11-11-2015,165.68
12-11-2015,167.92
13-11-2015,169.76
16-11-2015,167.36
17-11-2015,167.6
18-11-2015,164.64
19-11-2015,164.88
20-11-2015,164.16
23-11-2015,164.4
24-11-2015,164.32
25-11-2015,164.24
27-11-2015,164.08
30-11-2015,164.72
01-12-2015,163.04
02-12-2015,164.8
03-12-2015,167.04
04-12-2015,163.84
07-12-2015,164.72
08-12-2015,166
09-12-2015,167.2
10-12-2015,166.8
11-12-2015,170
14-12-2015,169.12
15-12-2015,167.28
16-12-2015,165.04
17-12-2015,167.44
18-12-2015,170.4
21-12-2015,169.04
22-12-2015,167.6
23-12-2015,165.52
24-12-2015,165.92
28-12-2015,166.08
29-12-2015,164.32
30-12-2015,165.36
31-12-2015,166.96
04-01-2016,169.52
05-01-2016,169.04
06-01-2016,171.44
07-01-2016,175.36
08-01-2016,177.28
11-01-2016,177.28
12-01-2016,175.52
13-01-2016,180.24
14-01-2016,177.12
15-01-2016,180.8
19-01-2016,180.72
20-01-2016,182.96
21-01-2016,182.08
22-01-2016,178.32
25-01-2016,181.04
26-01-2016,178.32
27-01-2016,180.24
28-01-2016,179.44
29-01-2016,175.2
01-02-2016,175.28
02-02-2016,178.4
03-02-2016,177.12
04-02-2016,177.04
05-02-2016,180.32
08-02-2016,182.96
09-02-2016,182.8
10-02-2016,182.8
11-02-2016,185.04
12-02-2016,181.44
16-02-2016,178.48
17-02-2016,175.36
18-02-2016,176.16
19-02-2016,176.4
22-02-2016,173.52
23-02-2016,175.92
24-02-2016,175.04
25-02-2016,172.8
26-02-2016,173.2
29-02-2016,174.8
01-03-2016,170.48
02-03-2016,169.76
03-03-2016,169.12
04-03-2016,168.72
07-03-2016,168.48
08-03-2016,170.4
09-03-2016,169.44
10-03-2016,169.28
11-03-2016,166.56
14-03-2016,166.72
15-03-2016,167.04
16-03-2016,166.08
17-03-2016,165.04
18-03-2016,164.4
21-03-2016,164.16
22-03-2016,164.24
23-03-2016,165.2
24-03-2016,165.28
28-03-2016,165.12
29-03-2016,163.76
30-03-2016,163.04
31-03-2016,163.28
01-04-2016,162.4
04-04-2016,162.96
05-04-2016,164.32
06-04-2016,162.64
07-04-2016,164.56
08-04-2016,164.08
11-04-2016,164.48
12-04-2016,163.04
13-04-2016,161.36
14-04-2016,161.36
15-04-2016,161.52
18-04-2016,160.32
19-04-2016,159.92
20-04-2016,159.84
21-04-2016,160.48
22-04-2016,160.4
25-04-2016,160.88
26-04-2016,160.48
27-04-2016,160.16
28-04-2016,161.76
29-04-2016,162.48
02-05-2016,161.2
03-05-2016,162.68
04-05-2016,163.52
05-05-2016,163.6
06-05-2016,163.04
09-05-2016,162.96
10-05-2016,160.96
11-05-2016,162.4
12-05-2016,162.48
13-05-2016,163.84
16-05-2016,162.16
17-05-2016,163.68
18-05-2016,163.44
19-05-2016,164.08
20-05-2016,162.96
23-05-2016,163.44
24-05-2016,161.12
25-05-2016,160.08
26-05-2016,160.16
27-05-2016,159.44
31-05-2016,159.44
01-06-2016,159.28
02-06-2016,158.88
03-06-2016,159.28
06-06-2016,158.48
07-06-2016,158.24
08-06-2016,157.68
09-06-2016,158.16
10-06-2016,159.36
13-06-2016,160.48
14-06-2016,161.04
15-06-2016,161.12
16-06-2016,160.64
17-06-2016,161.12
20-06-2016,160.16
21-06-2016,159.76
22-06-2016,160.24
23-06-2016,158
24-06-2016,163.76
27-06-2016,166.6
28-06-2016,163.52
29-06-2016,160.72
30-06-2016,158.62
01-07-2016,158.28
05-07-2016,159.4
06-07-2016,158.44
07-07-2016,158.44
08-07-2016,156.08
11-07-2016,155.56
12-07-2016,154.6
13-07-2016,154.52
14-07-2016,153.76
15-07-2016,153.76
18-07-2016,153.44
19-07-2016,153.6
20-07-2016,152.84
21-07-2016,153.48
22-07-2016,152.84
25-07-2016,153.2
26-07-2016,153.16
27-07-2016,153.32
28-07-2016,153.08
29-07-2016,152.8
01-08-2016,153.12
02-08-2016,153.96
03-08-2016,153.44
04-08-2016,153.4
05-08-2016,152.12
08-08-2016,152.24
09-08-2016,152.2
10-08-2016,152.52
11-08-2016,151.72
12-08-2016,151.88
15-08-2016,151.44
16-08-2016,152.16
17-08-2016,152.04
18-08-2016,151.52
19-08-2016,151.76
22-08-2016,151.84
23-08-2016,151.56
24-08-2016,152.28
25-08-2016,152.48
26-08-2016,152.68
29-08-2016,151.92
30-08-2016,152.2
31-08-2016,152.72
01-09-2016,152.72
02-09-2016,151.84
06-09-2016,151.44
07-09-2016,151.4
08-09-2016,151.76
09-09-2016,155.44
12-09-2016,153.28
13-09-2016,155.32
14-09-2016,155.44
15-09-2016,153.84
16-09-2016,154.56
19-09-2016,154.52
20-09-2016,154.48
21-09-2016,152.84
22-09-2016,151.72
23-09-2016,152.56
26-09-2016,153.88
27-09-2016,153
28-09-2016,152.04
29-09-2016,153.44
30-09-2016,152.28
03-10-2016,152.84
04-10-2016,153.48
05-10-2016,152.8
06-10-2016,152.64
07-10-2016,153.16
10-10-2016,152.4
11-10-2016,154.28
12-10-2016,154.12
13-10-2016,154.64
14-10-2016,154.52
17-10-2016,155
18-10-2016,154.12
19-10-2016,153.72
20-10-2016,154
21-10-2016,153.96
24-10-2016,153.32
25-10-2016,153.72
26-10-2016,154.08
27-10-2016,154.52
28-10-2016,154.96
31-10-2016,154.92
01-11-2016,156.12
02-11-2016,156.96
03-11-2016,157.6
04-11-2016,157.92
07-11-2016,154.44
08-11-2016,153.6
09-11-2016,152.04
10-11-2016,151.76
11-11-2016,151.96
14-11-2016,151.88
15-11-2016,150.64
16-11-2016,150.92
17-11-2016,150.2
18-11-2016,150.6
21-11-2016,149.48
22-11-2016,149.2
23-11-2016,149
25-11-2016,148.48
28-11-2016,149.12
29-11-2016,148.92
30-11-2016,149.24
01-12-2016,149.8
02-12-2016,149.72
05-12-2016,148.84
06-12-2016,148.4
07-12-2016,146.48
08-12-2016,146.12
09-12-2016,145.12
12-12-2016,145.36
13-12-2016,144.4
14-12-2016,145.52
15-12-2016,144.96
16-12-2016,145.16
19-12-2016,144.96
20-12-2016,144.4
21-12-2016,144.72
22-12-2016,144.96
23-12-2016,144.8
27-12-2016,144.44
28-12-2016,145.68
29-12-2016,145.68
30-12-2016,146.16
03-01-2017,145.16
04-01-2017,144.32
05-01-2017,144.4
06-01-2017,143.76
09-01-2017,144.24
10-01-2017,144.28
11-01-2017,143.92
12-01-2017,144.28
13-01-2017,144
17-01-2017,144.44
18-01-2017,144.12
19-01-2017,144.6
20-01-2017,144.16
23-01-2017,144.52
24-01-2017,143.64
25-01-2017,142.36
26-01-2017,142.48
27-01-2017,142.72
30-01-2017,143.56
31-01-2017,143.56
01-02-2017,143.64
02-02-2017,143.52
03-02-2017,142.48
06-02-2017,142.76
07-02-2017,142.76
08-02-2017,142.52
09-02-2017,141.68
10-02-2017,141.2
13-02-2017,140.48
14-02-2017,139.8
15-02-2017,139.16
16-02-2017,139.24
17-02-2017,139.04
21-02-2017,138.16
22-02-2017,138.28
23-02-2017,138.24
24-02-2017,138
27-02-2017,137.76
28-02-2017,138.2
01-03-2017,136.24
02-03-2017,137.08
03-03-2017,137.04
06-03-2017,137.36
07-03-2017,137.8
08-03-2017,138.16
09-03-2017,138
10-03-2017,137.48
13-03-2017,137.36
14-03-2017,137.88
15-03-2017,136.72
16-03-2017,137
17-03-2017,137.24
20-03-2017,137.4085
21-03-2017,139.08
22-03-2017,138.88
23-03-2017,138.96
24-03-2017,139
27-03-2017,139.24
28-03-2017,138.24
29-03-2017,138.08
30-03-2017,137.64
31-03-2017,137.96
03-04-2017,138.16
04-04-2017,138.12
05-04-2017,138.52
06-04-2017,138.24
07-04-2017,138.32
10-04-2017,138.28
11-04-2017,138.36
12-04-2017,139
13-04-2017,139.92
17-04-2017,138.68
18-04-2017,139.08
19-04-2017,139.32
20-04-2017,138.32
21-04-2017,138.68
24-04-2017,137.24
25-04-2017,136.36
26-04-2017,136.4
27-04-2017,136.36
28-04-2017,136.68
01-05-2017,136.32
02-05-2017,136.24
03-05-2017,136.44
04-05-2017,136.28
05-05-2017,135.76
08-05-2017,135.72
09-05-2017,135.92
10-05-2017,135.68
11-05-2017,135.96
12-05-2017,136.16
15-05-2017,135.48
16-05-2017,135.56
17-05-2017,137.96
18-05-2017,137.48
19-05-2017,136.56
22-05-2017,135.84
23-05-2017,135.6
24-05-2017,135.24
25-05-2017,134.6
26-05-2017,134.64
30-05-2017,134.68
31-05-2017,134.8
01-06-2017,133.76
02-06-2017,133.28
05-06-2017,133.36
06-06-2017,133.76
07-06-2017,133.56
08-06-2017,133.48
09-06-2017,133.68
12-06-2017,133.72
13-06-2017,133.12
14-06-2017,133.28
15-06-2017,133.56
16-06-2017,133.52
19-06-2017,132.4
20-06-2017,133.28
21-06-2017,133.4
22-06-2017,133.44
23-06-2017,133.28
26-06-2017,133.24
27-06-2017,134.2
28-06-2017,133.12
29-06-2017,134.24
30-06-2017,134
03-07-2017,133.72
05-07-2017,133.52
06-07-2017,134.68
07-07-2017,133.84
10-07-2017,133.72
11-07-2017,133.8
12-07-2017,132.8
13-07-2017,132.56
14-07-2017,132
17-07-2017,132
18-07-2017,131.96
19-07-2017,131.2
20-07-2017,131.24
21-07-2017,131.28
24-07-2017,131.32
25-07-2017,131
26-07-2017,131
27-07-2017,131.16
28-07-2017,131.36
31-07-2017,131.44
01-08-2017,131.16
02-08-2017,131.04
03-08-2017,131.28
04-08-2017,131.12
07-08-2017,130.92
08-08-2017,131.2
09-08-2017,131.2
10-08-2017,133
11-08-2017,132.92
14-08-2017,131.56
15-08-2017,131.56
16-08-2017,131.4
17-08-2017,133.4
18-08-2017,133.64
21-08-2017,133.56
22-08-2017,132.2
23-08-2017,132.72
24-08-2017,132.92
25-08-2017,132.72
28-08-2017,132.68
29-08-2017,132.56
30-08-2017,131.84
31-08-2017,131.16
01-09-2017,130.84
05-09-2017,131.88
06-09-2017,131.4
07-09-2017,131.44
08-09-2017,131.6
11-09-2017,130.24
12-09-2017,129.8
13-09-2017,129.68
14-09-2017,129.76
15-09-2017,129.56
18-09-2017,129.4
19-09-2017,129.2
20-09-2017,129.2
21-09-2017,129.52
22-09-2017,129.48
25-09-2017,129.72
26-09-2017,129.68
27-09-2017,129.24
28-09-2017,129.08
29-09-2017,128.68
02-10-2017,128.04
03-10-2017,127.84
04-10-2017,127.68
05-10-2017,126.88
06-10-2017,127.04
09-10-2017,127.24
10-10-2017,126.96
11-10-2017,126.72
12-10-2017,126.96
13-10-2017,126.8
16-10-2017,126.6
17-10-2017,126.56
18-10-2017,126.48
19-10-2017,126.44
20-10-2017,125.76
23-10-2017,126.24
24-10-2017,126.08
25-10-2017,126.64
26-10-2017,126.52
27-10-2017,125.48
30-10-2017,125.96
31-10-2017,125.76
01-11-2017,125.64
02-11-2017,125.56
03-11-2017,125.2
06-11-2017,125
07-11-2017,125.08
08-11-2017,124.88
09-11-2017,125.32
10-11-2017,125.4
13-11-2017,125.28
14-11-2017,125.52
15-11-2017,126.2
16-11-2017,125.12
17-11-2017,125.48
20-11-2017,125.32
21-11-2017,124.44
22-11-2017,124.56
24-11-2017,124.36
27-11-2017,124.36
28-11-2017,123.16
29-11-2017,123.2
30-11-2017,122.2
01-12-2017,122.4
04-12-2017,122.6
05-12-2017,123
06-12-2017,123
07-12-2017,122.6
08-12-2017,121.96
11-12-2017,121.56
12-12-2017,121.36
13-12-2017,121.4
14-12-2017,121.92
15-12-2017,120.88
18-12-2017,120.16
19-12-2017,120.6
20-12-2017,120.68
21-12-2017,120.48
22-12-2017,120.52
26-12-2017,120.6
27-12-2017,120.52
28-12-2017,120.28
29-12-2017,120.72
02-01-2018,119.88
03-01-2018,119.12
04-01-2018,118.64
05-01-2018,117.8
08-01-2018,117.64
09-01-2018,117.44
10-01-2018,117.6
11-01-2018,116.76
12-01-2018,116.04
16-01-2018,116.4
17-01-2018,115.36
18-01-2018,115.52
19-01-2018,115.04
22-01-2018,114.12
23-01-2018,113.88
24-01-2018,113.96
25-01-2018,113.84
26-01-2018,112.56
29-01-2018,113.28
30-01-2018,114.6
31-01-2018,114.44
01-02-2018,114.56
02-02-2018,117.08
05-02-2018,121.88
06-02-2018,119.6
07-02-2018,120.32
08-02-2018,124.64
09-02-2018,122.88
12-02-2018,121.16
13-02-2018,120.84
14-02-2018,119.16
15-02-2018,117.76
16-02-2018,117.64
20-02-2018,118.4
21-02-2018,119.04
22-02-2018,118.88
23-02-2018,117
26-02-2018,115.68
27-02-2018,117.12
28-02-2018,118.4
01-03-2018,120.04
02-03-2018,119.4
05-03-2018,118.12
06-03-2018,117.76
07-03-2018,117.84
08-03-2018,117.28
09-03-2018,115.32
12-03-2018,115.4
13-03-2018,116.16
14-03-2018,116.76
15-03-2018,116.88
16-03-2018,116.76
19-03-2018,118.4
20-03-2018,118.16
21-03-2018,118.2
22-03-2018,121.24
23-03-2018,123.76
26-03-2018,120.4
27-03-2018,122.56
28-03-2018,122.92
29-03-2018,121.2
02-04-2018,123.96
03-04-2018,122.4
04-04-2018,120.96
05-04-2018,120.12
06-04-2018,122.88
09-04-2018,122.28
10-04-2018,120.32
11-04-2018,121
12-04-2018,120
13-04-2018,120.4
16-04-2018,119.36
17-04-2018,118.08
18-04-2018,118
19-04-2018,118.72
20-04-2018,119.72
23-04-2018,119.76
24-04-2018,121.32
25-04-2018,121.12
26-04-2018,119.92
27-04-2018,119.8
30-04-2018,120.8
01-05-2018,120.48
02-05-2018,121.28
03-05-2018,121.56
04-05-2018,120.04
07-05-2018,119.68
08-05-2018,119.68
09-05-2018,118.48
10-05-2018,117.44
11-05-2018,117.16
14-05-2018,117.04
15-05-2018,117.84
16-05-2018,117.4
17-05-2018,117.48
18-05-2018,117.76
21-05-2018,116.96
22-05-2018,117.28
23-05-2018,116.92
24-05-2018,117.2
25-05-2018,117.52
29-05-2018,118.88
30-05-2018,117.28
31-05-2018,118.16
01-06-2018,116.88
04-06-2018,116.32
05-06-2018,116.24
06-06-2018,115.28
07-06-2018,115.36
08-06-2018,115.04
11-06-2018,114.88
12-06-2018,114.72
13-06-2018,115.12
14-06-2018,114.88
15-06-2018,114.92
18-06-2018,115.28
19-06-2018,115.68
20-06-2018,115.2
21-06-2018,116
22-06-2018,115.72
25-06-2018,117.28
26-06-2018,117.08
27-06-2018,118.12
28-06-2018,117.36
29-06-2018,117.32
02-07-2018,116.96
03-07-2018,117.52
05-07-2018,116.56
06-07-2018,115.56
09-07-2018,114.56
10-07-2018,114.08
11-07-2018,114.92
12-07-2018,114
13-07-2018,113.84
16-07-2018,113.96
17-07-2018,113.52
18-07-2018,113.32
19-07-2018,113.76
20-07-2018,113.84
23-07-2018,113.64
24-07-2018,113.16
25-07-2018,112.12
26-07-2018,112.48
27-07-2018,113.2
30-07-2018,113.88
31-07-2018,113.32
01-08-2018,113.44
02-08-2018,112.88
03-08-2018,112.44
06-08-2018,112
07-08-2018,111.68
08-08-2018,111.72
09-08-2018,111.88
10-08-2018,112.72
13-08-2018,113.12
14-08-2018,112.4
15-08-2018,113.28
16-08-2018,112.36
17-08-2018,112
20-08-2018,111.72
21-08-2018,111.44
22-08-2018,111.56
23-08-2018,111.76
24-08-2018,111.04
27-08-2018,110.28
28-08-2018,110.2
29-08-2018,109.6
30-08-2018,110
31-08-2018,110
04-09-2018,110.24
05-09-2018,110.52
06-09-2018,110.88
07-09-2018,111.16
10-09-2018,110.96
11-09-2018,110.52
12-09-2018,110.6
13-09-2018,109.96
14-09-2018,109.92
17-09-2018,110.52
18-09-2018,110
19-09-2018,109.84
20-09-2018,108.96
21-09-2018,109.12
24-09-2018,109.44
25-09-2018,109.64
26-09-2018,109.48
27-09-2018,109.24
28-09-2018,109.28
01-10-2018,108.88
02-10-2018,108.92
03-10-2018,108.8
04-10-2018,109.72
05-10-2018,110.32
08-10-2018,110.36
09-10-2018,110.56
10-10-2018,114.08
11-10-2018,116.56
12-10-2018,114.96
15-10-2018,115.6
16-10-2018,113.2
17-10-2018,113.16
18-10-2018,114.76
19-10-2018,114.92
22-10-2018,115.4
23-10-2018,116
24-10-2018,119.56
25-10-2018,117.4
26-10-2018,119.64
29-10-2018,120.24
30-10-2018,118.44
31-10-2018,117.08
01-11-2018,115.92
02-11-2018,116.64
05-11-2018,116
06-11-2018,115.28
07-11-2018,112.88
08-11-2018,113.12
09-11-2018,114.16
12-11-2018,116.4
13-11-2018,116.52
14-11-2018,117.44
15-11-2018,116.2
16-11-2018,115.88
19-11-2018,117.84
20-11-2018,120.08
21-11-2018,119.72
23-11-2018,120.48
26-11-2018,118.6
27-11-2018,118.2
28-11-2018,115.52
29-11-2018,115.8
30-11-2018,115
03-12-2018,113.6
04-12-2018,117.2
06-12-2018,117.44
07-12-2018,120.24
10-12-2018,120
11-12-2018,120
12-12-2018,119.4
13-12-2018,119.52
14-12-2018,121.8
17-12-2018,124.2
18-12-2018,124.24
19-12-2018,126.16
20-12-2018,128.32
21-12-2018,130.88
24-12-2018,134.36
26-12-2018,127.44
27-12-2018,126.28
28-12-2018,126.56
31-12-2018,125.32
02-01-2019,125.32
03-01-2019,128.48
04-01-2019,124.04
07-01-2019,123.2
08-01-2019,122.04
09-01-2019,121.48
10-01-2019,120.96
11-01-2019,121
14-01-2019,121.76
15-01-2019,120.4
16-01-2019,120.08
17-01-2019,119.16
18-01-2019,117.64
22-01-2019,119.24
23-01-2019,119.08
24-01-2019,118.92
25-01-2019,118
28-01-2019,118.96
29-01-2019,119.12
30-01-2019,117.2
31-01-2019,116.28
01-02-2019,116.2
04-02-2019,115.28
05-02-2019,114.88
06-02-2019,115.04
07-02-2019,116.2
08-02-2019,116.08
11-02-2019,115.96
12-02-2019,114.48
13-02-2019,114.24
14-02-2019,114.48
15-02-2019,113.24
19-02-2019,113.04
20-02-2019,112.84
21-02-2019,113.24
22-02-2019,112.64
25-02-2019,112.4
26-02-2019,112.56
27-02-2019,112.6
28-02-2019,112.88
01-03-2019,112.12
04-03-2019,112.56
05-03-2019,112.68
06-03-2019,113.48
07-03-2019,114.44
08-03-2019,114.64
11-03-2019,112.96
12-03-2019,112.64
13-03-2019,111.84
14-03-2019,111.92
15-03-2019,111.44
18-03-2019,111.04
19-03-2019,111
20-03-2019,111.04
21-03-2019,109.8
22-03-2019,111.92
25-03-2019,112
26-03-2019,111.24
27-03-2019,111.76
28-03-2019,111.32
29-03-2019,110.6
01-04-2019,109.4
02-04-2019,109.32
03-04-2019,109.12
04-04-2019,108.92
05-04-2019,108.44
08-04-2019,108.32
09-04-2019,108.92
10-04-2019,108.56
11-04-2019,108.64
12-04-2019,107.88
15-04-2019,107.96
16-04-2019,107.96
17-04-2019,108.24
18-04-2019,108.08
22-04-2019,107.96
23-04-2019,107.04
24-04-2019,107.28
25-04-2019,107.32
26-04-2019,106.88
29-04-2019,106.76
30-04-2019,106.72
01-05-2019,107.48
02-05-2019,107.72
03-05-2019,106.68
06-05-2019,107.16
07-05-2019,108.88
08-05-2019,109.08
09-05-2019,109.44
10-05-2019,109
13-05-2019,111.72
14-05-2019,110.72
15-05-2019,110.12
16-05-2019,109.16
17-05-2019,109.84
20-05-2019,110.6
21-05-2019,109.68
22-05-2019,109.96
23-05-2019,111.32
24-05-2019,111.12
28-05-2019,112.12
29-05-2019,112.92
30-05-2019,112.64
31-05-2019,114.16
03-06-2019,114.48
04-06-2019,112.04
05-06-2019,111.08
06-06-2019,110.4
07-06-2019,109.28
10-06-2019,108.84
11-06-2019,108.8
12-06-2019,109.04
13-06-2019,108.6
14-06-2019,108.8
17-06-2019,108.72
18-06-2019,107.64
19-06-2019,107.36
20-06-2019,106.4
21-06-2019,106.56
24-06-2019,106.68
25-06-2019,107.2
26-06-2019,107.32
27-06-2019,107
28-06-2019,106.44
01-07-2019,105.52
02-07-2019,105.24
03-07-2019,104.48
05-07-2019,104.6
08-07-2019,105.12
09-07-2019,105.04
10-07-2019,104.56
11-07-2019,104.36
12-07-2019,103.88
15-07-2019,103.84
16-07-2019,104.2
17-07-2019,104.92
18-07-2019,104.56
19-07-2019,105.16
22-07-2019,104.96
23-07-2019,104.24
24-07-2019,103.76
25-07-2019,104.24
26-07-2019,103.56
29-07-2019,103.76
30-07-2019,103.96
31-07-2019,105.16
01-08-2019,106.12
02-08-2019,106.84
05-08-2019,110.04
06-08-2019,108.68
07-08-2019,108.52
08-08-2019,106.52
09-08-2019,107.28
12-08-2019,108.56
13-08-2019,106.92
14-08-2019,110
15-08-2019,109.72
16-08-2019,108.2
19-08-2019,106.88
20-08-2019,107.72
21-08-2019,106.88
22-08-2019,106.88
23-08-2019,109.72
26-08-2019,108.44
27-08-2019,108.92
28-08-2019,108.16
29-08-2019,106.76
30-08-2019,106.8
03-09-2019,107.44
04-09-2019,106.28
05-09-2019,104.92
06-09-2019,104.8
09-09-2019,104.8
10-09-2019,104.8
11-09-2019,104.08
12-09-2019,103.8
13-09-2019,103.84
16-09-2019,104.2
17-09-2019,103.92
18-09-2019,103.88
19-09-2019,103.88
20-09-2019,104.44
23-09-2019,104.4
24-09-2019,105.28
25-09-2019,104.2
26-09-2019,104.48
27-09-2019,105.04
30-09-2019,104.52
01-10-2019,105.84
02-10-2019,107.72
03-10-2019,106.88
04-10-2019,105.4
07-10-2019,105.88
08-10-2019,107.52
09-10-2019,106.52
10-10-2019,105.8
11-10-2019,104.72
14-10-2019,104.84
15-10-2019,103.8
16-10-2019,103.96
17-10-2019,103.72
18-10-2019,104.2
21-10-2019,103.44
22-10-2019,103.8
23-10-2019,103.56
24-10-2019,103.36
25-10-2019,103
28-10-2019,102.36
29-10-2019,102.44
30-10-2019,102.12
31-10-2019,102.48
01-11-2019,101.52
04-11-2019,101.12
05-11-2019,101.24
06-11-2019,101.16
07-11-2019,100.84
08-11-2019,100.68
11-11-2019,100.84
12-11-2019,100.64
13-11-2019,100.64
14-11-2019,100.48
15-11-2019,99.76
18-11-2019,99.72
19-11-2019,99.72
20-11-2019,100.12
21-11-2019,100.24
22-11-2019,100.04
25-11-2019,99.32
26-11-2019,99.08
27-11-2019,98.68
29-11-2019,99
02-12-2019,99.92
03-12-2019,100.56
04-12-2019,99.96
05-12-2019,99.8
06-12-2019,98.92
09-12-2019,99.2
10-12-2019,99.32
11-12-2019,99
12-12-2019,98.16
13-12-2019,98.16
16-12-2019,97.44
17-12-2019,97.44
18-12-2019,97.48
19-12-2019,97.08
20-12-2019,96.6
23-12-2019,96.48
24-12-2019,96.2
26-12-2019,95.68
27-12-2019,95.72
30-12-2019,96.28
31-12-2019,96.04
02-01-2020,95.12
03-01-2020,95.84
06-01-2020,95.52
07-01-2020,95.76
08-01-2020,95.28
09-01-2020,94.68
10-01-2020,94.92
13-01-2020,94.32
14-01-2020,94.44
15-01-2020,94.28
16-01-2020,93.48
17-01-2020,93.2
21-01-2020,93.4
22-01-2020,93.36
23-01-2020,93.28
24-01-2020,94.16
27-01-2020,95.6
28-01-2020,94.64
29-01-2020,94.76
30-01-2020,94.4
31-01-2020,96.2
03-02-2020,95.44
04-02-2020,93.96
05-02-2020,92.92
06-02-2020,92.6
07-02-2020,93.12
10-02-2020,92.4
11-02-2020,92.24
12-02-2020,91.72
13-02-2020,91.8
14-02-2020,91.64
18-02-2020,91.92
19-02-2020,91.48
20-02-2020,91.84
21-02-2020,92.76
24-02-2020,95.96
25-02-2020,98.8
26-02-2020,99.2
27-02-2020,103.64
28-02-2020,104.44
02-03-2020,99.6
03-03-2020,102.52
04-03-2020,98.2
05-03-2020,101.48
06-03-2020,103.16
09-03-2020,111.2
10-03-2020,105.64
11-03-2020,110.72
12-03-2020,121.36
13-03-2020,110.16
16-03-2020,122.84
17-03-2020,114.4
18-03-2020,121.12
19-03-2020,121.44
20-03-2020,126.92
23-03-2020,130.2
24-03-2020,118.16
25-03-2020,116.44
26-03-2020,109.6
27-03-2020,112.88
30-03-2020,109.12
31-03-2020,110.64
01-04-2020,115.72
02-04-2020,113
03-04-2020,114.68
06-04-2020,106.8
07-04-2020,106.72
08-04-2020,103.04
09-04-2020,101.64
13-04-2020,102.48
14-04-2020,99.4
15-04-2020,101.52
16-04-2020,101.08
17-04-2020,98.28
20-04-2020,100.04
21-04-2020,103.08
22-04-2020,100.76
23-04-2020,100.84
24-04-2020,99.4
27-04-2020,97.92
28-04-2020,98.4
29-04-2020,95.8
30-04-2020,96.8
01-05-2020,99.32
04-05-2020,98.92
05-05-2020,98.12
06-05-2020,98.76
07-05-2020,97.52
08-05-2020,95.88
11-05-2020,95.88
12-05-2020,97.8
13-05-2020,99.48
14-05-2020,98.28
15-05-2020,97.92
18-05-2020,94.88
19-05-2020,95.88
20-05-2020,94.2
21-05-2020,94.92
22-05-2020,94.68
26-05-2020,93.4
27-05-2020,92.16
28-05-2020,92.24
29-05-2020,91.92
01-06-2020,91.44
02-06-2020,90.72
03-06-2020,89.48
04-06-2020,89.72
05-06-2020,87.48
08-06-2020,86.32
09-06-2020,86.96
10-06-2020,87.44
11-06-2020,92.52
12-06-2020,91.4
15-06-2020,90.6
16-06-2020,88.76
17-06-2020,89.2
18-06-2020,89.12
19-06-2020,89.68
22-06-2020,89.08
23-06-2020,88.68
24-06-2020,90.88
25-06-2020,89.92
26-06-2020,92.08
29-06-2020,90.72
30-06-2020,89.44
01-07-2020,88.88
02-07-2020,88.44
06-07-2020,87.08
07-07-2020,87.92
08-07-2020,87.24
09-07-2020,87.76
10-07-2020,86.84
13-07-2020,87.6
14-07-2020,86.44
15-07-2020,85.64
16-07-2020,85.96
17-07-2020,85.68
20-07-2020,85
21-07-2020,84.84
22-07-2020,84.32
23-07-2020,85.32
24-07-2020,85.92
27-07-2020,85.28
28-07-2020,85.76
29-07-2020,84.76
30-07-2020,85
31-07-2020,84.44
03-08-2020,83.72
04-08-2020,83.44
05-08-2020,82.88
06-08-2020,82.36
07-08-2020,82.32
10-08-2020,82.08
11-08-2020,82.72
12-08-2020,81.6
13-08-2020,81.72
14-08-2020,81.68
17-08-2020,81.44
18-08-2020,81.28
19-08-2020,81.6
20-08-2020,81.32
21-08-2020,81.04
24-08-2020,80.24
25-08-2020,79.96
26-08-2020,79.12
27-08-2020,79
28-08-2020,78.44
31-08-2020,78.72
01-09-2020,78
02-09-2020,76.84
03-09-2020,79.48
04-09-2020,80.12
08-09-2020,82.28
09-09-2020,80.68
10-09-2020,82.12
11-09-2020,82.04
14-09-2020,80.96
15-09-2020,80.52
16-09-2020,80.88
17-09-2020,81.56
18-09-2020,82.48
21-09-2020,83.4
22-09-2020,82.56
23-09-2020,84.48
24-09-2020,84.2
25-09-2020,82.92
28-09-2020,81.56
29-09-2020,82
30-09-2020,81.28
01-10-2020,80.84
02-10-2020,81.52
05-10-2020,80.16
06-10-2020,81.24
07-10-2020,79.84
08-10-2020,79.16
09-10-2020,78.36
12-10-2020,77.16
13-10-2020,77.64
14-10-2020,78.12
15-10-2020,78.2
16-10-2020,78.32
19-10-2020,79.44
20-10-2020,79.12
21-10-2020,79.28
22-10-2020,78.84
23-10-2020,78.6
26-10-2020,80.04
27-10-2020,80.28
28-10-2020,83.04
29-10-2020,82.2
30-10-2020,83
02-11-2020,82.08
03-11-2020,80.64
04-11-2020,78.88
05-11-2020,77.28
06-11-2020,77.32
09-11-2020,76.32
10-11-2020,76.4
11-11-2020,75.92
12-11-2020,76.64
13-11-2020,75.6
16-11-2020,74.6
17-11-2020,75
18-11-2020,75.92
19-11-2020,75.56
20-11-2020,76.12
23-11-2020,75.64
24-11-2020,74.4
25-11-2020,74.52
27-11-2020,74.36
30-11-2020,74.68
01-12-2020,73.8
02-12-2020,73.72
03-12-2020,73.68
04-12-2020,73.04
07-12-2020,73.24
08-12-2020,72.96
09-12-2020,73.6
10-12-2020,73.64
11-12-2020,73.72
14-12-2020,74.04
15-12-2020,73.04
16-12-2020,72.92
17-12-2020,72.56
18-12-2020,72.88
21-12-2020,73.04
22-12-2020,73.2
23-12-2020,73.12
24-12-2020,72.84
28-12-2020,72.2
29-12-2020,72.4
30-12-2020,72.24
31-12-2020,71.88
04-01-2021,72.84
05-01-2021,72.4
06-01-2021,71.88
07-01-2021,70.84
08-01-2021,70.44
11-01-2021,70.96
12-01-2021,70.88
13-01-2021,70.68
14-01-2021,70.96
15-01-2021,71.52
19-01-2021,70.88
20-01-2021,69.96
21-01-2021,69.84
22-01-2021,70.08
25-01-2021,69.8
26-01-2021,69.92
27-01-2021,71.6
28-01-2021,71.04
29-01-2021,72.4
01-02-2021,71.28
02-02-2021,70.28
03-02-2021,70.2
04-02-2021,69.4
05-02-2021,69.08
08-02-2021,68.64
09-02-2021,68.68
10-02-2021,68.64
11-02-2021,68.52
12-02-2021,68.2
16-02-2021,68.24
17-02-2021,68.24
18-02-2021,68.52
19-02-2021,68.64
22-02-2021,69.2
23-02-2021,69.12
24-02-2021,68.32
25-02-2021,69.96
26-02-2021,70.32
01-03-2021,68.68
02-03-2021,69.16
03-03-2021,70.08
04-03-2021,70.92
05-03-2021,69.6
08-03-2021,69.92
09-03-2021,68.96
10-03-2021,68.6
11-03-2021,67.88
12-03-2021,67.72
15-03-2021,67.32
16-03-2021,67.4
17-03-2021,67.24
18-03-2021,68.16
19-03-2021,68.32
22-03-2021,67.72
23-03-2021,68.28
24-03-2021,68.6
25-03-2021,68.2
26-03-2021,67.16
29-03-2021,67.16
30-03-2021,67.36
31-03-2021,67.04
01-04-2021,66.36
05-04-2021,65.4
06-04-2021,65.4
07-04-2021,65.36
08-04-2021,65.08
09-04-2021,64.56
12-04-2021,64.52
13-04-2021,64.32
14-04-2021,64.52
15-04-2021,63.88
16-04-2021,63.68
19-04-2021,63.92
20-04-2021,64.44
21-04-2021,63.84
22-04-2021,64.4
23-04-2021,63.72
26-04-2021,63.52
27-04-2021,63.6
28-04-2021,63.64
29-04-2021,63.2
30-04-2021,63.64
03-05-2021,63.44
04-05-2021,63.88
05-05-2021,63.84
06-05-2021,63.32
07-05-2021,62.84
10-05-2021,63.48
11-05-2021,64
12-05-2021,65.44
13-05-2021,64.64
14-05-2021,63.56
17-05-2021,63.76
18-05-2021,64.36
19-05-2021,64.48
20-05-2021,63.8
21-05-2021,63.88
24-05-2021,63.2
25-05-2021,63.32
26-05-2021,63.24
27-05-2021,63.2
28-05-2021,63.08
01-06-2021,63.12
02-06-2021,62.96
03-06-2021,63.2
04-06-2021,62.64
07-06-2021,62.68
08-06-2021,62.72
09-06-2021,62.8
10-06-2021,62.48
11-06-2021,62.4
14-06-2021,62.24
15-06-2021,62.36
16-06-2021,62.72
17-06-2021,62.68
18-06-2021,63.52
21-06-2021,62.64
22-06-2021,62.32
23-06-2021,62.36
24-06-2021,62
25-06-2021,61.76
28-06-2021,61.64
29-06-2021,61.6
30-06-2021,61.56
01-07-2021,61.24
02-07-2021,60.72
06-07-2021,60.92
07-07-2021,60.68
08-07-2021,61.12
09-07-2021,60.48
12-07-2021,60.24
13-07-2021,60.48
14-07-2021,60.4
15-07-2021,60.6
16-07-2021,61.08
19-07-2021,62
20-07-2021,61.04
21-07-2021,60.6
22-07-2021,60.48
23-07-2021,59.84
26-07-2021,59.68
27-07-2021,59.92
28-07-2021,60
29-07-2021,59.72
30-07-2021,60
02-08-2021,60.16
03-08-2021,59.64
04-08-2021,59.92
05-08-2021,59.52
06-08-2021,59.44
09-08-2021,59.52
10-08-2021,59.44
11-08-2021,59.28
12-08-2021,59.12
13-08-2021,59
16-08-2021,58.8
17-08-2021,59.24
18-08-2021,59.88
19-08-2021,59.76
20-08-2021,59.32
23-08-2021,58.76
24-08-2021,58.72
25-08-2021,58.52
26-08-2021,58.92
27-08-2021,58.4
30-08-2021,58.16
31-08-2021,58.16
01-09-2021,58.2
02-09-2021,58
03-09-2021,58.04
07-09-2021,58.2
08-09-2021,58.28
09-09-2021,58.56
10-09-2021,59
13-09-2021,58.84
14-09-2021,59.12
15-09-2021,58.64
16-09-2021,58.76
17-09-2021,59.28
20-09-2021,60.32
21-09-2021,60.36
22-09-2021,59.8
23-09-2021,59
24-09-2021,58.92
27-09-2021,59.12
28-09-2021,60.28
29-09-2021,60.2
30-09-2021,60.92
01-10-2021,60.24
04-10-2021,60.96
05-10-2021,60.36
06-10-2021,60.08
07-10-2021,59.6
08-10-2021,59.64
11-10-2021,60.08
12-10-2021,60.2
13-10-2021,60.04
14-10-2021,59.04
15-10-2021,58.56
18-10-2021,58.36
19-10-2021,57.96
20-10-2021,57.72
21-10-2021,57.56
22-10-2021,57.64
25-10-2021,57.28
26-10-2021,57.24
27-10-2021,57.52
28-10-2021,56.92
29-10-2021,56.8
01-11-2021,56.72
02-11-2021,56.52
03-11-2021,56.16
04-11-2021,55.92
05-11-2021,55.72
08-11-2021,55.64
09-11-2021,55.8
10-11-2021,56.28
11-11-2021,56.24
12-11-2021,55.84
15-11-2021,55.76
16-11-2021,55.6
17-11-2021,55.72
18-11-2021,55.56
19-11-2021,55.64
22-11-2021,55.8
23-11-2021,55.72
24-11-2021,55.56
26-11-2021,56.76
29-11-2021,56.08
30-11-2021,57.12
01-12-2021,57.84
02-12-2021,56.88
03-12-2021,57.44
06-12-2021,56.76
07-12-2021,55.6
08-12-2021,55.4
09-12-2021,55.8
10-12-2021,55.24
13-12-2021,55.72
14-12-2021,56.12
15-12-2021,55.24
16-12-2021,55.72
17-12-2021,56.32
20-12-2021,56.88
21-12-2021,55.88
22-12-2021,55.32
23-12-2021,54.96
27-12-2021,54.2
28-12-2021,54.24
29-12-2021,54.2
30-12-2021,54.36
31-12-2021,54.48
03-01-2022,54.16
04-01-2022,54.16
05-01-2022,55.24
06-01-2022,55.28
07-01-2022,55.48
10-01-2022,55.48
11-01-2022,55
12-01-2022,54.88
13-01-2022,55.64
14-01-2022,55.6
18-01-2022,56.56
19-01-2022,57.2
20-01-2022,57.84
21-01-2022,58.92
24-01-2022,58.72
25-01-2022,59.44
26-01-2022,59.52
27-01-2022,59.84
28-01-2022,58.36
31-01-2022,57.28
01-02-2022,56.96
02-02-2022,56.4
03-02-2022,57.72
04-02-2022,57.4
07-02-2022,57.56
08-02-2022,57.12
09-02-2022,56.28
10-02-2022,57.36
11-02-2022,58.44
14-02-2022,58.6
15-02-2022,57.64
16-02-2022,57.56
17-02-2022,58.84
18-02-2022,59.16
22-02-2022,59.84
23-02-2022,60.88
24-02-2022,60
25-02-2022,58.68
28-02-2022,58.76
01-03-2022,59.68
02-03-2022,58.56
03-03-2022,58.84
04-03-2022,59.32
07-03-2022,61.08
08-03-2022,61.52
09-03-2022,59.96
10-03-2022,60.16
11-03-2022,60.92
14-03-2022,61.4
15-03-2022,60.04
16-03-2022,58.68
17-03-2022,57.96
18-03-2022,57.36
21-03-2022,57.32
22-03-2022,56.64
23-03-2022,57.4
24-03-2022,56.52
25-03-2022,56.28
28-03-2022,55.88
29-03-2022,55.2
30-03-2022,55.48
31-03-2022,56.36
01-04-2022,56.2
04-04-2022,55.68
05-04-2022,56.44
06-04-2022,56.96
07-04-2022,56.68
08-04-2022,56.84
11-04-2022,57.84
12-04-2022,58
13-04-2022,57.36
14-04-2022,58.08
18-04-2022,58.08
19-04-2022,57.12
20-04-2022,57.16
21-04-2022,58
22-04-2022,59.64
25-04-2022,59.24
26-04-2022,60.96
27-04-2022,60.84
28-04-2022,59.24
29-04-2022,61.48
02-05-2022,61.12
03-05-2022,60.84
04-05-2022,59
05-05-2022,61.08
06-05-2022,61.4
09-05-2022,63.36
10-05-2022,63.24
11-05-2022,64.28
12-05-2022,64.32
13-05-2022,62.84
16-05-2022,63.04
17-05-2022,61.8
18-05-2022,64.24
19-05-2022,64.64
20-05-2022,64.6
23-05-2022,63.44
24-05-2022,63.88
25-05-2022,63.32
26-05-2022,62.04
27-05-2022,60.52
31-05-2022,60.84
01-06-2022,61.36
02-06-2022,60.2
03-06-2022,61.2
06-06-2022,61.04
07-06-2022,60.44
08-06-2022,61.12
09-06-2022,62.56
10-06-2022,64.36
13-06-2022,66.84
14-06-2022,67.04
15-06-2022,66.04
16-06-2022,68.2
17-06-2022,68.08
21-06-2022,66.44
22-06-2022,66.56
23-06-2022,65.88
24-06-2022,63.76
27-06-2022,64
28-06-2022,65.36
29-06-2022,65.4
30-06-2022,66
01-07-2022,65.32
05-07-2022,65.16
06-07-2022,64.92
07-07-2022,63.96
08-07-2022,64.04
11-07-2022,64.72
12-07-2022,65.36
13-07-2022,65.64
14-07-2022,65.88
15-07-2022,64.6
18-07-2022,65.12
19-07-2022,63.4
20-07-2022,62.92
21-07-2022,62.32
22-07-2022,62.92
25-07-2022,62.88
26-07-2022,63.6
27-07-2022,61.92
28-07-2022,61.2
29-07-2022,60.32
01-08-2022,60.48
02-08-2022,60.88
03-08-2022,59.96
04-08-2022,60
05-08-2022,60.12
08-08-2022,60.2
09-08-2022,60.4
10-08-2022,59.16
11-08-2022,59.2
12-08-2022,58.16
15-08-2022,57.96
16-08-2022,57.84
17-08-2022,58.24
18-08-2022,58.12
19-08-2022,58.88
22-08-2022,60.12
23-08-2022,60.32
24-08-2022,60.12
25-08-2022,59.28
26-08-2022,61.24
29-08-2022,61.68
30-08-2022,62.4
31-08-2022,62.88
01-09-2022,62.68
02-09-2022,63.36
06-09-2022,63.56
07-09-2022,62.44
08-09-2022,62.08
09-09-2022,61.08
12-09-2022,60.44
13-09-2022,63.08
14-09-2022,62.84
15-09-2022,63.56
16-09-2022,64.08
19-09-2022,63.6
20-09-2022,64.32
21-09-2022,65.44
22-09-2022,66
23-09-2022,67.16
26-09-2022,67.8
27-09-2022,68
28-09-2022,66.64
29-09-2022,68.04
30-09-2022,69.12
03-10-2022,67.36
04-10-2022,65.24
05-10-2022,65.4
06-10-2022,66.12
07-10-2022,67.96
10-10-2022,68.52
11-10-2022,68.96
12-10-2022,69.2
13-10-2022,67.4
14-10-2022,68.92
17-10-2022,67.16
18-10-2022,66.36
19-10-2022,66.84
20-10-2022,67.4
21-10-2022,65.76
24-10-2022,65
25-10-2022,63.96
26-10-2022,64.44
27-10-2022,64.8
28-10-2022,63.32
31-10-2022,63.8
01-11-2022,64.04
02-11-2022,65.64
03-11-2022,66.4
04-11-2022,65.48
07-11-2022,64.8
08-11-2022,64.48
09-11-2022,65.88
10-11-2022,62.24
11-11-2022,61.68
14-11-2022,62.2
15-11-2022,61.64
16-11-2022,62.16
17-11-2022,62.36
18-11-2022,62.08
21-11-2022,62.32
22-11-2022,61.48
23-11-2022,61.16
25-11-2022,61.2
28-11-2022,62.16
29-11-2022,62.32
30-11-2022,60.4
01-12-2022,60.4
02-12-2022,60.52
05-12-2022,61.64
06-12-2022,62.52
07-12-2022,62.64
08-12-2022,62.2
09-12-2022,62.68
12-12-2022,61.8
13-12-2022,61.32
14-12-2022,61.68
15-12-2022,63.28
16-12-2022,64.04
19-12-2022,64.6
20-12-2022,64.48
21-12-2022,63.56
22-12-2022,64.32
23-12-2022,63.96
27-12-2022,64.2
28-12-2022,65
29-12-2022,63.92
30-12-2022,64.12
03-01-2023,64.32
04-01-2023,63.88
05-01-2023,64.64
06-01-2023,63.16
09-01-2023,63.2
10-01-2023,62.76
11-01-2023,62
12-01-2023,61.84
13-01-2023,61.64
17-01-2023,61.76
18-01-2023,62.68
19-01-2023,63.2
20-01-2023,62.08
23-01-2023,61.36
24-01-2023,61.4
25-01-2023,61.4
26-01-2023,60.76
27-01-2023,60.64
30-01-2023,61.4
31-01-2023,60.52
01-02-2023,59.92
02-02-2023,59.08
03-02-2023,59.68
06-02-2023,60.04
07-02-2023,59.28
08-02-2023,59.92
09-02-2023,60.52
10-02-2023,60.44
13-02-2023,59.72
14-02-2023,59.76
15-02-2023,59.56
16-02-2023,60.44
17-02-2023,60.64
21-02-2023,61.8
22-02-2023,61.88
23-02-2023,61.6
24-02-2023,62.28
27-02-2023,62.16
28-02-2023,62.36
01-03-2023,62.6
02-03-2023,62.2
03-03-2023,61.2
06-03-2023,61.12
07-03-2023,62.08
08-03-2023,62
09-03-2023,63.2
10-03-2023,64.12
13-03-2023,64.32
14-03-2023,63.2
15-03-2023,63.64
16-03-2023,62.56
17-03-2023,63.32
20-03-2023,62.72
21-03-2023,61.92
22-03-2023,62.44
23-03-2023,62.36
24-03-2023,62
27-03-2023,61.88
28-03-2023,62
29-03-2023,61.16
30-03-2023,60.84
31-03-2023,60
03-04-2023,59.72
04-04-2023,60.12
05-04-2023,60.32
06-04-2023,60.12
10-04-2023,60.04
11-04-2023,60.04
12-04-2023,60.32
13-04-2023,59.52
14-04-2023,59.68
17-04-2023,59.52
18-04-2023,59.44
19-04-2023,59.44
20-04-2023,59.88
21-04-2023,59.8
24-04-2023,59.76
25-04-2023,60.72
26-04-2023,60.96
27-04-2023,59.84
28-04-2023,59.32
01-05-2023,59.36
02-05-2023,60.12
03-05-2023,60.52
04-05-2023,61
05-05-2023,59.88
08-05-2023,59.88
09-05-2023,60.12
10-05-2023,59.88
11-05-2023,60
12-05-2023,60.12
15-05-2023,59.92
16-05-2023,60.32
17-05-2023,59.6
18-05-2023,59.08
19-05-2023,59.16
22-05-2023,59.16
23-05-2023,59.84
24-05-2023,60.28
25-05-2023,59.8
26-05-2023,59.08
30-05-2023,59.08
31-05-2023,59.44
01-06-2023,58.88
02-06-2023,58.08
05-06-2023,58.16
06-06-2023,58.04
07-06-2023,58.28
08-06-2023,57.96
09-06-2023,57.88
12-06-2023,57.36
13-06-2023,57
14-06-2023,57
15-06-2023,56.32
16-06-2023,56.52
20-06-2023,56.84
21-06-2023,56.44
22-06-2023,56.24
23-06-2023,56.68
26-06-2023,56.96
27-06-2023,56.36
28-06-2023,56.36
29-06-2023,56.12
30-06-2023,55.52
03-07-2023,55.48
05-07-2023,55.56
06-07-2023,56
07-07-2023,56.2
10-07-2023,56.04
11-07-2023,55.72
12-07-2023,55.32
13-07-2023,54.88
14-07-2023,54.96
17-07-2023,54.8
18-07-2023,54.4
19-07-2023,54.28
20-07-2023,54.64
21-07-2023,54.68
24-07-2023,54.48
25-07-2023,54.32
26-07-2023,54.32
27-07-2023,54.68
28-07-2023,54.2
31-07-2023,54.12
01-08-2023,54.24
02-08-2023,55
03-08-2023,55.2
04-08-2023,55.52
07-08-2023,55.04
08-08-2023,55.28
09-08-2023,55.72
10-08-2023,55.68
11-08-2023,55.76
14-08-2023,55.48
15-08-2023,56.08
16-08-2023,56.56
17-08-2023,57
18-08-2023,57.04
21-08-2023,56.68
22-08-2023,56.84
23-08-2023,56.24
24-08-2023,57
25-08-2023,56.68
28-08-2023,56.28
29-08-2023,55.52
30-08-2023,55.28
31-08-2023,55.44
01-09-2023,55.32
05-09-2023,55.6
06-09-2023,55.96
07-09-2023,56.2
08-09-2023,56.12
11-09-2023,55.76
12-09-2023,56.12
13-09-2023,56.08
14-09-2023,55.6
15-09-2023,56.32
18-09-2023,56.24
19-09-2023,56.44
20-09-2023,56.24
21-09-2023,57.24
22-09-2023,57.4
25-09-2023,57.16
26-09-2023,58
27-09-2023,58
28-09-2023,57.72
29-09-2023,57.88
02-10-2023,57.92
03-10-2023,58.72
04-10-2023,58.28
05-10-2023,58.36
06-10-2023,57.72
09-10-2023,57.32
10-10-2023,57.08
11-10-2023,56.8
12-10-2023,57.24
13-10-2023,57.52
16-10-2023,56.92
17-10-2023,56.92
18-10-2023,57.72
19-10-2023,58.24
20-10-2023,59
23-10-2023,59.12
24-10-2023,58.72
25-10-2023,59.52
26-10-2023,60.28
27-10-2023,60.56
30-10-2023,59.92
31-10-2023,59.52
01-11-2023,58.88
02-11-2023,57.8
03-11-2023,57.32
06-11-2023,57.2
07-11-2023,57.04
08-11-2023,57
09-11-2023,57.48
10-11-2023,56.6
13-11-2023,56.68
14-11-2023,55.6
15-11-2023,55.52
16-11-2023,55.44
17-11-2023,55.4
20-11-2023,55
21-11-2023,55.12
22-11-2023,55
24-11-2023,54.96
27-11-2023,55.04
28-11-2023,55.04
29-11-2023,55.08
30-11-2023,54.88
01-12-2023,54.64
04-12-2023,54.88
05-12-2023,54.96
06-12-2023,55.2
07-12-2023,54.76
08-12-2023,54.56
11-12-2023,54.36
12-12-2023,54.12
13-12-2023,53.4
14-12-2023,53.24
15-12-2023,53.32
18-12-2023,53.04
19-12-2023,52.8
20-12-2023,52.6
21-12-2023,52.08
22-12-2023,52.04
26-12-2023,51.84
27-12-2023,51.72
28-12-2023,51.76
29-12-2023,51.96
02-01-2024,52.28
03-01-2024,52.68
04-01-2024,52.88
05-01-2024,52.84
08-01-2024,52.08
09-01-2024,52.2
10-01-2024,51.88
11-01-2024,51.96
12-01-2024,51.96
16-01-2024,52.16
17-01-2024,52.44
18-01-2024,52
19-01-2024,51.4
22-01-2024,51.28
23-01-2024,51.16
24-01-2024,51.12
25-01-2024,50.88
26-01-2024,50.96
29-01-2024,50.56
30-01-2024,50.64
31-01-2024,51.44
01-02-2024,50.84
02-02-2024,50.32
05-02-2024,50.48
06-02-2024,50.36
07-02-2024,49.96
08-02-2024,49.96
09-02-2024,49.68
12-02-2024,49.76
13-02-2024,50.44
14-02-2024,50
15-02-2024,49.72
16-02-2024,49.96
20-02-2024,50.28
21-02-2024,50.2
22-02-2024,49.2
23-02-2024,49.2
26-02-2024,49.4
27-02-2024,49.28
28-02-2024,49.36
29-02-2024,49.24
01-03-2024,48.76
04-03-2024,48.88
05-03-2024,49.36
06-03-2024,49.08
07-03-2024,48.64
08-03-2024,48.96
11-03-2024,49.04
12-03-2024,48.52
13-03-2024,48.6
14-03-2024,48.76
15-03-2024,49.08
18-03-2024,48.8
19-03-2024,48.52
20-03-2024,47.6
21-03-2024,47.44
22-03-2024,47.52
25-03-2024,47.68
26-03-2024,47.8
27-03-2024,47.4
28-03-2024,47.44
01-04-2024,47.52
02-04-2024,47.88
03-04-2024,47.8
04-04-2024,48.44
05-04-2024,47.92
08-04-2024,47.96
09-04-2024,47.92
10-04-2024,48.36
11-04-2024,48.04
12-04-2024,48.76
15-04-2024,49.32
16-04-2024,49.48
17-04-2024,49.76
18-04-2024,49.88
19-04-2024,50.36
22-04-2024,49.96
23-04-2024,49.36
24-04-2024,49.32
25-04-2024,49.56
26-04-2024,49.12
29-04-2024,49
30-04-2024,49.72
01-05-2024,49.96
02-05-2024,49.52
03-05-2024,48.92
06-05-2024,48.4
07-05-2024,48.36
08-05-2024,48.36
09-05-2024,48.12
10-05-2024,48.08
13-05-2024,48.08
14-05-2024,47.88
15-05-2024,47.32
16-05-2024,47.44
17-05-2024,47.4
20-05-2024,47.36
21-05-2024,47.24
22-05-2024,47.4
23-05-2024,47.76
24-05-2024,47.48
28-05-2024,47.48
29-05-2024,47.8
30-05-2024,48.12
31-05-2024,47.76
03-06-2024,47.72
04-06-2024,47.64
05-06-2024,47.16
06-06-2024,47.12
07-06-2024,47.24
10-06-2024,47.12
11-06-2024,46.96
12-06-2024,46.6
13-06-2024,46.52
14-06-2024,46.56
17-06-2024,46.16
18-06-2024,46.08
20-06-2024,46.24
21-06-2024,46.36
24-06-2024,46.48
25-06-2024,46.28
26-06-2024,45.44
27-06-2024,45.44
28-06-2024,45.64
01-07-2024,45.56
02-07-2024,45.28
03-07-2024,45.12
05-07-2024,44.84
08-07-2024,44.84
09-07-2024,44.8
10-07-2024,44.36
11-07-2024,44.76
12-07-2024,44.52
15-07-2024,44.44
16-07-2024,44.16
17-07-2024,44.8
18-07-2024,45.12
19-07-2024,45.48
22-07-2024,45.04
23-07-2024,45.08
24-07-2024,46.16
25-07-2024,46.36
26-07-2024,45.92
29-07-2024,45.92
30-07-2024,46.12
31-07-2024,45.44
01-08-2024,46.08
02-08-2024,46.92
05-08-2024,48.32
06-08-2024,47.92
07-08-2024,48.24
08-08-2024,47.16
09-08-2024,46.92
12-08-2024,46.92
13-08-2024,46.2
14-08-2024,46
15-08-2024,45.28
16-08-2024,45.2
19-08-2024,44.76
20-08-2024,44.88
21-08-2024,44.68
22-08-2024,45.08
23-08-2024,44.6
26-08-2024,44.8
27-08-2024,44.68
28-08-2024,45
29-08-2024,44.96
30-08-2024,44.6
03-09-2024,45.56
04-09-2024,45.6
05-09-2024,45.8
06-09-2024,46.6
09-09-2024,46.08
10-09-2024,45.88
11-09-2024,45.4
12-09-2024,45.08
13-09-2024,44.88
16-09-2024,44.8
17-09-2024,44.8
18-09-2024,44.96
19-09-2024,44.16
20-09-2024,44.32
23-09-2024,44.2
24-09-2024,44.08
25-09-2024,43.64
26-09-2024,43.48
27-09-2024,43.56
30-09-2024,43.4
01-10-2024,43.8
02-10-2024,43.8
03-10-2024,43.84
04-10-2024,43.52
07-10-2024,43.92
08-10-2024,43.48
09-10-2024,43.2
10-10-2024,43.28
11-10-2024,43.08
14-10-2024,42.72
15-10-2024,43.08
16-10-2024,42.88
17-10-2024,42.88
18-10-2024,42.72
21-10-2024,42.84
22-10-2024,42.88
23-10-2024,43.28
24-10-2024,43.2
25-10-2024,43.24
28-10-2024,43.12
29-10-2024,43.08
30-10-2024,43.2
31-10-2024,44.04
01-11-2024,43.92
04-11-2024,44
05-11-2024,43.48
06-11-2024,42.4
07-11-2024,42.09
08-11-2024,41.94
11-11-2024,41.9
12-11-2024,42.04
13-11-2024,42.03
14-11-2024,42.31
15-11-2024,42.89
18-11-2024,42.72
19-11-2024,42.57
20-11-2024,42.57
21-11-2024,42.35
22-11-2024,42.24
25-11-2024,42.11
26-11-2024,41.9
27-11-2024,42.05
29-11-2024,41.82
02-12-2024,41.75
03-12-2024,41.75
04-12-2024,41.5
05-12-2024,41.57
06-12-2024,41.51
09-12-2024,41.75
10-12-2024,41.88
11-12-2024,41.55
12-12-2024,41.78
13-12-2024,41.82
16-12-2024,41.65
17-12-2024,41.84
18-12-2024,43.1
19-12-2024,43.13
20-12-2024,42.65
23-12-2024,41.69
24-12-2024,41.25
26-12-2024,41.25
27-12-2024,41.71
30-12-2024,42.2
31-12-2024,42.38
,
,
,
,
,
,
,
