Dates,USD Zero Coupon Inflation Swap 5Y
21-07-2004,2.73
22-07-2004,2.7
23-07-2004,2.74
26-07-2004,2.71
27-07-2004,2.73
28-07-2004,2.75
29-07-2004,2.77
30-07-2004,2.75
02-08-2004,2.75
03-08-2004,2.76
04-08-2004,2.71
05-08-2004,2.73
06-08-2004,2.73
09-08-2004,2.65
10-08-2004,2.66
11-08-2004,2.66
12-08-2004,2.7
13-08-2004,2.69
16-08-2004,2.72
17-08-2004,2.66
18-08-2004,2.62
19-08-2004,2.65
20-08-2004,2.685
23-08-2004,2.68
24-08-2004,2.645
25-08-2004,2.605
26-08-2004,2.585
27-08-2004,2.63
31-08-2004,2.63
01-09-2004,2.6
02-09-2004,2.64
03-09-2004,2.685
06-09-2004,2.675
07-09-2004,2.67
08-09-2004,2.655
09-09-2004,2.62
10-09-2004,2.605
13-09-2004,2.59
14-09-2004,2.555
15-09-2004,2.54
16-09-2004,2.54
05-11-2004,2.865
08-11-2004,2.905
09-11-2004,2.885
10-11-2004,2.82
11-11-2004,2.81
12-11-2004,2.825
15-11-2004,2.85
16-11-2004,2.905
17-11-2004,2.91
18-11-2004,2.9
19-11-2004,2.925
22-11-2004,2.885
23-11-2004,2.89
24-11-2004,2.89
25-11-2004,2.89
26-11-2004,2.89
29-11-2004,2.89
30-11-2004,2.89
01-12-2004,2.98
02-12-2004,2.985
03-12-2004,2.905
06-12-2004,2.855
07-12-2004,2.87
08-12-2004,2.855
09-12-2004,2.855
10-12-2004,2.84
13-12-2004,2.84
14-12-2004,2.84
15-12-2004,2.835
16-12-2004,2.845
22-12-2004,2.91
23-12-2004,2.905
24-12-2004,2.91
27-12-2004,2.91
28-12-2004,2.91
29-12-2004,2.9
30-12-2004,2.91
04-01-2005,2.82
05-01-2005,2.855
06-01-2005,2.795
07-01-2005,2.825
10-01-2005,2.82
11-01-2005,2.835
12-01-2005,2.8
13-01-2005,2.825
14-01-2005,2.795
17-01-2005,2.79
19-01-2005,2.765
20-01-2005,2.725
21-01-2005,2.745
24-01-2005,2.745
25-01-2005,2.71
26-01-2005,2.775
27-01-2005,2.795
28-01-2005,2.765
31-01-2005,2.785
01-02-2005,2.775
02-02-2005,2.735
03-02-2005,2.765
04-02-2005,2.755
07-02-2005,2.76
08-02-2005,2.77
09-02-2005,2.825
10-02-2005,2.855
11-02-2005,2.855
15-02-2005,2.85
16-02-2005,2.85
17-02-2005,2.85
18-02-2005,2.905
21-02-2005,2.91
22-02-2005,2.91
23-02-2005,2.91
24-02-2005,2.91
25-02-2005,2.91
28-02-2005,2.985
01-03-2005,3.025
02-03-2005,3.055
03-03-2005,3.05
04-03-2005,3.025
07-03-2005,3.025
08-03-2005,3.045
09-03-2005,3.095
10-03-2005,3.085
11-03-2005,3.065
14-03-2005,3.06
15-03-2005,3.13
16-03-2005,3.13
17-03-2005,3.095
18-03-2005,3.09
23-03-2005,3.08
29-03-2005,3.055
30-03-2005,3.06
31-03-2005,3.06
01-04-2005,3.075
04-04-2005,3.055
05-04-2005,3.05
06-04-2005,3.05
07-04-2005,2.975
08-04-2005,2.995
11-04-2005,3.015
12-04-2005,3.02
13-04-2005,2.98
14-04-2005,2.955
15-04-2005,2.98
18-04-2005,2.965
19-04-2005,2.985
20-04-2005,3
21-04-2005,3.025
22-04-2005,3.075
25-04-2005,3.11
26-04-2005,3.035
27-04-2005,2.98
28-04-2005,2.96
29-04-2005,2.98
03-05-2005,2.955
04-05-2005,2.94
05-05-2005,2.93
06-05-2005,2.94
09-05-2005,2.94
10-05-2005,2.935
11-05-2005,2.895
12-05-2005,2.875
13-05-2005,2.87
16-05-2005,2.815
17-05-2005,2.835
18-05-2005,2.8
19-05-2005,2.75
20-05-2005,2.825
23-05-2005,2.825
24-05-2005,2.795
25-05-2005,2.785
26-05-2005,2.805
31-05-2005,2.77
01-06-2005,2.7
03-06-2005,2.69
06-06-2005,2.735
07-06-2005,2.685
08-06-2005,2.655
09-06-2005,2.66
10-06-2005,2.66
13-06-2005,2.64
14-06-2005,2.645
15-06-2005,2.595
16-06-2005,2.68
17-06-2005,2.67
20-06-2005,2.665
21-06-2005,2.685
22-06-2005,2.645
23-06-2005,2.615
24-06-2005,2.585
27-06-2005,2.595
28-06-2005,2.61
29-06-2005,2.625
30-06-2005,2.595
01-07-2005,2.615
05-07-2005,2.625
06-07-2005,2.64
07-07-2005,2.62
08-07-2005,2.645
11-07-2005,2.645
12-07-2005,2.62
13-07-2005,2.67
14-07-2005,2.605
15-07-2005,2.55
19-07-2005,2.555
20-07-2005,2.585
21-07-2005,2.6
22-07-2005,2.64
25-07-2005,2.635
26-07-2005,2.595
27-07-2005,2.645
28-07-2005,2.6
29-07-2005,2.61
01-08-2005,2.685
02-08-2005,2.655
03-08-2005,2.675
04-08-2005,2.685
05-08-2005,2.71
08-08-2005,2.725
09-08-2005,2.715
10-08-2005,2.705
11-08-2005,2.705
12-08-2005,2.745
15-08-2005,2.725
16-08-2005,2.765
17-08-2005,2.74
18-08-2005,2.74
19-08-2005,2.735
22-08-2005,2.73
23-08-2005,2.735
24-08-2005,2.765
25-08-2005,2.74
26-08-2005,2.74
01-09-2005,2.8275
02-09-2005,2.8125
05-09-2005,2.815
06-09-2005,2.7625
07-09-2005,2.79
08-09-2005,2.8325
09-09-2005,2.885
12-09-2005,2.89
13-09-2005,2.895
14-09-2005,2.8475
15-09-2005,2.88
16-09-2005,2.925
19-09-2005,2.9475
20-09-2005,2.88
21-09-2005,2.86
22-09-2005,2.8475
23-09-2005,2.94
26-09-2005,2.905
27-09-2005,2.9075
28-09-2005,2.915
29-09-2005,2.9475
30-09-2005,2.9725
03-10-2005,2.9425
04-10-2005,2.9075
05-10-2005,2.8875
06-10-2005,2.8975
07-10-2005,2.8775
10-10-2005,2.84
11-10-2005,2.875
12-10-2005,2.8525
13-10-2005,2.875
14-10-2005,2.9525
17-10-2005,2.9725
18-10-2005,2.9575
19-10-2005,2.94
20-10-2005,2.8975
21-10-2005,2.8825
24-10-2005,2.9125
25-10-2005,2.9013
26-10-2005,2.8825
27-10-2005,2.9164
28-10-2005,2.9249
31-10-2005,2.9075
01-11-2005,2.9225
02-11-2005,2.9225
03-11-2005,2.9825
04-11-2005,2.975
07-11-2005,2.9325
08-11-2005,2.8175
09-11-2005,2.865
10-11-2005,2.795
11-11-2005,2.77
14-11-2005,2.7225
15-11-2005,2.645
16-11-2005,2.6525
17-11-2005,2.7525
18-11-2005,2.63
21-11-2005,2.7175
22-11-2005,2.74
23-11-2005,2.6978
24-11-2005,2.7
25-11-2005,2.6925
28-11-2005,2.6675
29-11-2005,2.6777
30-11-2005,2.6675
01-12-2005,2.6825
02-12-2005,2.685
05-12-2005,2.745
06-12-2005,2.6925
07-12-2005,2.65
08-12-2005,2.6275
09-12-2005,2.6875
12-12-2005,2.695
13-12-2005,2.6675
14-12-2005,2.6475
15-12-2005,2.6275
16-12-2005,2.5275
19-12-2005,2.59
20-12-2005,2.6075
21-12-2005,2.635
22-12-2005,2.56
23-12-2005,2.56
26-12-2005,2.595
27-12-2005,2.575
28-12-2005,2.5825
29-12-2005,2.5925
30-12-2005,2.605
02-01-2006,2.605
03-01-2006,2.625
04-01-2006,2.63
05-01-2006,2.5925
06-01-2006,2.645
09-01-2006,2.66
10-01-2006,2.6675
11-01-2006,2.6671
12-01-2006,2.6525
13-01-2006,2.675
16-01-2006,2.6725
17-01-2006,2.6975
18-01-2006,2.67
19-01-2006,2.7125
20-01-2006,2.7225
23-01-2006,2.7225
24-01-2006,2.7125
25-01-2006,2.6975
26-01-2006,2.765
27-01-2006,2.805
30-01-2006,2.7925
31-01-2006,2.8175
01-02-2006,2.83
02-02-2006,2.8075
03-02-2006,2.8025
06-02-2006,2.8275
07-02-2006,2.78
08-02-2006,2.7875
09-02-2006,2.8075
10-02-2006,2.865
13-02-2006,2.7375
14-02-2006,2.7325
15-02-2006,2.7725
16-02-2006,2.7925
17-02-2006,2.795
20-02-2006,2.805
21-02-2006,2.855
22-02-2006,2.8125
23-02-2006,2.855
24-02-2006,2.895
27-02-2006,2.8525
28-02-2006,2.8125
01-03-2006,2.8825
02-03-2006,2.9375
03-03-2006,2.9481
06-03-2006,2.9275
07-03-2006,2.905
08-03-2006,2.8375
09-03-2006,2.8091
10-03-2006,2.815
13-03-2006,2.87
14-03-2006,2.805
15-03-2006,2.815
16-03-2006,2.81
17-03-2006,2.87
20-03-2006,2.795
21-03-2006,2.83
22-03-2006,2.775
23-03-2006,2.79
24-03-2006,2.755
27-03-2006,2.745
28-03-2006,2.764
29-03-2006,2.775
30-03-2006,2.785
31-03-2006,2.79
03-04-2006,2.775
04-04-2006,2.785
05-04-2006,2.795
06-04-2006,2.8267
07-04-2006,2.875
10-04-2006,2.875
11-04-2006,2.87
12-04-2006,2.8899
13-04-2006,2.92
14-04-2006,2.925
17-04-2006,2.9109
18-04-2006,2.945
19-04-2006,2.995
20-04-2006,2.965
21-04-2006,2.965
24-04-2006,2.925
25-04-2006,2.9044
26-04-2006,2.945
27-04-2006,2.955
28-04-2006,3.025
01-05-2006,3.0371
02-05-2006,3.025
03-05-2006,3.04
04-05-2006,3.02
05-05-2006,3.0438
08-05-2006,3.015
09-05-2006,3.045
10-05-2006,3.055
11-05-2006,3.085
12-05-2006,3.085
15-05-2006,3.005
16-05-2006,2.995
17-05-2006,3.02
18-05-2006,3.005
19-05-2006,3.01
22-05-2006,3.02
23-05-2006,3.005
24-05-2006,3.035
25-05-2006,3.035
26-05-2006,3.06
29-05-2006,2.995
30-05-2006,3.06
31-05-2006,3.055
01-06-2006,3.015
02-06-2006,2.995
05-06-2006,3.0025
06-06-2006,2.9725
07-06-2006,2.9325
08-06-2006,2.9625
09-06-2006,2.905
12-06-2006,2.97
13-06-2006,2.9475
14-06-2006,2.9975
15-06-2006,3.0375
16-06-2006,3.0175
19-06-2006,3.0125
20-06-2006,3.0075
21-06-2006,3
22-06-2006,3.0525
23-06-2006,3.045
26-06-2006,3.055
27-06-2006,3.0575
28-06-2006,3.04
29-06-2006,3.1025
30-06-2006,3.1075
03-07-2006,3
04-07-2006,2.88
05-07-2006,3.01
06-07-2006,3.03
07-07-2006,3.0325
10-07-2006,3.005
11-07-2006,3.0025
12-07-2006,2.9675
13-07-2006,3.0125
14-07-2006,3.0225
17-07-2006,3.005
18-07-2006,3.0075
19-07-2006,3.0025
20-07-2006,3.0175
21-07-2006,2.9925
24-07-2006,2.875
25-07-2006,3.015
26-07-2006,3.0025
27-07-2006,2.9875
28-07-2006,2.955
31-07-2006,2.9625
01-08-2006,2.96
02-08-2006,2.955
03-08-2006,2.9675
04-08-2006,2.9775
07-08-2006,2.9825
08-08-2006,3.005
09-08-2006,3.0175
10-08-2006,3.0075
11-08-2006,2.925
14-08-2006,3.02
15-08-2006,3.005
16-08-2006,2.9375
17-08-2006,2.9375
18-08-2006,2.835
21-08-2006,2.9425
22-08-2006,2.905
23-08-2006,2.8825
24-08-2006,2.8625
25-08-2006,2.795
28-08-2006,2.755
29-08-2006,2.8275
30-08-2006,2.825
31-08-2006,2.8075
01-09-2006,2.7925
04-09-2006,2.79
05-09-2006,2.695
06-09-2006,2.7575
07-09-2006,2.735
08-09-2006,2.625
11-09-2006,2.71
12-09-2006,2.635
13-09-2006,2.6675
14-09-2006,2.6925
15-09-2006,2.6725
18-09-2006,2.6525
19-09-2006,2.5825
20-09-2006,2.5575
21-09-2006,2.5075
22-09-2006,2.5325
25-09-2006,2.5475
26-09-2006,2.5525
27-09-2006,2.5775
28-09-2006,2.5775
29-09-2006,2.5725
02-10-2006,2.54
03-10-2006,2.5
04-10-2006,2.4825
05-10-2006,2.5025
06-10-2006,2.515
09-10-2006,2.61
10-10-2006,2.56
11-10-2006,2.5275
12-10-2006,2.5175
13-10-2006,2.5175
16-10-2006,2.525
17-10-2006,2.47
18-10-2006,2.4625
19-10-2006,2.4725
20-10-2006,2.505
23-10-2006,2.485
24-10-2006,2.495
25-10-2006,2.5125
26-10-2006,2.48
27-10-2006,2.465
30-10-2006,2.435
31-10-2006,2.4075
01-11-2006,2.41
02-11-2006,2.445
03-11-2006,2.505
06-11-2006,2.535
07-11-2006,2.5025
08-11-2006,2.4975
09-11-2006,2.5075
10-11-2006,2.4875
13-11-2006,2.4725
14-11-2006,2.4575
15-11-2006,2.4975
16-11-2006,2.385
17-11-2006,2.395
20-11-2006,2.4225
21-11-2006,2.445
22-11-2006,2.455
23-11-2006,2.49
24-11-2006,2.4825
27-11-2006,2.5
28-11-2006,2.4725
29-11-2006,2.5125
30-11-2006,2.4825
01-12-2006,2.515
04-12-2006,2.4475
05-12-2006,2.465
06-12-2006,2.465
07-12-2006,2.5275
08-12-2006,2.5575
11-12-2006,2.55
12-12-2006,2.54
13-12-2006,2.5675
14-12-2006,2.5925
15-12-2006,2.49
18-12-2006,2.4425
19-12-2006,2.475
20-12-2006,2.4675
21-12-2006,2.4575
22-12-2006,2.51
25-12-2006,2.435
26-12-2006,2.435
27-12-2006,2.4375
28-12-2006,2.4825
29-12-2006,2.405
01-01-2007,2.5763
02-01-2007,2.4875
03-01-2007,2.4925
04-01-2007,2.415
05-01-2007,2.4225
08-01-2007,2.4375
09-01-2007,2.4475
10-01-2007,2.4575
11-01-2007,2.4375
12-01-2007,2.435
15-01-2007,2.4475
16-01-2007,2.5105
17-01-2007,2.4825
18-01-2007,2.4675
19-01-2007,2.5125
22-01-2007,2.5287
23-01-2007,2.5675
24-01-2007,2.585
25-01-2007,2.62
26-01-2007,2.5875
29-01-2007,2.5925
30-01-2007,2.6175
31-01-2007,2.6725
01-02-2007,2.68
02-02-2007,2.6525
05-02-2007,2.6715
06-02-2007,2.638
07-02-2007,2.5375
08-02-2007,2.6139
09-02-2007,2.5625
12-02-2007,2.613
13-02-2007,2.5575
14-02-2007,2.5924
15-02-2007,2.5647
16-02-2007,2.5874
19-02-2007,2.5871
20-02-2007,2.495
21-02-2007,2.6556
22-02-2007,2.7113
23-02-2007,2.6859
26-02-2007,2.6845
27-02-2007,2.525
28-02-2007,2.5925
01-03-2007,2.5975
02-03-2007,2.635
05-03-2007,2.605
06-03-2007,2.5825
07-03-2007,2.5625
08-03-2007,2.565
09-03-2007,2.5975
12-03-2007,2.54
13-03-2007,2.5875
14-03-2007,2.6125
15-03-2007,2.61
16-03-2007,2.635
19-03-2007,2.6675
20-03-2007,2.7819
21-03-2007,2.7759
22-03-2007,2.799
23-03-2007,2.665
26-03-2007,2.7025
27-03-2007,2.6875
28-03-2007,2.7
29-03-2007,2.7275
30-03-2007,2.695
02-04-2007,2.68
03-04-2007,2.6725
04-04-2007,2.715
05-04-2007,2.675
06-04-2007,2.68
09-04-2007,2.705
10-04-2007,2.7075
11-04-2007,2.7145
12-04-2007,2.724
13-04-2007,2.724
16-04-2007,2.713
17-04-2007,2.701
18-04-2007,2.789
19-04-2007,2.595
20-04-2007,2.624
23-04-2007,2.6413
24-04-2007,2.649
25-04-2007,2.663
26-04-2007,2.672
27-04-2007,2.718
30-04-2007,2.705
01-05-2007,2.725
02-05-2007,2.76
03-05-2007,2.744
04-05-2007,2.739
07-05-2007,2.691
08-05-2007,2.687
09-05-2007,2.661
10-05-2007,2.675
11-05-2007,2.676
14-05-2007,2.688
15-05-2007,2.693
16-05-2007,2.6398
17-05-2007,2.618
18-05-2007,2.6758
21-05-2007,2.655
22-05-2007,2.653
23-05-2007,2.626
24-05-2007,2.631
25-05-2007,2.672
28-05-2007,2.66
29-05-2007,2.657
30-05-2007,2.64
31-05-2007,2.632
01-06-2007,2.678
04-06-2007,2.655
05-06-2007,2.681
06-06-2007,2.675
07-06-2007,2.668
08-06-2007,2.71
11-06-2007,2.744
12-06-2007,2.673
13-06-2007,2.722
14-06-2007,2.7145
15-06-2007,2.759
18-06-2007,2.7
19-06-2007,2.686
20-06-2007,2.674
21-06-2007,2.661
22-06-2007,2.7196
25-06-2007,2.715
26-06-2007,2.696
27-06-2007,2.694
28-06-2007,2.668
29-06-2007,2.717
02-07-2007,2.701
03-07-2007,2.683
04-07-2007,2.679
05-07-2007,2.687
06-07-2007,2.699
09-07-2007,2.722
10-07-2007,2.709
11-07-2007,2.689
12-07-2007,2.651
13-07-2007,2.679
16-07-2007,2.624
17-07-2007,2.626
18-07-2007,2.61
19-07-2007,2.63
20-07-2007,2.641
23-07-2007,2.591
24-07-2007,2.577
25-07-2007,2.545
26-07-2007,2.541
27-07-2007,2.57
30-07-2007,2.587
31-07-2007,2.566
01-08-2007,2.592
02-08-2007,2.587
03-08-2007,2.525
06-08-2007,2.537
07-08-2007,2.48
08-08-2007,2.512
09-08-2007,2.514
10-08-2007,2.4745
13-08-2007,2.455
14-08-2007,2.4675
15-08-2007,2.4865
16-08-2007,2.435
17-08-2007,2.475
20-08-2007,2.4825
21-08-2007,2.483
22-08-2007,2.5225
23-08-2007,2.4995
24-08-2007,2.246
27-08-2007,2.186
28-08-2007,2.3895
29-08-2007,2.418
30-08-2007,2.426
31-08-2007,2.44
03-09-2007,2.44
04-09-2007,2.47
05-09-2007,2.436
06-09-2007,2.459
07-09-2007,2.444
10-09-2007,2.44
11-09-2007,2.437
12-09-2007,2.474
13-09-2007,2.524
14-09-2007,2.5075
17-09-2007,2.508
18-09-2007,2.525
19-09-2007,2.5325
20-09-2007,2.576
21-09-2007,2.557
24-09-2007,2.531
25-09-2007,2.457
26-09-2007,2.505
27-09-2007,2.508
28-09-2007,2.5135
01-10-2007,2.499
02-10-2007,2.4965
03-10-2007,2.509
04-10-2007,2.5355
05-10-2007,2.47
08-10-2007,2.358
09-10-2007,2.586
10-10-2007,2.5715
11-10-2007,2.571
12-10-2007,2.607
15-10-2007,2.6295
16-10-2007,2.5965
17-10-2007,2.6045
18-10-2007,2.5865
19-10-2007,2.574
22-10-2007,2.5705
23-10-2007,2.536
24-10-2007,2.555
25-10-2007,2.626
26-10-2007,2.639
29-10-2007,2.6515
30-10-2007,2.6215
31-10-2007,2.6685
01-11-2007,2.643
02-11-2007,2.728
05-11-2007,2.76
06-11-2007,2.784
07-11-2007,2.751
08-11-2007,2.7725
09-11-2007,2.82
12-11-2007,2.833
13-11-2007,2.82
14-11-2007,2.7905
15-11-2007,2.707
16-11-2007,2.7585
19-11-2007,2.7555
20-11-2007,2.8
21-11-2007,2.754
22-11-2007,2.653
23-11-2007,2.768
26-11-2007,2.841
27-11-2007,2.8525
28-11-2007,2.7435
29-11-2007,2.7125
30-11-2007,2.7345
03-12-2007,2.681
04-12-2007,2.643
05-12-2007,2.604
06-12-2007,2.5995
07-12-2007,2.628
10-12-2007,2.6445
11-12-2007,2.6185
12-12-2007,2.7115
13-12-2007,2.721
14-12-2007,2.753
17-12-2007,2.7355
18-12-2007,2.736
19-12-2007,2.7225
20-12-2007,2.6905
21-12-2007,2.7135
24-12-2007,2.7125
25-12-2007,2.748
26-12-2007,2.711
27-12-2007,2.7105
28-12-2007,2.6625
31-12-2007,2.74
01-01-2008,2.714
02-01-2008,2.7025
03-01-2008,2.737
04-01-2008,2.678
07-01-2008,2.654
08-01-2008,2.612
09-01-2008,2.545
10-01-2008,2.531
11-01-2008,2.5505
14-01-2008,2.5995
15-01-2008,2.533
16-01-2008,2.4585
17-01-2008,2.408
18-01-2008,2.42
21-01-2008,2.41
22-01-2008,2.3225
23-01-2008,2.342
24-01-2008,2.4455
25-01-2008,2.401
28-01-2008,2.429
29-01-2008,2.5025
30-01-2008,2.5515
31-01-2008,2.5425
01-02-2008,2.6285
04-02-2008,2.511
05-02-2008,2.3965
06-02-2008,2.43
07-02-2008,2.4765
08-02-2008,2.506
11-02-2008,2.5085
12-02-2008,2.541
13-02-2008,2.5105
14-02-2008,2.5335
15-02-2008,2.568
18-02-2008,2.549
19-02-2008,2.6755
20-02-2008,2.718
21-02-2008,2.692
22-02-2008,2.656
25-02-2008,2.7315
26-02-2008,2.783
27-02-2008,2.7795
28-02-2008,2.7975
29-02-2008,2.7335
03-03-2008,2.8045
04-03-2008,2.806
05-03-2008,2.831
06-03-2008,2.769
07-03-2008,2.902
10-03-2008,3.002
11-03-2008,3.04
12-03-2008,2.9555
13-03-2008,2.869
14-03-2008,2.7733
17-03-2008,2.537
18-03-2008,2.6495
19-03-2008,2.4877
20-03-2008,2.5564
21-03-2008,2.5635
24-03-2008,2.502
25-03-2008,2.5229
26-03-2008,2.577
27-03-2008,2.6478
28-03-2008,2.6995
31-03-2008,2.603
01-04-2008,2.6405
02-04-2008,2.6235
03-04-2008,2.644
04-04-2008,2.6195
07-04-2008,2.5947
08-04-2008,2.6376
09-04-2008,2.6357
10-04-2008,2.6476
11-04-2008,2.6124
14-04-2008,2.6411
15-04-2008,2.7074
16-04-2008,2.7719
17-04-2008,2.7276
18-04-2008,2.5536
21-04-2008,2.6929
22-04-2008,2.7324
23-04-2008,2.7488
24-04-2008,2.6933
25-04-2008,2.6847
28-04-2008,2.6968
29-04-2008,2.676
30-04-2008,2.6373
01-05-2008,2.6674
02-05-2008,2.732
05-05-2008,2.7972
06-05-2008,2.815
07-05-2008,2.7165
08-05-2008,2.686
09-05-2008,2.747
12-05-2008,2.745
13-05-2008,2.7595
14-05-2008,2.7845
15-05-2008,2.739
16-05-2008,2.84
19-05-2008,2.811
20-05-2008,2.847
21-05-2008,2.9015
22-05-2008,2.94
23-05-2008,2.886
26-05-2008,2.85
27-05-2008,2.8535
28-05-2008,2.871
29-05-2008,2.9065
30-05-2008,2.9055
02-06-2008,2.8855
03-06-2008,2.866
04-06-2008,2.858
05-06-2008,2.886
06-06-2008,2.9515
09-06-2008,2.964
10-06-2008,3.095
11-06-2008,3.1
12-06-2008,3.129
13-06-2008,3.153
16-06-2008,3.123
17-06-2008,3.088
18-06-2008,3.064
19-06-2008,3.0515
20-06-2008,3.0525
23-06-2008,3.0955
24-06-2008,3.084
25-06-2008,3.059
26-06-2008,3.125
27-06-2008,3.272
30-06-2008,3.2665
01-07-2008,3.305
02-07-2008,3.2705
03-07-2008,3.303
04-07-2008,3.288
07-07-2008,3.208
08-07-2008,3.165
09-07-2008,3.128
10-07-2008,3.146
11-07-2008,3.209
14-07-2008,3.15
15-07-2008,3.31
16-07-2008,3.1255
17-07-2008,3.103
18-07-2008,3.165
21-07-2008,3.0315
22-07-2008,3.043
23-07-2008,2.9305
24-07-2008,2.786
25-07-2008,2.821
28-07-2008,2.822
29-07-2008,2.725
30-07-2008,2.749
31-07-2008,2.694
01-08-2008,2.7135
04-08-2008,2.717
05-08-2008,2.684
06-08-2008,2.647
07-08-2008,2.607
08-08-2008,2.6095
11-08-2008,2.563
12-08-2008,2.5455
13-08-2008,2.584
14-08-2008,2.585
15-08-2008,2.5405
18-08-2008,2.528
19-08-2008,2.5255
20-08-2008,2.5405
21-08-2008,2.626
22-08-2008,2.561
25-08-2008,2.494
26-08-2008,2.503
27-08-2008,2.5945
28-08-2008,2.504
29-08-2008,2.502
01-09-2008,2.71
02-09-2008,2.324
03-09-2008,2.2725
04-09-2008,2.162
05-09-2008,2.2885
08-09-2008,2.23
09-09-2008,2.078
10-09-2008,2.153
11-09-2008,2.1545
12-09-2008,2.156
15-09-2008,1.857
16-09-2008,1.7145
17-09-2008,1.8695
18-09-2008,1.724
19-09-2008,2.1725
22-09-2008,2.182
23-09-2008,2.029
24-09-2008,1.87
25-09-2008,2.161
26-09-2008,2.1155
29-09-2008,2.0165
30-09-2008,2.059
01-10-2008,1.9315
02-10-2008,1.845
03-10-2008,1.817
06-10-2008,1.858
07-10-2008,1.7
08-10-2008,1.4985
09-10-2008,1.6025
10-10-2008,1.313
13-10-2008,1.313
14-10-2008,1.5395
15-10-2008,1.433
16-10-2008,1.2845
17-10-2008,1.3865
20-10-2008,1.3785
21-10-2008,1.1915
22-10-2008,1.0165
23-10-2008,0.8905
24-10-2008,0.7735
27-10-2008,0.5
28-10-2008,0.811
29-10-2008,0.831
30-10-2008,1.022
31-10-2008,0.9185
03-11-2008,0.9165
04-11-2008,1.352
05-11-2008,1.3835
06-11-2008,1.1945
07-11-2008,1.36
10-11-2008,1.212
11-11-2008,1.203
12-11-2008,1.2605
13-11-2008,1.287
14-11-2008,1.2605
17-11-2008,1.163
18-11-2008,1.013
19-11-2008,0.763
20-11-2008,0.4455
21-11-2008,0.224
24-11-2008,0.168
25-11-2008,-0.175
26-11-2008,-0.113
27-11-2008,-0.003
28-11-2008,-0.104
01-12-2008,-0.057
02-12-2008,0.015
03-12-2008,-0.3225
04-12-2008,-0.1875
05-12-2008,-0.4725
08-12-2008,-0.3525
09-12-2008,-0.3675
10-12-2008,-0.4775
11-12-2008,-0.44
12-12-2008,-0.5145
15-12-2008,-0.57
16-12-2008,-0.5105
17-12-2008,-0.2175
18-12-2008,0.105
19-12-2008,0.145
22-12-2008,0.115
23-12-2008,0.129
29-12-2008,0.0145
30-12-2008,0.1075
31-12-2008,0.085
01-01-2009,0.06
02-01-2009,0.1025
05-01-2009,0.2375
06-01-2009,0.2675
07-01-2009,0.3325
08-01-2009,0.3
09-01-2009,0.3955
12-01-2009,0.41
13-01-2009,0.57
14-01-2009,0.3775
15-01-2009,0.4025
16-01-2009,0.4325
19-01-2009,0.4315
20-01-2009,0.6175
21-01-2009,0.4895
22-01-2009,0.847
23-01-2009,0.859
26-01-2009,0.7435
27-01-2009,0.735
28-01-2009,0.7675
29-01-2009,0.68
30-01-2009,0.84
02-02-2009,1.0285
03-02-2009,1.0675
04-02-2009,1.06
05-02-2009,1.198
06-02-2009,1.3505
09-02-2009,1.535
10-02-2009,1.525
11-02-2009,1.2525
12-02-2009,1.23
13-02-2009,1.3405
16-02-2009,1.344
17-02-2009,0.9
18-02-2009,1.11
19-02-2009,1.2705
20-02-2009,1.2565
23-02-2009,1.075
24-02-2009,1.13
25-02-2009,1.275
26-02-2009,1.21
27-02-2009,1.205
02-03-2009,1.115
03-03-2009,1.02
04-03-2009,1.04
05-03-2009,1.09
06-03-2009,1.17
09-03-2009,1.115
10-03-2009,1.14
11-03-2009,1.135
12-03-2009,1.119
13-03-2009,1.2225
16-03-2009,1.252
17-03-2009,1.3125
18-03-2009,1.4615
19-03-2009,1.5545
20-03-2009,1.494
23-03-2009,1.5245
24-03-2009,1.653
25-03-2009,1.6975
26-03-2009,1.772
27-03-2009,1.8105
30-03-2009,1.6475
31-03-2009,1.68
01-04-2009,1.75
02-04-2009,1.6895
03-04-2009,1.665
06-04-2009,1.701
07-04-2009,1.707
08-04-2009,1.6855
09-04-2009,1.7255
10-04-2009,1.7475
13-04-2009,1.82
14-04-2009,1.633
15-04-2009,1.678
16-04-2009,1.615
17-04-2009,1.6565
20-04-2009,1.4515
21-04-2009,1.4775
22-04-2009,1.5
23-04-2009,1.5245
24-04-2009,1.527
27-04-2009,1.459
28-04-2009,1.508
29-04-2009,1.45
30-04-2009,1.369
01-05-2009,1.3025
04-05-2009,1.37
05-05-2009,1.391
06-05-2009,1.48
07-05-2009,1.5
08-05-2009,1.475
11-05-2009,1.439
12-05-2009,1.4215
13-05-2009,1.333
14-05-2009,1.38
15-05-2009,1.402
18-05-2009,1.41
19-05-2009,1.442
20-05-2009,1.415
21-05-2009,1.3995
22-05-2009,1.5045
25-05-2009,1.42
26-05-2009,1.535
27-05-2009,1.6905
28-05-2009,1.629
29-05-2009,1.6805
01-06-2009,1.845
02-06-2009,1.922
03-06-2009,1.9075
04-06-2009,1.919
05-06-2009,2.0965
08-06-2009,2.123
09-06-2009,2.2095
10-06-2009,2.352
11-06-2009,2.255
12-06-2009,2.192
15-06-2009,2.106
16-06-2009,2.0095
17-06-2009,1.907
18-06-2009,2.0575
19-06-2009,1.9615
22-06-2009,1.9635
23-06-2009,1.965
24-06-2009,1.8375
25-06-2009,1.764
26-06-2009,1.7625
29-06-2009,1.772
30-06-2009,1.8785
01-07-2009,1.8845
02-07-2009,1.7345
03-07-2009,1.84
06-07-2009,1.6785
07-07-2009,1.6805
08-07-2009,1.5575
09-07-2009,1.589
10-07-2009,1.4895
13-07-2009,1.529
14-07-2009,1.589
15-07-2009,1.7145
16-07-2009,1.735
17-07-2009,1.8465
20-07-2009,1.831
21-07-2009,1.767
22-07-2009,1.7595
23-07-2009,1.8355
24-07-2009,1.74
27-07-2009,1.754
28-07-2009,1.695
29-07-2009,1.701
30-07-2009,1.676
31-07-2009,1.6015
03-08-2009,1.7135
04-08-2009,1.7545
05-08-2009,1.7735
06-08-2009,1.72
07-08-2009,1.84
10-08-2009,1.8355
11-08-2009,1.768
12-08-2009,1.695
13-08-2009,1.5515
14-08-2009,1.4245
17-08-2009,1.391
18-08-2009,1.469
19-08-2009,1.5495
20-08-2009,1.6485
21-08-2009,1.6975
24-08-2009,1.644
25-08-2009,1.5535
26-08-2009,1.5865
27-08-2009,1.5835
28-08-2009,1.535
31-08-2009,1.48
01-09-2009,1.472
02-09-2009,1.4085
03-09-2009,1.467
04-09-2009,1.5415
07-09-2009,1.6585
08-09-2009,1.6995
09-09-2009,1.762
10-09-2009,1.67
11-09-2009,1.71
14-09-2009,1.8175
15-09-2009,1.8795
16-09-2009,1.9
17-09-2009,1.8165
18-09-2009,1.8495
21-09-2009,1.77
22-09-2009,1.783
23-09-2009,1.8335
24-09-2009,1.71
25-09-2009,1.6975
28-09-2009,1.7575
29-09-2009,1.6955
30-09-2009,1.73
01-10-2009,1.693
02-10-2009,1.7055
05-10-2009,1.69
06-10-2009,1.755
07-10-2009,1.749
08-10-2009,1.7285
09-10-2009,1.811
12-10-2009,1.79
13-10-2009,1.826
14-10-2009,1.888
15-10-2009,1.9435
16-10-2009,1.95
19-10-2009,2.044
20-10-2009,1.98
21-10-2009,1.9205
22-10-2009,1.92
23-10-2009,1.98
26-10-2009,2.0545
27-10-2009,2.02
28-10-2009,1.973
29-10-2009,2.003
30-10-2009,2.025
02-11-2009,2.04
03-11-2009,2.05
04-11-2009,2.107
05-11-2009,2.118
06-11-2009,2.098
09-11-2009,2.171
10-11-2009,2.188
11-11-2009,2.1715
12-11-2009,2.108
13-11-2009,2.06
16-11-2009,2.075
17-11-2009,2.044
18-11-2009,2.112
19-11-2009,2.08
20-11-2009,2.09
23-11-2009,2.11
24-11-2009,2.0895
25-11-2009,2.12
26-11-2009,2.1325
27-11-2009,2.06
30-11-2009,2.06
01-12-2009,2.105
02-12-2009,2.11
03-12-2009,2.13
04-12-2009,2.145
07-12-2009,2.185
08-12-2009,2.076
09-12-2009,2.05
10-12-2009,2.06
11-12-2009,2.11
14-12-2009,2.135
15-12-2009,2.2
16-12-2009,2.23
17-12-2009,2.195
18-12-2009,2.2
21-12-2009,2.2475
22-12-2009,2.3005
23-12-2009,2.2935
24-12-2009,2.31
25-12-2009,2.29
28-12-2009,2.364
29-12-2009,2.3675
30-12-2009,2.36
31-12-2009,2.37
04-01-2010,2.35
05-01-2010,2.3475
06-01-2010,2.35
07-01-2010,2.405
08-01-2010,2.3545
11-01-2010,2.392
12-01-2010,2.329
13-01-2010,2.33
14-01-2010,2.29
15-01-2010,2.273
18-01-2010,2.275
19-01-2010,2.31
20-01-2010,2.295
21-01-2010,2.212
22-01-2010,2.1815
25-01-2010,2.209
26-01-2010,2.205
27-01-2010,2.21
28-01-2010,2.232
29-01-2010,2.134
01-02-2010,2.244
02-02-2010,2.27
03-02-2010,2.29
04-02-2010,2.2295
05-02-2010,2.151
08-02-2010,2.1355
09-02-2010,2.191
10-02-2010,2.1725
11-02-2010,2.222
12-02-2010,2.169
15-02-2010,2.198
16-02-2010,2.175
17-02-2010,2.217
18-02-2010,2.232
19-02-2010,2.1615
22-02-2010,2.187
23-02-2010,2.152
24-02-2010,2.134
25-02-2010,2.06
26-02-2010,2.04
01-03-2010,2.052
02-03-2010,2.055
03-03-2010,2.07
04-03-2010,2.093
05-03-2010,2.105
08-03-2010,2.147
09-03-2010,2.105
10-03-2010,2.12
11-03-2010,2.108
12-03-2010,2.133
15-03-2010,2.111
16-03-2010,2.111
17-03-2010,2.141
18-03-2010,2.121
19-03-2010,2.071
22-03-2010,2.051
23-03-2010,2.0425
24-03-2010,2.056
25-03-2010,2.061
26-03-2010,2.051
29-03-2010,2.046
30-03-2010,2.045
31-03-2010,2.115
01-04-2010,2.146
02-04-2010,2.161
05-04-2010,2.211
06-04-2010,2.191
07-04-2010,2.231
08-04-2010,2.231
09-04-2010,2.241
12-04-2010,2.24
13-04-2010,2.23
14-04-2010,2.227
15-04-2010,2.253
16-04-2010,2.2175
19-04-2010,2.2285
20-04-2010,2.264
21-04-2010,2.268
22-04-2010,2.236
23-04-2010,2.292
26-04-2010,2.269
27-04-2010,2.261
28-04-2010,2.284
29-04-2010,2.3205
30-04-2010,2.288
03-05-2010,2.309
04-05-2010,2.2685
05-05-2010,2.227
06-05-2010,2.164
07-05-2010,2.131
10-05-2010,2.207
11-05-2010,2.249
12-05-2010,2.285
13-05-2010,2.263
14-05-2010,2.208
17-05-2010,2.181
18-05-2010,2.17
19-05-2010,2.101
20-05-2010,1.9655
21-05-2010,2.002
24-05-2010,2.018
25-05-2010,2.074
26-05-2010,2.0125
27-05-2010,2.055
28-05-2010,2.073
31-05-2010,2
01-06-2010,2.015
02-06-2010,2.0315
03-06-2010,2.07
04-06-2010,1.9625
07-06-2010,1.9305
08-06-2010,1.9395
09-06-2010,1.935
10-06-2010,1.96
11-06-2010,1.94
14-06-2010,1.9425
15-06-2010,1.9305
16-06-2010,1.93
17-06-2010,1.9015
18-06-2010,1.86
21-06-2010,1.89
22-06-2010,1.885
23-06-2010,1.858
24-06-2010,1.87
25-06-2010,1.9165
28-06-2010,1.875
29-06-2010,1.847
30-06-2010,1.841
01-07-2010,1.7855
02-07-2010,1.772
05-07-2010,1.805
06-07-2010,1.7035
07-07-2010,1.698
08-07-2010,1.74
09-07-2010,1.754
12-07-2010,1.757
13-07-2010,1.77
14-07-2010,1.769
15-07-2010,1.7015
16-07-2010,1.63
19-07-2010,1.603
20-07-2010,1.573
21-07-2010,1.6
22-07-2010,1.607
23-07-2010,1.6555
26-07-2010,1.622
27-07-2010,1.674
28-07-2010,1.66
29-07-2010,1.666
30-07-2010,1.633
02-08-2010,1.685
03-08-2010,1.6885
04-08-2010,1.7
05-08-2010,1.7665
06-08-2010,1.69
09-08-2010,1.731
10-08-2010,1.7
11-08-2010,1.7
12-08-2010,1.6
13-08-2010,1.586
16-08-2010,1.585
17-08-2010,1.55
18-08-2010,1.56
19-08-2010,1.49
20-08-2010,1.5035
23-08-2010,1.471
24-08-2010,1.4355
25-08-2010,1.469
26-08-2010,1.47
27-08-2010,1.5305
30-08-2010,1.522
31-08-2010,1.4205
01-09-2010,1.461
02-09-2010,1.459
03-09-2010,1.53
06-09-2010,1.49
07-09-2010,1.4485
08-09-2010,1.4575
09-09-2010,1.481
10-09-2010,1.567
13-09-2010,1.54
14-09-2010,1.496
15-09-2010,1.536
16-09-2010,1.484
17-09-2010,1.4825
20-09-2010,1.488
21-09-2010,1.547
22-09-2010,1.5605
23-09-2010,1.535
24-09-2010,1.562
27-09-2010,1.55
28-09-2010,1.5835
29-09-2010,1.562
30-09-2010,1.603
01-10-2010,1.617
04-10-2010,1.603
05-10-2010,1.696
06-10-2010,1.744
07-10-2010,1.692
08-10-2010,1.782
11-10-2010,1.7445
12-10-2010,1.7745
13-10-2010,1.932
14-10-2010,1.964
15-10-2010,1.865
18-10-2010,1.8285
19-10-2010,1.84
20-10-2010,1.7945
21-10-2010,1.8465
22-10-2010,1.889
25-10-2010,1.915
26-10-2010,1.9455
27-10-2010,1.895
28-10-2010,1.809
29-10-2010,1.7965
01-11-2010,1.831
02-11-2010,1.845
03-11-2010,1.867
04-11-2010,1.886
05-11-2010,1.9305
08-11-2010,1.9325
09-11-2010,1.976
10-11-2010,1.972
11-11-2010,1.982
12-11-2010,1.9315
15-11-2010,1.949
16-11-2010,1.8425
17-11-2010,1.887
18-11-2010,1.901
19-11-2010,1.9615
22-11-2010,1.9445
23-11-2010,1.9085
24-11-2010,1.9465
25-11-2010,1.957
26-11-2010,1.9445
29-11-2010,1.942
30-11-2010,1.877
01-12-2010,1.9415
02-12-2010,1.99
03-12-2010,1.979
06-12-2010,1.9515
07-12-2010,2
08-12-2010,2.0555
09-12-2010,1.973
10-12-2010,1.9745
13-12-2010,1.969
14-12-2010,2.018
15-12-2010,2.078
16-12-2010,2.078
17-12-2010,2.069
20-12-2010,2.053
21-12-2010,2.083
22-12-2010,2.1
23-12-2010,2.146
24-12-2010,2.14
27-12-2010,2.128
28-12-2010,2.128
29-12-2010,2.142
30-12-2010,2.118
31-12-2010,2.1125
03-01-2011,2.0928
04-01-2011,2.145
05-01-2011,2.2655
06-01-2011,2.284
07-01-2011,2.26
10-01-2011,2.28
11-01-2011,2.34
12-01-2011,2.345
13-01-2011,2.27
14-01-2011,2.255
17-01-2011,2.258
18-01-2011,2.275
19-01-2011,2.275
20-01-2011,2.233
21-01-2011,2.228
24-01-2011,2.23
25-01-2011,2.248
26-01-2011,2.2175
27-01-2011,2.236
28-01-2011,2.2725
31-01-2011,2.26
01-02-2011,2.307
02-02-2011,2.295
03-02-2011,2.305
04-02-2011,2.32
07-02-2011,2.335
08-02-2011,2.3305
09-02-2011,2.3155
10-02-2011,2.2695
11-02-2011,2.263
14-02-2011,2.272
15-02-2011,2.28
16-02-2011,2.271
17-02-2011,2.239
18-02-2011,2.3985
21-02-2011,2.355
22-02-2011,2.418
23-02-2011,2.475
24-02-2011,2.495
25-02-2011,2.465
28-02-2011,2.4255
01-03-2011,2.486
02-03-2011,2.5375
03-03-2011,2.5875
04-03-2011,2.515
07-03-2011,2.535
08-03-2011,2.555
09-03-2011,2.59
10-03-2011,2.49
11-03-2011,2.44
14-03-2011,2.37
15-03-2011,2.36
16-03-2011,2.386
17-03-2011,2.465
18-03-2011,2.5005
21-03-2011,2.44
22-03-2011,2.4898
23-03-2011,2.421
24-03-2011,2.415
25-03-2011,2.47
28-03-2011,2.4415
29-03-2011,2.4375
30-03-2011,2.453
31-03-2011,2.5045
01-04-2011,2.52
04-04-2011,2.568
05-04-2011,2.621
06-04-2011,2.623
07-04-2011,2.644
08-04-2011,2.652
11-04-2011,2.68
12-04-2011,2.635
13-04-2011,2.62
14-04-2011,2.629
15-04-2011,2.5475
18-04-2011,2.574
19-04-2011,2.585
20-04-2011,2.63
21-04-2011,2.594
22-04-2011,2.594
25-04-2011,2.582
26-04-2011,2.59
27-04-2011,2.664
28-04-2011,2.647
29-04-2011,2.64
02-05-2011,2.715
03-05-2011,2.6995
04-05-2011,2.6835
05-05-2011,2.5924
06-05-2011,2.5659
09-05-2011,2.5759
10-05-2011,2.608
11-05-2011,2.5118
12-05-2011,2.5037
13-05-2011,2.46
16-05-2011,2.4132
17-05-2011,2.3909
18-05-2011,2.45
19-05-2011,2.4135
20-05-2011,2.3838
23-05-2011,2.36
24-05-2011,2.3904
25-05-2011,2.3997
26-05-2011,2.3767
27-05-2011,2.365
30-05-2011,2.365
31-05-2011,2.3465
01-06-2011,2.3173
02-06-2011,2.3539
03-06-2011,2.3549
06-06-2011,2.3542
07-06-2011,2.371
08-06-2011,2.345
09-06-2011,2.345
10-06-2011,2.3182
13-06-2011,2.315
14-06-2011,2.375
15-06-2011,2.346
16-06-2011,2.3089
17-06-2011,2.2803
20-06-2011,2.265
21-06-2011,2.2837
22-06-2011,2.2674
23-06-2011,2.21
24-06-2011,2.216
27-06-2011,2.238
28-06-2011,2.2839
29-06-2011,2.385
30-06-2011,2.4
01-07-2011,2.4263
04-07-2011,2.417
05-07-2011,2.42
06-07-2011,2.4224
07-07-2011,2.495
08-07-2011,2.414
11-07-2011,2.3953
12-07-2011,2.3855
13-07-2011,2.375
14-07-2011,2.355
15-07-2011,2.37
18-07-2011,2.37
19-07-2011,2.3883
20-07-2011,2.3721
21-07-2011,2.405
22-07-2011,2.3946
25-07-2011,2.43
26-07-2011,2.386
27-07-2011,2.4215
28-07-2011,2.4324
29-07-2011,2.41
01-08-2011,2.4021
02-08-2011,2.3421
03-08-2011,2.24
04-08-2011,2.175
05-08-2011,2.1995
08-08-2011,2.1427
09-08-2011,2.175
10-08-2011,2.2859
11-08-2011,2.24
12-08-2011,2.2096
15-08-2011,2.16
16-08-2011,2.107
17-08-2011,2.0579
18-08-2011,1.9823
19-08-2011,2.0207
22-08-2011,2.0448
23-08-2011,1.9904
24-08-2011,1.955
25-08-2011,1.971
26-08-2011,1.957
29-08-2011,1.9797
30-08-2011,1.965
31-08-2011,1.9863
01-09-2011,1.99
02-09-2011,1.9763
05-09-2011,1.973
06-09-2011,1.875
07-09-2011,1.8868
08-09-2011,1.922
09-09-2011,1.886
12-09-2011,1.8662
13-09-2011,1.845
14-09-2011,1.8
15-09-2011,1.8961
16-09-2011,1.9
19-09-2011,1.8428
20-09-2011,1.8907
21-09-2011,1.8833
22-09-2011,1.72
23-09-2011,1.72
26-09-2011,1.7376
27-09-2011,1.815
28-09-2011,1.8266
29-09-2011,1.8162
30-09-2011,1.7617
03-10-2011,1.7653
04-10-2011,1.772
05-10-2011,1.7902
06-10-2011,1.8611
07-10-2011,1.9145
10-10-2011,1.9474
11-10-2011,1.92
12-10-2011,1.903
13-10-2011,1.8471
14-10-2011,1.8864
17-10-2011,1.885
18-10-2011,1.9375
19-10-2011,1.9168
20-10-2011,1.93
21-10-2011,1.96
24-10-2011,1.9807
25-10-2011,1.9775
26-10-2011,2.051
27-10-2011,2.1436
28-10-2011,2.12
31-10-2011,2.081
01-11-2011,2.0607
02-11-2011,2.105
03-11-2011,2.1014
04-11-2011,2.13
07-11-2011,2.1526
08-11-2011,2.14
09-11-2011,2.0744
10-11-2011,2.144
11-11-2011,2.155
14-11-2011,2.13
15-11-2011,2.0655
16-11-2011,2.0039
17-11-2011,1.925
18-11-2011,1.9458
21-11-2011,1.9275
22-11-2011,1.93
23-11-2011,1.955
24-11-2011,1.96
25-11-2011,1.989
28-11-2011,2.04
29-11-2011,2.063
30-11-2011,2.1394
01-12-2011,2.1468
02-12-2011,2.1556
05-12-2011,2.1491
06-12-2011,2.125
07-12-2011,2.06
08-12-2011,1.99
09-12-2011,2.0171
12-12-2011,2.0079
13-12-2011,1.9836
14-12-2011,1.9513
15-12-2011,1.947
16-12-2011,1.9339
19-12-2011,1.957
20-12-2011,2.038
21-12-2011,2.0155
22-12-2011,1.9535
23-12-2011,1.982
27-12-2011,1.9544
28-12-2011,1.9248
29-12-2011,1.921
30-12-2011,1.907
03-01-2012,1.97
04-01-2012,2.0299
05-01-2012,2.0614
06-01-2012,2.0232
09-01-2012,2.031
10-01-2012,2.0001
11-01-2012,1.9949
12-01-2012,2.004
13-01-2012,1.9999
16-01-2012,2.002
17-01-2012,2.0274
18-01-2012,2.047
19-01-2012,2.08
20-01-2012,2.073
23-01-2012,2.081
24-01-2012,2.113
25-01-2012,2.155
26-01-2012,2.197
27-01-2012,2.2108
30-01-2012,2.1983
31-01-2012,2.206
01-02-2012,2.2455
02-02-2012,2.248
03-02-2012,2.2467
06-02-2012,2.271
07-02-2012,2.3107
08-02-2012,2.31
09-02-2012,2.313
10-02-2012,2.3034
13-02-2012,2.357
14-02-2012,2.34
15-02-2012,2.342
16-02-2012,2.391
17-02-2012,2.3798
20-02-2012,2.375
21-02-2012,2.432
22-02-2012,2.4339
23-02-2012,2.4905
24-02-2012,2.4696
27-02-2012,2.4463
28-02-2012,2.4176
29-02-2012,2.3826
01-03-2012,2.3984
02-03-2012,2.3701
05-03-2012,2.3646
06-03-2012,2.346
07-03-2012,2.3847
08-03-2012,2.397
09-03-2012,2.4306
12-03-2012,2.433
13-03-2012,2.478
14-03-2012,2.4867
15-03-2012,2.4666
16-03-2012,2.4608
19-03-2012,2.4597
20-03-2012,2.4558
21-03-2012,2.4148
22-03-2012,2.3734
23-03-2012,2.3698
26-03-2012,2.3504
27-03-2012,2.3648
28-03-2012,2.369
29-03-2012,2.3463
30-03-2012,2.3597
02-04-2012,2.387
03-04-2012,2.385
04-04-2012,2.32
05-04-2012,2.305
06-04-2012,2.2549
09-04-2012,2.251
10-04-2012,2.24
11-04-2012,2.305
12-04-2012,2.3
13-04-2012,2.3078
16-04-2012,2.2956
17-04-2012,2.3
18-04-2012,2.2878
19-04-2012,2.2542
20-04-2012,2.2656
23-04-2012,2.2435
24-04-2012,2.3001
25-04-2012,2.3071
26-04-2012,2.3256
27-04-2012,2.335
30-04-2012,2.335
01-05-2012,2.335
02-05-2012,2.335
03-05-2012,2.2996
04-05-2012,2.2451
07-05-2012,2.2482
08-05-2012,2.2454
09-05-2012,2.2449
10-05-2012,2.2575
11-05-2012,2.2261
14-05-2012,2.2063
15-05-2012,2.2141
16-05-2012,2.23
17-05-2012,2.18
18-05-2012,2.1608
21-05-2012,2.1998
22-05-2012,2.1961
23-05-2012,2.1236
24-05-2012,2.1302
25-05-2012,2.1235
28-05-2012,2.11
29-05-2012,2.0962
30-05-2012,2.0725
31-05-2012,2.0797
01-06-2012,2.0027
04-06-2012,2.0391
05-06-2012,2.0634
06-06-2012,2.0586
07-06-2012,2.0728
08-06-2012,2.0907
11-06-2012,2.0747
12-06-2012,2.0994
13-06-2012,2.0919
14-06-2012,2.0832
15-06-2012,2.1488
18-06-2012,2.1329
19-06-2012,2.1324
20-06-2012,2.1481
21-06-2012,2.0397
22-06-2012,2.0082
25-06-2012,1.9834
26-06-2012,1.9723
27-06-2012,1.9736
28-06-2012,1.9448
29-06-2012,2.0129
02-07-2012,2.0052
03-07-2012,2.0508
04-07-2012,2.065
05-07-2012,2.0986
06-07-2012,2.0635
09-07-2012,2.0701
10-07-2012,2.093
11-07-2012,2.0888
12-07-2012,2.0819
13-07-2012,2.0905
16-07-2012,2.0845
17-07-2012,2.065
18-07-2012,2.0845
19-07-2012,2.087
20-07-2012,2.0834
23-07-2012,2.025
24-07-2012,1.99
25-07-2012,1.9834
26-07-2012,1.9825
27-07-2012,2.05
30-07-2012,2.0825
31-07-2012,2.1122
01-08-2012,2.1495
02-08-2012,2.12
03-08-2012,2.1642
06-08-2012,2.1864
07-08-2012,2.2441
08-08-2012,2.2227
09-08-2012,2.209
10-08-2012,2.1893
13-08-2012,2.1896
14-08-2012,2.2
15-08-2012,2.1723
16-08-2012,2.1743
17-08-2012,2.1391
20-08-2012,2.13
21-08-2012,2.1491
22-08-2012,2.1435
23-08-2012,2.2114
24-08-2012,2.2156
27-08-2012,2.2476
28-08-2012,2.2561
29-08-2012,2.2312
30-08-2012,2.2017
31-08-2012,2.2291
03-09-2012,2.217
04-09-2012,2.2532
05-09-2012,2.2581
06-09-2012,2.264
07-09-2012,2.3
10-09-2012,2.3446
11-09-2012,2.3667
12-09-2012,2.3847
13-09-2012,2.5016
14-09-2012,2.6665
17-09-2012,2.5991
18-09-2012,2.5043
19-09-2012,2.4447
20-09-2012,2.4385
21-09-2012,2.4363
24-09-2012,2.4236
25-09-2012,2.3905
26-09-2012,2.3373
27-09-2012,2.375
28-09-2012,2.3682
01-10-2012,2.365
02-10-2012,2.4023
03-10-2012,2.4345
04-10-2012,2.457
05-10-2012,2.5277
08-10-2012,2.528
09-10-2012,2.5137
10-10-2012,2.4724
11-10-2012,2.43
12-10-2012,2.4166
15-10-2012,2.4239
16-10-2012,2.4224
17-10-2012,2.4569
18-10-2012,2.4644
19-10-2012,2.4374
22-10-2012,2.4247
23-10-2012,2.405
24-10-2012,2.393
25-10-2012,2.3907
26-10-2012,2.373
29-10-2012,2.365
30-10-2012,2.367
31-10-2012,2.3949
01-11-2012,2.398
02-11-2012,2.366
05-11-2012,2.3639
06-11-2012,2.405
07-11-2012,2.3608
08-11-2012,2.3538
09-11-2012,2.3479
12-11-2012,2.357
13-11-2012,2.338
14-11-2012,2.3032
15-11-2012,2.315
16-11-2012,2.305
19-11-2012,2.3224
20-11-2012,2.3496
21-11-2012,2.3519
22-11-2012,2.357
23-11-2012,2.3486
26-11-2012,2.3526
27-11-2012,2.3455
28-11-2012,2.3343
29-11-2012,2.355
30-11-2012,2.365
03-12-2012,2.39
04-12-2012,2.3887
05-12-2012,2.39
06-12-2012,2.395
07-12-2012,2.41
10-12-2012,2.415
11-12-2012,2.415
12-12-2012,2.435
13-12-2012,2.4303
14-12-2012,2.403
17-12-2012,2.406
18-12-2012,2.415
19-12-2012,2.419
20-12-2012,2.425
21-12-2012,2.4143
24-12-2012,2.407
25-12-2012,2.41
26-12-2012,2.4202
27-12-2012,2.4069
28-12-2012,2.395
31-12-2012,2.387
01-01-2013,2.405
02-01-2013,2.4265
03-01-2013,2.421
04-01-2013,2.4155
07-01-2013,2.433
08-01-2013,2.43
09-01-2013,2.435
10-01-2013,2.48
11-01-2013,2.452
14-01-2013,2.465
15-01-2013,2.475
16-01-2013,2.457
17-01-2013,2.488
18-01-2013,2.4699
21-01-2013,2.47
22-01-2013,2.467
23-01-2013,2.465
24-01-2013,2.471
25-01-2013,2.485
28-01-2013,2.5
29-01-2013,2.5262
30-01-2013,2.5472
31-01-2013,2.584
01-02-2013,2.593
04-02-2013,2.576
05-02-2013,2.578
06-02-2013,2.56
07-02-2013,2.55
08-02-2013,2.528
11-02-2013,2.5274
12-02-2013,2.53
13-02-2013,2.55
14-02-2013,2.545
15-02-2013,2.5318
18-02-2013,2.539
19-02-2013,2.5385
20-02-2013,2.54
21-02-2013,2.5119
22-02-2013,2.5326
25-02-2013,2.5326
26-02-2013,2.5
27-02-2013,2.502
28-02-2013,2.505
01-03-2013,2.491
04-03-2013,2.511
05-03-2013,2.53
06-03-2013,2.532
07-03-2013,2.533
08-03-2013,2.559
11-03-2013,2.545
12-03-2013,2.55
13-03-2013,2.562
14-03-2013,2.584
15-03-2013,2.5849
18-03-2013,2.58
19-03-2013,2.535
20-03-2013,2.559
21-03-2013,2.5443
22-03-2013,2.53
25-03-2013,2.5429
26-03-2013,2.5425
27-03-2013,2.53
28-03-2013,2.545
29-03-2013,2.55
01-04-2013,2.55
02-04-2013,2.55
03-04-2013,2.517
04-04-2013,2.503
05-04-2013,2.484
08-04-2013,2.48
09-04-2013,2.4475
10-04-2013,2.421
11-04-2013,2.415
12-04-2013,2.394
15-04-2013,2.34
16-04-2013,2.3503
17-04-2013,2.3125
18-04-2013,2.173
19-04-2013,2.25
22-04-2013,2.27
23-04-2013,2.2675
24-04-2013,2.293
25-04-2013,2.3475
26-04-2013,2.315
29-04-2013,2.298
30-04-2013,2.2565
01-05-2013,2.191
02-05-2013,2.2
03-05-2013,2.252
06-05-2013,2.27
07-05-2013,2.286
08-05-2013,2.261
09-05-2013,2.26
10-05-2013,2.29
13-05-2013,2.275
14-05-2013,2.282
15-05-2013,2.255
16-05-2013,2.212
17-05-2013,2.21
20-05-2013,2.222
21-05-2013,2.215
22-05-2013,2.2009
23-05-2013,2.201
24-05-2013,2.1733
27-05-2013,2.177
28-05-2013,2.228
29-05-2013,2.1753
30-05-2013,2.125
31-05-2013,2.16
03-06-2013,2.185
04-06-2013,2.2125
05-06-2013,2.2
06-06-2013,2.215
07-06-2013,2.218
10-06-2013,2.1901
11-06-2013,2.1703
12-06-2013,2.1543
13-06-2013,2.16
14-06-2013,2.169
17-06-2013,2.161
18-06-2013,2.197
19-06-2013,2.19
20-06-2013,2.11
21-06-2013,2.015
24-06-2013,1.9912
25-06-2013,2.015
26-06-2013,2.013
27-06-2013,2.0975
28-06-2013,2.1
01-07-2013,2.161
02-07-2013,2.1575
03-07-2013,2.155
04-07-2013,2.1545
05-07-2013,2.215
08-07-2013,2.22
09-07-2013,2.205
10-07-2013,2.2
11-07-2013,2.185
12-07-2013,2.205
15-07-2013,2.22
16-07-2013,2.255
17-07-2013,2.2525
18-07-2013,2.2572
19-07-2013,2.28
22-07-2013,2.2651
23-07-2013,2.249
24-07-2013,2.21
25-07-2013,2.198
26-07-2013,2.165
29-07-2013,2.16
30-07-2013,2.159
31-07-2013,2.225
01-08-2013,2.294
02-08-2013,2.25
05-08-2013,2.28
06-08-2013,2.29
07-08-2013,2.2575
08-08-2013,2.2405
09-08-2013,2.241
12-08-2013,2.2351
13-08-2013,2.24
14-08-2013,2.197
15-08-2013,2.1556
16-08-2013,2.144
19-08-2013,2.1
20-08-2013,2.13
21-08-2013,2.134
22-08-2013,2.131
23-08-2013,2.17
26-08-2013,2.185
27-08-2013,2.202
28-08-2013,2.2029
29-08-2013,2.1613
30-08-2013,2.1557
02-09-2013,2.173
03-09-2013,2.152
04-09-2013,2.104
05-09-2013,2.09
06-09-2013,2.1
09-09-2013,2.1001
10-09-2013,2.115
11-09-2013,2.155
12-09-2013,2.173
13-09-2013,2.17
16-09-2013,2.197
17-09-2013,2.215
18-09-2013,2.2702
19-09-2013,2.2449
20-09-2013,2.2567
23-09-2013,2.245
24-09-2013,2.191
25-09-2013,2.187
26-09-2013,2.19
27-09-2013,2.18
30-09-2013,2.17
01-10-2013,2.184
02-10-2013,2.21
03-10-2013,2.196
04-10-2013,2.215
07-10-2013,2.2175
08-10-2013,2.1875
09-10-2013,2.2051
10-10-2013,2.235
11-10-2013,2.21
14-10-2013,2.21
15-10-2013,2.208
16-10-2013,2.202
17-10-2013,2.17
18-10-2013,2.1795
21-10-2013,2.187
22-10-2013,2.17
23-10-2013,2.14
24-10-2013,2.165
25-10-2013,2.1753
28-10-2013,2.188
29-10-2013,2.1825
30-10-2013,2.1825
31-10-2013,2.15
01-11-2013,2.1255
04-11-2013,2.121
05-11-2013,2.126
06-11-2013,2.18
07-11-2013,2.16
08-11-2013,2.17
11-11-2013,2.1619
12-11-2013,2.1844
13-11-2013,2.1825
14-11-2013,2.192
15-11-2013,2.19
18-11-2013,2.1775
19-11-2013,2.1506
20-11-2013,2.131
21-11-2013,2.142
22-11-2013,2.142
25-11-2013,2.126
26-11-2013,2.093
27-11-2013,2.1
28-11-2013,2.092
29-11-2013,2.084
02-12-2013,2.082
03-12-2013,2.076
04-12-2013,2.055
05-12-2013,2.0895
06-12-2013,2.0675
09-12-2013,2.055
10-12-2013,2.06
11-12-2013,2.0738
12-12-2013,2.0825
13-12-2013,2.082
16-12-2013,2.1175
17-12-2013,2.1249
18-12-2013,2.1
19-12-2013,2.096
20-12-2013,2.09
23-12-2013,2.1125
24-12-2013,2.135
25-12-2013,2.13
26-12-2013,2.1458
27-12-2013,2.131
30-12-2013,2.137
31-12-2013,2.142
01-01-2014,2.145
02-01-2014,2.19
03-01-2014,2.19
06-01-2014,2.1998
07-01-2014,2.206
08-01-2014,2.225
09-01-2014,2.2443
10-01-2014,2.211
13-01-2014,2.2
14-01-2014,2.19
15-01-2014,2.206
16-01-2014,2.177
17-01-2014,2.18
20-01-2014,2.176
21-01-2014,2.17
22-01-2014,2.1795
23-01-2014,2.1552
24-01-2014,2.1395
27-01-2014,2.141
28-01-2014,2.156
29-01-2014,2.144
30-01-2014,2.1582
31-01-2014,2.155
03-02-2014,2.155
04-02-2014,2.153
05-02-2014,2.15
06-02-2014,2.16
07-02-2014,2.1662
10-02-2014,2.183
11-02-2014,2.1811
12-02-2014,2.176
13-02-2014,2.158
14-02-2014,2.1525
17-02-2014,2.15
18-02-2014,2.155
19-02-2014,2.128
20-02-2014,2.135
21-02-2014,2.125
24-02-2014,2.14
25-02-2014,2.1425
26-02-2014,2.1478
27-02-2014,2.13
28-02-2014,2.16
03-03-2014,2.1625
04-03-2014,2.166
05-03-2014,2.17
06-03-2014,2.182
07-03-2014,2.215
10-03-2014,2.2075
11-03-2014,2.1975
12-03-2014,2.18
13-03-2014,2.149
14-03-2014,2.15
17-03-2014,2.1525
18-03-2014,2.145
19-03-2014,2.119
20-03-2014,2.084
21-03-2014,2.101
24-03-2014,2.0905
25-03-2014,2.088
26-03-2014,2.0875
27-03-2014,2.089
28-03-2014,2.0925
31-03-2014,2.095
01-04-2014,2.085
02-04-2014,2.09
03-04-2014,2.0925
04-04-2014,2.0745
07-04-2014,2.065
08-04-2014,2.057
09-04-2014,2.0775
10-04-2014,2.073
11-04-2014,2.065
14-04-2014,2.06
15-04-2014,2.0825
16-04-2014,2.11
17-04-2014,2.1795
18-04-2014,2.183
21-04-2014,2.175
22-04-2014,2.19
23-04-2014,2.1875
24-04-2014,2.174
25-04-2014,2.142
28-04-2014,2.16
29-04-2014,2.1425
30-04-2014,2.1525
01-05-2014,2.155
02-05-2014,2.1688
05-05-2014,2.15
06-05-2014,2.1242
07-05-2014,2.128
08-05-2014,2.143
09-05-2014,2.147
12-05-2014,2.14
13-05-2014,2.1284
14-05-2014,2.1625
15-05-2014,2.188
16-05-2014,2.18
19-05-2014,2.165
20-05-2014,2.1589
21-05-2014,2.1775
22-05-2014,2.207
23-05-2014,2.2035
27-05-2014,2.1925
28-05-2014,2.195
29-05-2014,2.2119
30-05-2014,2.205
02-06-2014,2.2
03-06-2014,2.1901
04-06-2014,2.1875
05-06-2014,2.215
06-06-2014,2.22
09-06-2014,2.2425
10-06-2014,2.241
11-06-2014,2.2441
12-06-2014,2.2573
13-06-2014,2.2405
16-06-2014,2.247
17-06-2014,2.2832
18-06-2014,2.3145
19-06-2014,2.3426
20-06-2014,2.362
23-06-2014,2.36
24-06-2014,2.378
25-06-2014,2.365
26-06-2014,2.3632
27-06-2014,2.3577
30-06-2014,2.3475
01-07-2014,2.3444
02-07-2014,2.3469
03-07-2014,2.375
04-07-2014,2.373
07-07-2014,2.369
08-07-2014,2.33
09-07-2014,2.3525
10-07-2014,2.365
11-07-2014,2.35
14-07-2014,2.343
15-07-2014,2.3225
16-07-2014,2.315
17-07-2014,2.319
18-07-2014,2.3297
21-07-2014,2.332
22-07-2014,2.2991
23-07-2014,2.2946
24-07-2014,2.3073
25-07-2014,2.321
28-07-2014,2.325
29-07-2014,2.324
30-07-2014,2.3377
31-07-2014,2.3458
01-08-2014,2.312
04-08-2014,2.285
05-08-2014,2.286
06-08-2014,2.2837
07-08-2014,2.2775
08-08-2014,2.281
11-08-2014,2.295
12-08-2014,2.2825
13-08-2014,2.285
14-08-2014,2.257
15-08-2014,2.239
18-08-2014,2.23
19-08-2014,2.215
20-08-2014,2.2125
21-08-2014,2.224
22-08-2014,2.2025
25-08-2014,2.199
26-08-2014,2.21
27-08-2014,2.2042
28-08-2014,2.1951
29-08-2014,2.1864
01-09-2014,2.185
02-09-2014,2.186
03-09-2014,2.185
04-09-2014,2.1975
05-09-2014,2.175
08-09-2014,2.145
09-09-2014,2.1384
10-09-2014,2.1121
11-09-2014,2.147
12-09-2014,2.15
15-09-2014,2.145
16-09-2014,2.144
17-09-2014,2.045
18-09-2014,2.0175
19-09-2014,2
22-09-2014,1.971
23-09-2014,2
24-09-2014,2.022
25-09-2014,2.0125
26-09-2014,1.988
29-09-2014,1.995
30-09-2014,1.987
01-10-2014,1.99
02-10-2014,1.974
03-10-2014,1.95
06-10-2014,1.954
07-10-2014,1.941
08-10-2014,1.978
09-10-2014,1.96
10-10-2014,1.957
13-10-2014,1.953
14-10-2014,1.887
15-10-2014,1.806
16-10-2014,1.8425
17-10-2014,1.885
20-10-2014,1.873
21-10-2014,1.88
22-10-2014,1.878
23-10-2014,1.88
24-10-2014,1.8675
27-10-2014,1.861
28-10-2014,1.891
29-10-2014,1.89
30-10-2014,1.9
31-10-2014,1.93
03-11-2014,1.9206
04-11-2014,1.9075
05-11-2014,1.928
06-11-2014,1.955
07-11-2014,1.959
10-11-2014,1.962
11-11-2014,1.968
12-11-2014,1.9507
13-11-2014,1.884
14-11-2014,1.9
17-11-2014,1.8725
18-11-2014,1.85
19-11-2014,1.83
20-11-2014,1.8375
21-11-2014,1.8587
24-11-2014,1.8575
25-11-2014,1.821
26-11-2014,1.81
27-11-2014,1.815
28-11-2014,1.7513
01-12-2014,1.769
02-12-2014,1.726
03-12-2014,1.725
04-12-2014,1.7175
05-12-2014,1.685
08-12-2014,1.6297
09-12-2014,1.65
10-12-2014,1.6
11-12-2014,1.574
12-12-2014,1.475
15-12-2014,1.445
16-12-2014,1.475
17-12-2014,1.502
18-12-2014,1.492
19-12-2014,1.515
22-12-2014,1.545
23-12-2014,1.548
24-12-2014,1.516
25-12-2014,1.522
26-12-2014,1.506
29-12-2014,1.476
30-12-2014,1.479
31-12-2014,1.5
02-01-2015,1.55
05-01-2015,1.472
06-01-2015,1.387
07-01-2015,1.44
08-01-2015,1.4748
09-01-2015,1.4562
12-01-2015,1.401
13-01-2015,1.3738
14-01-2015,1.405
15-01-2015,1.42
16-01-2015,1.458
19-01-2015,1.46
20-01-2015,1.461
21-01-2015,1.4625
22-01-2015,1.49
23-01-2015,1.52
26-01-2015,1.55
27-01-2015,1.616
28-01-2015,1.565
29-01-2015,1.607
30-01-2015,1.6325
02-02-2015,1.665
03-02-2015,1.765
04-02-2015,1.723
05-02-2015,1.73
06-02-2015,1.7333
09-02-2015,1.7225
10-02-2015,1.6879
11-02-2015,1.675
12-02-2015,1.663
13-02-2015,1.695
16-02-2015,1.687
17-02-2015,1.71
18-02-2015,1.695
19-02-2015,1.71
20-02-2015,1.71
23-02-2015,1.67
24-02-2015,1.648
25-02-2015,1.68
26-02-2015,1.761
27-02-2015,1.82
02-03-2015,1.8
03-03-2015,1.823
04-03-2015,1.831
05-03-2015,1.805
06-03-2015,1.806
09-03-2015,1.728
10-03-2015,1.684
11-03-2015,1.681
12-03-2015,1.656
13-03-2015,1.617
16-03-2015,1.583
17-03-2015,1.55
18-03-2015,1.655
19-03-2015,1.6854
20-03-2015,1.6809
23-03-2015,1.66
24-03-2015,1.706
25-03-2015,1.76
26-03-2015,1.7825
27-03-2015,1.746
30-03-2015,1.73
31-03-2015,1.75
01-04-2015,1.804
02-04-2015,1.778
03-04-2015,1.797
06-04-2015,1.84
07-04-2015,1.83
08-04-2015,1.788
09-04-2015,1.775
10-04-2015,1.755
13-04-2015,1.759
14-04-2015,1.77
15-04-2015,1.82
16-04-2015,1.8325
17-04-2015,1.88
20-04-2015,1.87
21-04-2015,1.84
22-04-2015,1.862
23-04-2015,1.871
24-04-2015,1.873
27-04-2015,1.872
28-04-2015,1.87
29-04-2015,1.88
30-04-2015,1.895
01-05-2015,1.896
04-05-2015,1.887
05-05-2015,1.903
06-05-2015,1.868
07-05-2015,1.84
08-05-2015,1.83
11-05-2015,1.816
12-05-2015,1.828
13-05-2015,1.8489
14-05-2015,1.836
15-05-2015,1.832
18-05-2015,1.846
19-05-2015,1.82
20-05-2015,1.84
21-05-2015,1.8185
22-05-2015,1.85
26-05-2015,1.79
27-05-2015,1.755
28-05-2015,1.747
29-05-2015,1.792
01-06-2015,1.78
02-06-2015,1.818
03-06-2015,1.825
04-06-2015,1.8058
05-06-2015,1.853
08-06-2015,1.85
09-06-2015,1.8675
10-06-2015,1.8625
11-06-2015,1.8459
12-06-2015,1.855
15-06-2015,1.843
16-06-2015,1.884
17-06-2015,1.91
18-06-2015,1.885
19-06-2015,1.832
22-06-2015,1.8655
23-06-2015,1.889
24-06-2015,1.8805
25-06-2015,1.88
26-06-2015,1.9
29-06-2015,1.865
30-06-2015,1.879
01-07-2015,1.888
02-07-2015,1.9029
03-07-2015,1.909
06-07-2015,1.843
07-07-2015,1.825
08-07-2015,1.799
09-07-2015,1.8275
10-07-2015,1.844
13-07-2015,1.835
14-07-2015,1.812
15-07-2015,1.799
16-07-2015,1.7975
17-07-2015,1.785
20-07-2015,1.7705
21-07-2015,1.766
22-07-2015,1.76
23-07-2015,1.708
24-07-2015,1.666
27-07-2015,1.624
28-07-2015,1.6306
29-07-2015,1.665
30-07-2015,1.665
31-07-2015,1.653
03-08-2015,1.576
04-08-2015,1.575
05-08-2015,1.576
06-08-2015,1.55
07-08-2015,1.533
10-08-2015,1.567
11-08-2015,1.545
12-08-2015,1.52
13-08-2015,1.5141
14-08-2015,1.51
17-08-2015,1.4625
18-08-2015,1.455
19-08-2015,1.413
20-08-2015,1.415
21-08-2015,1.39
24-08-2015,1.355
25-08-2015,1.404
26-08-2015,1.395
27-08-2015,1.487
28-08-2015,1.4975
31-08-2015,1.48
01-09-2015,1.47
02-09-2015,1.4706
03-09-2015,1.45
04-09-2015,1.402
07-09-2015,1.405
08-09-2015,1.415
09-09-2015,1.4227
10-09-2015,1.4626
11-09-2015,1.46
14-09-2015,1.438
15-09-2015,1.4527
16-09-2015,1.472
17-09-2015,1.484
18-09-2015,1.4526
21-09-2015,1.442
22-09-2015,1.424
23-09-2015,1.4125
24-09-2015,1.3576
25-09-2015,1.3475
28-09-2015,1.244
29-09-2015,1.275
30-09-2015,1.34
01-10-2015,1.398
02-10-2015,1.4225
05-10-2015,1.445
06-10-2015,1.483
07-10-2015,1.4925
08-10-2015,1.5325
09-10-2015,1.482
12-10-2015,1.49
13-10-2015,1.433
14-10-2015,1.4
15-10-2015,1.425
16-10-2015,1.43
19-10-2015,1.398
20-10-2015,1.4327
21-10-2015,1.4075
22-10-2015,1.422
23-10-2015,1.465
26-10-2015,1.4375
27-10-2015,1.4302
28-10-2015,1.4325
29-10-2015,1.462
30-10-2015,1.473
02-11-2015,1.5025
03-11-2015,1.564
04-11-2015,1.538
05-11-2015,1.5125
06-11-2015,1.525
09-11-2015,1.553
10-11-2015,1.532
11-11-2015,1.532
12-11-2015,1.5125
13-11-2015,1.499
16-11-2015,1.4975
17-11-2015,1.515
18-11-2015,1.54
19-11-2015,1.5625
20-11-2015,1.5975
23-11-2015,1.56
24-11-2015,1.6075
25-11-2015,1.6275
26-11-2015,1.6275
27-11-2015,1.62
30-11-2015,1.617
01-12-2015,1.6327
02-12-2015,1.62
03-12-2015,1.678
04-12-2015,1.63
07-12-2015,1.5828
08-12-2015,1.585
09-12-2015,1.5477
10-12-2015,1.5425
11-12-2015,1.51
14-12-2015,1.515
15-12-2015,1.56
16-12-2015,1.5325
17-12-2015,1.565
18-12-2015,1.562
21-12-2015,1.5125
22-12-2015,1.5275
23-12-2015,1.53
24-12-2015,1.58
25-12-2015,1.5831
28-12-2015,1.57
29-12-2015,1.6025
30-12-2015,1.592
31-12-2015,1.59
01-01-2016,1.593
04-01-2016,1.617
05-01-2016,1.6113
06-01-2016,1.555
07-01-2016,1.54
08-01-2016,1.51
11-01-2016,1.4878
12-01-2016,1.45
13-01-2016,1.433
14-01-2016,1.4575
15-01-2016,1.38
18-01-2016,1.3775
19-01-2016,1.4
20-01-2016,1.3529
21-01-2016,1.349
22-01-2016,1.4075
25-01-2016,1.394
26-01-2016,1.4053
27-01-2016,1.4325
28-01-2016,1.4525
29-01-2016,1.452
01-02-2016,1.438
02-02-2016,1.389
03-02-2016,1.399
04-02-2016,1.386
05-02-2016,1.33
08-02-2016,1.248
09-02-2016,1.221
10-02-2016,1.223
11-02-2016,1.1975
12-02-2016,1.265
15-02-2016,1.275
16-02-2016,1.272
17-02-2016,1.28
18-02-2016,1.25
19-02-2016,1.271
22-02-2016,1.316
23-02-2016,1.323
24-02-2016,1.372
25-02-2016,1.396
26-02-2016,1.4275
29-02-2016,1.453
01-03-2016,1.52
02-03-2016,1.539
03-03-2016,1.5575
04-03-2016,1.56
07-03-2016,1.566
08-03-2016,1.548
09-03-2016,1.575
10-03-2016,1.558
11-03-2016,1.601
14-03-2016,1.568
15-03-2016,1.555
16-03-2016,1.635
17-03-2016,1.643
18-03-2016,1.66
21-03-2016,1.6925
22-03-2016,1.682
23-03-2016,1.627
24-03-2016,1.61
25-03-2016,1.615
28-03-2016,1.627
29-03-2016,1.6875
30-03-2016,1.744
31-03-2016,1.7025
01-04-2016,1.7
04-04-2016,1.692
05-04-2016,1.648
06-04-2016,1.655
07-04-2016,1.635
08-04-2016,1.646
11-04-2016,1.625
12-04-2016,1.63
13-04-2016,1.64
14-04-2016,1.6
15-04-2016,1.6
18-04-2016,1.607
19-04-2016,1.65
20-04-2016,1.675
21-04-2016,1.68
22-04-2016,1.698
25-04-2016,1.692
26-04-2016,1.705
27-04-2016,1.716
28-04-2016,1.766
29-04-2016,1.748
02-05-2016,1.737
03-05-2016,1.7
04-05-2016,1.684
05-05-2016,1.68
06-05-2016,1.674
09-05-2016,1.644
10-05-2016,1.68
11-05-2016,1.673
12-05-2016,1.68
13-05-2016,1.6725
16-05-2016,1.6975
17-05-2016,1.705
18-05-2016,1.675
19-05-2016,1.6625
20-05-2016,1.6575
23-05-2016,1.651
24-05-2016,1.684
25-05-2016,1.7075
26-05-2016,1.695
27-05-2016,1.7
30-05-2016,1.697
31-05-2016,1.67
01-06-2016,1.669
02-06-2016,1.672
03-06-2016,1.66
06-06-2016,1.685
07-06-2016,1.707
08-06-2016,1.723
09-06-2016,1.706
10-06-2016,1.683
13-06-2016,1.636
14-06-2016,1.628
15-06-2016,1.647
16-06-2016,1.615
17-06-2016,1.6225
20-06-2016,1.627
21-06-2016,1.592
22-06-2016,1.599
23-06-2016,1.661
24-06-2016,1.6
27-06-2016,1.4725
28-06-2016,1.511
29-06-2016,1.567
30-06-2016,1.57
01-07-2016,1.63
04-07-2016,1.625
05-07-2016,1.569
06-07-2016,1.616
07-07-2016,1.61
08-07-2016,1.595
11-07-2016,1.6075
12-07-2016,1.649
13-07-2016,1.617
14-07-2016,1.631
15-07-2016,1.6375
18-07-2016,1.627
19-07-2016,1.603
20-07-2016,1.5925
21-07-2016,1.572
22-07-2016,1.559
25-07-2016,1.531
26-07-2016,1.5275
27-07-2016,1.506
28-07-2016,1.5275
29-07-2016,1.505
01-08-2016,1.472
02-08-2016,1.446
03-08-2016,1.479
04-08-2016,1.5025
05-08-2016,1.523
08-08-2016,1.535
09-08-2016,1.51
10-08-2016,1.486
11-08-2016,1.52
12-08-2016,1.507
15-08-2016,1.5225
16-08-2016,1.495
17-08-2016,1.521
18-08-2016,1.539
19-08-2016,1.549
22-08-2016,1.539
23-08-2016,1.548
24-08-2016,1.545
25-08-2016,1.553
26-08-2016,1.5525
29-08-2016,1.528
30-08-2016,1.521
31-08-2016,1.515
01-09-2016,1.501
02-09-2016,1.53
05-09-2016,1.53
06-09-2016,1.537
07-09-2016,1.5575
08-09-2016,1.602
09-09-2016,1.573
12-09-2016,1.587
13-09-2016,1.591
14-09-2016,1.585
15-09-2016,1.599
16-09-2016,1.633
19-09-2016,1.636
20-09-2016,1.625
21-09-2016,1.652
22-09-2016,1.694
23-09-2016,1.71
26-09-2016,1.686
27-09-2016,1.67
28-09-2016,1.709
29-09-2016,1.701
30-09-2016,1.74
03-10-2016,1.75
04-10-2016,1.7475
05-10-2016,1.76
06-10-2016,1.795
07-10-2016,1.79
10-10-2016,1.7875
11-10-2016,1.805
12-10-2016,1.8
13-10-2016,1.803
14-10-2016,1.826
17-10-2016,1.857
18-10-2016,1.845
19-10-2016,1.864
20-10-2016,1.856
21-10-2016,1.855
24-10-2016,1.849
25-10-2016,1.853
26-10-2016,1.86
27-10-2016,1.88
28-10-2016,1.894
31-10-2016,1.8825
01-11-2016,1.9
02-11-2016,1.853
03-11-2016,1.827
04-11-2016,1.823
07-11-2016,1.877
08-11-2016,1.895
09-11-2016,1.985
10-11-2016,2.023
11-11-2016,2.03
14-11-2016,1.983
15-11-2016,2.005
16-11-2016,2.003
17-11-2016,2.03
18-11-2016,2.042
21-11-2016,2.045
22-11-2016,2.054
23-11-2016,2.0625
24-11-2016,2.07
25-11-2016,2.04
28-11-2016,1.992
29-11-2016,2.008
30-11-2016,2.084
01-12-2016,2.11
02-12-2016,2.085
05-12-2016,2.081
06-12-2016,2.105
07-12-2016,2.081
08-12-2016,2.13
09-12-2016,2.133
12-12-2016,2.1675
13-12-2016,2.132
14-12-2016,2.121
15-12-2016,2.0825
16-12-2016,2.052
19-12-2016,2.0575
20-12-2016,2.124
21-12-2016,2.1175
22-12-2016,2.162
23-12-2016,2.177
27-12-2016,2.189
28-12-2016,2.177
29-12-2016,2.151
30-12-2016,2.168
02-01-2017,2.165
03-01-2017,2.189
04-01-2017,2.191
05-01-2017,2.18
06-01-2017,2.186
09-01-2017,2.1675
10-01-2017,2.178
11-01-2017,2.207
12-01-2017,2.202
13-01-2017,2.205
16-01-2017,2.1975
17-01-2017,2.189
18-01-2017,2.2
19-01-2017,2.219
20-01-2017,2.233
23-01-2017,2.197
24-01-2017,2.2175
25-01-2017,2.24
26-01-2017,2.253
27-01-2017,2.2625
30-01-2017,2.25
31-01-2017,2.25
01-02-2017,2.264
02-02-2017,2.271
03-02-2017,2.269
06-02-2017,2.236
07-02-2017,2.1925
08-02-2017,2.15
09-02-2017,2.165
10-02-2017,2.182
13-02-2017,2.168
14-02-2017,2.169
15-02-2017,2.237
16-02-2017,2.22
17-02-2017,2.193
20-02-2017,2.193
21-02-2017,2.2025
22-02-2017,2.206
23-02-2017,2.21
24-02-2017,2.18
27-02-2017,2.1875
28-02-2017,2.169
01-03-2017,2.2
02-03-2017,2.18
03-03-2017,2.209
06-03-2017,2.194
07-03-2017,2.1975
08-03-2017,2.174
09-03-2017,2.169
10-03-2017,2.168
13-03-2017,2.1675
14-03-2017,2.131
15-03-2017,2.175
16-03-2017,2.175
17-03-2017,2.176
20-03-2017,2.163
21-03-2017,2.145
22-03-2017,2.14
23-03-2017,2.13
24-03-2017,2.144
27-03-2017,2.148
28-03-2017,2.144
29-03-2017,2.143
30-03-2017,2.135
31-03-2017,2.1325
03-04-2017,2.116
04-04-2017,2.116
05-04-2017,2.121
06-04-2017,2.119
07-04-2017,2.103
10-04-2017,2.09
11-04-2017,2.073
12-04-2017,2.094
13-04-2017,2.09
14-04-2017,2.09
17-04-2017,2.055
18-04-2017,2.002
19-04-2017,2
20-04-2017,2.0175
21-04-2017,2.001
24-04-2017,2.033
25-04-2017,2.067
26-04-2017,2.046
27-04-2017,2.048
28-04-2017,2.038
01-05-2017,2.031
02-05-2017,1.995
03-05-2017,1.995
04-05-2017,1.96
05-05-2017,1.982
08-05-2017,1.986
09-05-2017,1.97
10-05-2017,1.9875
11-05-2017,2.0175
12-05-2017,1.962
15-05-2017,1.959
16-05-2017,1.946
17-05-2017,1.922
18-05-2017,1.9
19-05-2017,1.962
22-05-2017,1.966
23-05-2017,1.981
24-05-2017,1.96
25-05-2017,1.9425
26-05-2017,1.94
29-05-2017,1.948
30-05-2017,1.977
31-05-2017,1.971
01-06-2017,1.978
02-06-2017,1.96
05-06-2017,1.955
06-06-2017,1.944
07-06-2017,1.93
08-06-2017,1.936
09-06-2017,1.936
12-06-2017,1.903
13-06-2017,1.9
14-06-2017,1.805
15-06-2017,1.795
16-06-2017,1.783
19-06-2017,1.784
20-06-2017,1.7618
21-06-2017,1.775
22-06-2017,1.794
23-06-2017,1.82
26-06-2017,1.848
27-06-2017,1.877
28-06-2017,1.9
29-06-2017,1.8879
30-06-2017,1.897
03-07-2017,1.927
04-07-2017,1.926
05-07-2017,1.927
06-07-2017,1.929
07-07-2017,1.911
10-07-2017,1.892
11-07-2017,1.89
12-07-2017,1.902
13-07-2017,1.921
14-07-2017,1.906
17-07-2017,1.9121
18-07-2017,1.924
19-07-2017,1.948
20-07-2017,1.923
21-07-2017,1.902
24-07-2017,1.9028
25-07-2017,1.934
26-07-2017,1.9455
27-07-2017,1.957
28-07-2017,1.96
31-07-2017,1.9533
01-08-2017,1.933
02-08-2017,1.9378
03-08-2017,1.9303
04-08-2017,1.968
07-08-2017,1.975
08-08-2017,2.005
09-08-2017,2.0035
10-08-2017,1.979
11-08-2017,1.9353
14-08-2017,1.904
15-08-2017,1.9133
16-08-2017,1.914
17-08-2017,1.912
18-08-2017,1.903
21-08-2017,1.894
22-08-2017,1.909
23-08-2017,1.914
24-08-2017,1.905
25-08-2017,1.897
28-08-2017,1.903
29-08-2017,1.8893
30-08-2017,1.898
31-08-2017,1.929
01-09-2017,1.941
04-09-2017,1.936
05-09-2017,1.927
06-09-2017,1.948
07-09-2017,1.948
08-09-2017,1.9728
11-09-2017,1.9978
12-09-2017,2.0085
13-09-2017,2.0127
14-09-2017,2.0366
15-09-2017,2.039
18-09-2017,2.0678
19-09-2017,2.0618
20-09-2017,2.0479
21-09-2017,2.0328
22-09-2017,2.0548
25-09-2017,2.068
26-09-2017,2.0678
27-09-2017,2.097
28-09-2017,2.08
29-09-2017,2.065
02-10-2017,2.0424
03-10-2017,2.044
04-10-2017,2.057
05-10-2017,2.0653
06-10-2017,2.069
09-10-2017,2.071
10-10-2017,2.077
11-10-2017,2.0814
12-10-2017,2.067
13-10-2017,2.03
16-10-2017,2.034
17-10-2017,1.99
18-10-2017,2.022
19-10-2017,2.004
20-10-2017,2.046
23-10-2017,2.048
24-10-2017,2.051
25-10-2017,2.052
26-10-2017,2.0436
27-10-2017,2.0533
30-10-2017,2.06
31-10-2017,2.0631
01-11-2017,2.0649
02-11-2017,2.0604
03-11-2017,2.0504
06-11-2017,2.064
07-11-2017,2.0665
08-11-2017,2.073
09-11-2017,2.067
10-11-2017,2.065
13-11-2017,2.057
14-11-2017,2.0454
15-11-2017,2.051
16-11-2017,2.054
17-11-2017,2.0332
20-11-2017,2.037
21-11-2017,2.0154
22-11-2017,2.025
24-11-2017,2.032
27-11-2017,2.0241
28-11-2017,2.0154
29-11-2017,2.02
30-11-2017,2.0293
01-12-2017,2.033
04-12-2017,2.0409
05-12-2017,2.042
06-12-2017,2.03
07-12-2017,2.048
08-12-2017,2.057
11-12-2017,2.058
12-12-2017,2.078
13-12-2017,2.0442
14-12-2017,2.0412
15-12-2017,2.0241
18-12-2017,2.0404
19-12-2017,2.0615
20-12-2017,2.0654
21-12-2017,2.0865
22-12-2017,2.082
26-12-2017,2.081
27-12-2017,2.089
28-12-2017,2.09
29-12-2017,2.111
02-01-2018,2.13
03-01-2018,2.12
04-01-2018,2.139
05-01-2018,2.16
08-01-2018,2.149
09-01-2018,2.17
10-01-2018,2.15
11-01-2018,2.1368
12-01-2018,2.14
15-01-2018,2.14
16-01-2018,2.169
17-01-2018,2.181
18-01-2018,2.216
19-01-2018,2.2118
22-01-2018,2.218
23-01-2018,2.218
24-01-2018,2.217
25-01-2018,2.23
26-01-2018,2.24
29-01-2018,2.219
30-01-2018,2.2
31-01-2018,2.21
01-02-2018,2.22
02-02-2018,2.243
05-02-2018,2.193
06-02-2018,2.191
07-02-2018,2.2055
08-02-2018,2.19
09-02-2018,2.1305
12-02-2018,2.167
13-02-2018,2.1475
14-02-2018,2.194
15-02-2018,2.2238
16-02-2018,2.228
19-02-2018,2.228
20-02-2018,2.2205
21-02-2018,2.238
22-02-2018,2.232
23-02-2018,2.246
26-02-2018,2.27
27-02-2018,2.264
28-02-2018,2.248
01-03-2018,2.217
02-03-2018,2.259
05-03-2018,2.269
06-03-2018,2.2647
07-03-2018,2.2755
08-03-2018,2.2571
09-03-2018,2.2465
12-03-2018,2.231
13-03-2018,2.2255
14-03-2018,2.2245
15-03-2018,2.232
16-03-2018,2.236
19-03-2018,2.2315
20-03-2018,2.232
21-03-2018,2.2456
22-03-2018,2.2365
23-03-2018,2.2286
26-03-2018,2.2335
27-03-2018,2.2236
28-03-2018,2.1865
29-03-2018,2.193
30-03-2018,2.1921
02-04-2018,2.174
03-04-2018,2.207
04-04-2018,2.215
05-04-2018,2.222
06-04-2018,2.201
09-04-2018,2.2086
10-04-2018,2.2183
11-04-2018,2.2435
12-04-2018,2.26
13-04-2018,2.278
16-04-2018,2.257
17-04-2018,2.265
18-04-2018,2.29
19-04-2018,2.2848
20-04-2018,2.272
23-04-2018,2.278
24-04-2018,2.2596
25-04-2018,2.263
26-04-2018,2.2633
27-04-2018,2.255
30-04-2018,2.2738
01-05-2018,2.2561
02-05-2018,2.266
03-05-2018,2.256
04-05-2018,2.272
07-05-2018,2.289
08-05-2018,2.2711
09-05-2018,2.3118
10-05-2018,2.3073
11-05-2018,2.309
14-05-2018,2.3055
15-05-2018,2.33
16-05-2018,2.3297
17-05-2018,2.328
18-05-2018,2.316
21-05-2018,2.324
22-05-2018,2.33
23-05-2018,2.3108
24-05-2018,2.296
25-05-2018,2.265
28-05-2018,2.258
29-05-2018,2.22
30-05-2018,2.234
31-05-2018,2.26
01-06-2018,2.2845
04-06-2018,2.286
05-06-2018,2.293
06-06-2018,2.316
07-06-2018,2.3128
08-06-2018,2.301
11-06-2018,2.308
12-06-2018,2.32
13-06-2018,2.32
14-06-2018,2.316
15-06-2018,2.3074
18-06-2018,2.3193
19-06-2018,2.3095
20-06-2018,2.3188
21-06-2018,2.31
22-06-2018,2.33
25-06-2018,2.31
26-06-2018,2.33
27-06-2018,2.325
28-06-2018,2.315
29-06-2018,2.324
02-07-2018,2.3385
03-07-2018,2.34
04-07-2018,2.3361
05-07-2018,2.353
06-07-2018,2.3588
09-07-2018,2.37
10-07-2018,2.3723
11-07-2018,2.3426
12-07-2018,2.334
13-07-2018,2.3433
16-07-2018,2.3265
17-07-2018,2.3168
18-07-2018,2.3078
19-07-2018,2.3038
20-07-2018,2.3169
23-07-2018,2.3
24-07-2018,2.2858
25-07-2018,2.301
26-07-2018,2.3046
27-07-2018,2.2981
30-07-2018,2.31
31-07-2018,2.299
01-08-2018,2.3026
02-08-2018,2.305
03-08-2018,2.291
06-08-2018,2.293
07-08-2018,2.301
08-08-2018,2.28
09-08-2018,2.27
10-08-2018,2.271
13-08-2018,2.27
14-08-2018,2.27
15-08-2018,2.26
16-08-2018,2.261
17-08-2018,2.26
20-08-2018,2.26
21-08-2018,2.274
22-08-2018,2.279
23-08-2018,2.282
24-08-2018,2.296
27-08-2018,2.296
28-08-2018,2.3039
29-08-2018,2.314
30-08-2018,2.313
31-08-2018,2.292
04-09-2018,2.299
05-09-2018,2.294
06-09-2018,2.262
07-09-2018,2.294
10-09-2018,2.2903
11-09-2018,2.3068
12-09-2018,2.3183
13-09-2018,2.284
14-09-2018,2.2975
17-09-2018,2.2966
18-09-2018,2.306
19-09-2018,2.317
20-09-2018,2.322
21-09-2018,2.329
24-09-2018,2.333
25-09-2018,2.343
26-09-2018,2.338
27-09-2018,2.333
28-09-2018,2.3335
01-10-2018,2.338
02-10-2018,2.3291
03-10-2018,2.3521
04-10-2018,2.335
05-10-2018,2.328
09-10-2018,2.33
10-10-2018,2.3229
11-10-2018,2.251
12-10-2018,2.2644
15-10-2018,2.2654
16-10-2018,2.2704
17-10-2018,2.2657
18-10-2018,2.247
19-10-2018,2.256
22-10-2018,2.2554
23-10-2018,2.221
24-10-2018,2.207
25-10-2018,2.183
26-10-2018,2.2
29-10-2018,2.202
30-10-2018,2.1816
31-10-2018,2.1871
01-11-2018,2.152
02-11-2018,2.18
05-11-2018,2.196
06-11-2018,2.2022
07-11-2018,2.21
08-11-2018,2.198
09-11-2018,2.173
13-11-2018,2.153
14-11-2018,2.1299
15-11-2018,2.127
16-11-2018,2.149
19-11-2018,2.123
20-11-2018,2.101
21-11-2018,2.091
23-11-2018,2.041
26-11-2018,2.058
27-11-2018,2
28-11-2018,2.023
29-11-2018,2.0769
30-11-2018,2.07
03-12-2018,2.06
04-12-2018,2.06
06-12-2018,2.0068
07-12-2018,2.019
10-12-2018,1.9541
11-12-2018,1.9261
12-12-2018,1.9351
13-12-2018,1.9345
14-12-2018,1.9089
17-12-2018,1.8849
18-12-2018,1.8728
19-12-2018,1.8552
20-12-2018,1.803
21-12-2018,1.8179
24-12-2018,1.7768
26-12-2018,1.8
27-12-2018,1.7766
28-12-2018,1.77
31-12-2018,1.75
02-01-2019,1.747
03-01-2019,1.738
04-01-2019,1.837
07-01-2019,1.8528
08-01-2019,1.903
09-01-2019,1.921
10-01-2019,1.906
11-01-2019,1.914
14-01-2019,1.8856
15-01-2019,1.8723
16-01-2019,1.8756
17-01-2019,1.885
18-01-2019,1.8995
22-01-2019,1.862
23-01-2019,1.863
24-01-2019,1.8574
25-01-2019,1.8696
28-01-2019,1.838
29-01-2019,1.8475
30-01-2019,1.9044
31-01-2019,1.9443
01-02-2019,1.964
04-02-2019,1.96
05-02-2019,1.945
06-02-2019,1.95
07-02-2019,1.908
08-02-2019,1.8991
11-02-2019,1.902
12-02-2019,1.913
13-02-2019,1.944
14-02-2019,1.939
15-02-2019,1.943
19-02-2019,1.944
20-02-2019,1.9572
21-02-2019,1.96
22-02-2019,1.953
25-02-2019,1.965
26-02-2019,1.9706
27-02-2019,1.9965
28-02-2019,1.993
01-03-2019,2.003
04-03-2019,1.988
05-03-2019,1.981
06-03-2019,1.968
07-03-2019,1.97
08-03-2019,1.973
11-03-2019,1.9905
12-03-2019,1.968
13-03-2019,1.992
14-03-2019,2.009
15-03-2019,2.008
18-03-2019,2.025
19-03-2019,2.013
20-03-2019,2.0341
21-03-2019,2.036
22-03-2019,1.97
25-03-2019,1.927
26-03-2019,1.919
27-03-2019,1.88
28-03-2019,1.911
29-03-2019,1.937
01-04-2019,1.977
02-04-2019,1.969
03-04-2019,1.9679
04-04-2019,1.963
05-04-2019,1.9665
08-04-2019,1.976
09-04-2019,1.965
10-04-2019,1.998
11-04-2019,1.991
12-04-2019,2.037
15-04-2019,2.0267
16-04-2019,2.0262
17-04-2019,2.016
18-04-2019,2.0217
19-04-2019,2.02
22-04-2019,2.032
23-04-2019,2.0348
24-04-2019,2.03
25-04-2019,2.039
26-04-2019,2.026
29-04-2019,2.024
30-04-2019,2.0217
01-05-2019,1.989
02-05-2019,1.953
03-05-2019,1.97
06-05-2019,1.975
07-05-2019,1.932
08-05-2019,1.9212
09-05-2019,1.9008
10-05-2019,1.939
13-05-2019,1.909
14-05-2019,1.929
15-05-2019,1.92
16-05-2019,1.928
17-05-2019,1.898
20-05-2019,1.89
21-05-2019,1.91
22-05-2019,1.877
23-05-2019,1.83
24-05-2019,1.83
27-05-2019,1.832
28-05-2019,1.794
29-05-2019,1.811
30-05-2019,1.803
31-05-2019,1.791
03-06-2019,1.771
04-06-2019,1.796
05-06-2019,1.797
06-06-2019,1.809
07-06-2019,1.815
10-06-2019,1.793
11-06-2019,1.775
12-06-2019,1.731
13-06-2019,1.7175
14-06-2019,1.683
17-06-2019,1.657
18-06-2019,1.707
19-06-2019,1.766
20-06-2019,1.8524
21-06-2019,1.8408
24-06-2019,1.81
25-06-2019,1.772
26-06-2019,1.799
27-06-2019,1.767
28-06-2019,1.768
01-07-2019,1.776
02-07-2019,1.741
03-07-2019,1.7485
04-07-2019,1.75
05-07-2019,1.79
08-07-2019,1.782
09-07-2019,1.811
10-07-2019,1.848
11-07-2019,1.88
12-07-2019,1.888
15-07-2019,1.88
16-07-2019,1.888
17-07-2019,1.848
18-07-2019,1.86
19-07-2019,1.871
22-07-2019,1.863
23-07-2019,1.868
24-07-2019,1.853
25-07-2019,1.857
26-07-2019,1.842
29-07-2019,1.841
30-07-2019,1.85
31-07-2019,1.817
01-08-2019,1.753
02-08-2019,1.745
05-08-2019,1.677
06-08-2019,1.69
07-08-2019,1.67
08-08-2019,1.709
09-08-2019,1.7037
12-08-2019,1.657
13-08-2019,1.692
14-08-2019,1.623
15-08-2019,1.6072
16-08-2019,1.6098
19-08-2019,1.628
20-08-2019,1.591
21-08-2019,1.612
22-08-2019,1.6105
23-08-2019,1.601
26-08-2019,1.5957
27-08-2019,1.607
28-08-2019,1.629
29-08-2019,1.66
30-08-2019,1.601
02-09-2019,1.603
03-09-2019,1.56
04-09-2019,1.573
05-09-2019,1.616
06-09-2019,1.614
09-09-2019,1.651
10-09-2019,1.659
11-09-2019,1.663
12-09-2019,1.691
13-09-2019,1.737
16-09-2019,1.754
17-09-2019,1.73
18-09-2019,1.691
19-09-2019,1.703
20-09-2019,1.702
23-09-2019,1.703
24-09-2019,1.659
25-09-2019,1.6705
26-09-2019,1.647
27-09-2019,1.61
30-09-2019,1.59
01-10-2019,1.58
02-10-2019,1.547
03-10-2019,1.52
04-10-2019,1.53
07-10-2019,1.5479
08-10-2019,1.52
09-10-2019,1.517
10-10-2019,1.5705
11-10-2019,1.612
14-10-2019,1.611
15-10-2019,1.6115
16-10-2019,1.63
17-10-2019,1.6618
18-10-2019,1.6719
21-10-2019,1.671
22-10-2019,1.668
23-10-2019,1.68
24-10-2019,1.688
25-10-2019,1.7212
28-10-2019,1.7037
29-10-2019,1.66
30-10-2019,1.638
31-10-2019,1.599
01-11-2019,1.663
04-11-2019,1.719
05-11-2019,1.748
06-11-2019,1.757
07-11-2019,1.778
08-11-2019,1.8045
11-11-2019,1.8
12-11-2019,1.77
13-11-2019,1.7519
14-11-2019,1.7175
15-11-2019,1.714
18-11-2019,1.71
19-11-2019,1.7025
20-11-2019,1.68
21-11-2019,1.704
22-11-2019,1.702
25-11-2019,1.711
26-11-2019,1.715
27-11-2019,1.718
28-11-2019,1.71
29-11-2019,1.684
02-12-2019,1.705
03-12-2019,1.689
04-12-2019,1.726
05-12-2019,1.7273
06-12-2019,1.7763
09-12-2019,1.7707
10-12-2019,1.791
11-12-2019,1.794
12-12-2019,1.819
13-12-2019,1.798
16-12-2019,1.8195
17-12-2019,1.843
18-12-2019,1.853
19-12-2019,1.868
20-12-2019,1.845
23-12-2019,1.826
24-12-2019,1.82
25-12-2019,1.764
26-12-2019,1.823
27-12-2019,1.7987
30-12-2019,1.786
31-12-2019,1.844
01-01-2020,1.846
02-01-2020,1.8627
03-01-2020,1.85
06-01-2020,1.824
07-01-2020,1.805
08-01-2020,1.814
09-01-2020,1.806
10-01-2020,1.8
13-01-2020,1.829
14-01-2020,1.819
15-01-2020,1.796
16-01-2020,1.791
17-01-2020,1.7862
21-01-2020,1.77
22-01-2020,1.74
23-01-2020,1.731
24-01-2020,1.69
27-01-2020,1.624
28-01-2020,1.67
29-01-2020,1.651
30-01-2020,1.664
31-01-2020,1.649
03-02-2020,1.625
04-02-2020,1.644
05-02-2020,1.6704
06-02-2020,1.673
07-02-2020,1.672
10-02-2020,1.675
11-02-2020,1.673
12-02-2020,1.701
13-02-2020,1.711
14-02-2020,1.697
17-02-2020,1.695
18-02-2020,1.686
19-02-2020,1.682
20-02-2020,1.666
21-02-2020,1.64
24-02-2020,1.598
25-02-2020,1.541
26-02-2020,1.533
27-02-2020,1.486
28-02-2020,1.42
02-03-2020,1.417
03-03-2020,1.396
04-03-2020,1.42
05-03-2020,1.331
06-03-2020,1.178
09-03-2020,0.87
10-03-2020,0.871
11-03-2020,0.834
12-03-2020,0.66
13-03-2020,0.656
16-03-2020,0.353
17-03-2020,0.312
18-03-2020,0.2388
19-03-2020,0.2799
20-03-2020,0.377
23-03-2020,0.423
24-03-2020,0.541
25-03-2020,0.653
26-03-2020,0.679
27-03-2020,0.624
30-03-2020,0.568
31-03-2020,0.594
01-04-2020,0.599
02-04-2020,0.769
03-04-2020,0.806
06-04-2020,0.873
07-04-2020,0.902
08-04-2020,0.87
09-04-2020,0.891
10-04-2020,0.8862
13-04-2020,0.946
14-04-2020,0.956
15-04-2020,0.866
16-04-2020,0.755
17-04-2020,0.732
20-04-2020,0.615
21-04-2020,0.608
22-04-2020,0.73
23-04-2020,0.727
24-04-2020,0.804
27-04-2020,0.8362
28-04-2020,0.832
29-04-2020,0.845
30-04-2020,0.805
01-05-2020,0.791
04-05-2020,0.803
05-05-2020,0.812
06-05-2020,0.816
07-05-2020,0.801
08-05-2020,0.829
11-05-2020,0.859
12-05-2020,0.836
13-05-2020,0.821
14-05-2020,0.824
15-05-2020,0.856
18-05-2020,0.949
19-05-2020,0.927
20-05-2020,0.956
21-05-2020,0.958
22-05-2020,0.952
26-05-2020,0.973
27-05-2020,0.9968
28-05-2020,1.058
29-05-2020,1.03
01-06-2020,1.058
02-06-2020,1.0619
03-06-2020,1.09
04-06-2020,1.136
05-06-2020,1.217
08-06-2020,1.248
09-06-2020,1.224
10-06-2020,1.252
11-06-2020,1.204
12-06-2020,1.212
15-06-2020,1.245
16-06-2020,1.289
17-06-2020,1.267
18-06-2020,1.307
19-06-2020,1.319
22-06-2020,1.372
23-06-2020,1.381
24-06-2020,1.358
25-06-2020,1.405
26-06-2020,1.383
29-06-2020,1.406
30-06-2020,1.427
01-07-2020,1.436
02-07-2020,1.51
03-07-2020,1.491
06-07-2020,1.552
07-07-2020,1.526
08-07-2020,1.521
09-07-2020,1.498
10-07-2020,1.514
13-07-2020,1.523
14-07-2020,1.552
15-07-2020,1.544
16-07-2020,1.567
17-07-2020,1.612
20-07-2020,1.627
21-07-2020,1.665
22-07-2020,1.682
23-07-2020,1.636
24-07-2020,1.634
27-07-2020,1.637
28-07-2020,1.625
29-07-2020,1.657
30-07-2020,1.652
31-07-2020,1.68
03-08-2020,1.715
04-08-2020,1.716
05-08-2020,1.779
06-08-2020,1.79
07-08-2020,1.767
10-08-2020,1.75
11-08-2020,1.763
12-08-2020,1.816
13-08-2020,1.821
14-08-2020,1.796
17-08-2020,1.79
18-08-2020,1.82
19-08-2020,1.772
20-08-2020,1.746
21-08-2020,1.781
24-08-2020,1.825
25-08-2020,1.847
26-08-2020,1.882
27-08-2020,1.88
28-08-2020,1.902
31-08-2020,1.92
01-09-2020,1.896
02-09-2020,1.871
03-09-2020,1.797
04-09-2020,1.829
07-09-2020,1.817
08-09-2020,1.817
09-09-2020,1.827
10-09-2020,1.803
11-09-2020,1.782
14-09-2020,1.791
15-09-2020,1.798
16-09-2020,1.819
17-09-2020,1.809
18-09-2020,1.801
21-09-2020,1.735
22-09-2020,1.714
23-09-2020,1.699
24-09-2020,1.675
25-09-2020,1.6745
28-09-2020,1.739
29-09-2020,1.76
30-09-2020,1.747
01-10-2020,1.75
02-10-2020,1.75
05-10-2020,1.799
06-10-2020,1.781
07-10-2020,1.822
08-10-2020,1.83
09-10-2020,1.838
12-10-2020,1.829
13-10-2020,1.787
14-10-2020,1.786
15-10-2020,1.79
16-10-2020,1.799
19-10-2020,1.803
20-10-2020,1.798
21-10-2020,1.82
22-10-2020,1.841
23-10-2020,1.823
26-10-2020,1.796
27-10-2020,1.785
28-10-2020,1.765
29-10-2020,1.755
30-10-2020,1.767
02-11-2020,1.773
03-11-2020,1.806
04-11-2020,1.72
05-11-2020,1.71
06-11-2020,1.716
09-11-2020,1.796
10-11-2020,1.845
11-11-2020,1.859
12-11-2020,1.817
13-11-2020,1.811
16-11-2020,1.803
17-11-2020,1.787
18-11-2020,1.783
19-11-2020,1.776
20-11-2020,1.768
23-11-2020,1.778
24-11-2020,1.813
25-11-2020,1.831
26-11-2020,1.8312
27-11-2020,1.821
30-11-2020,1.847
01-12-2020,1.876
02-12-2020,1.921
03-12-2020,1.943
04-12-2020,1.985
07-12-2020,1.986
08-12-2020,1.998
09-12-2020,2
10-12-2020,1.99
11-12-2020,1.974
14-12-2020,1.984
15-12-2020,2.025
16-12-2020,2.045
17-12-2020,2.054
18-12-2020,2.065
21-12-2020,2.051
22-12-2020,2.051
23-12-2020,2.068
24-12-2020,2.059
25-12-2020,2.063
28-12-2020,2.052
29-12-2020,2.048
30-12-2020,2.054
31-12-2020,2.083
01-01-2021,2.0824
04-01-2021,2.101
05-01-2021,2.123
06-01-2021,2.155
07-01-2021,2.213
08-01-2021,2.214
11-01-2021,2.2
12-01-2021,2.193
13-01-2021,2.179
14-01-2021,2.229
15-01-2021,2.228
18-01-2021,2.225
19-01-2021,2.249
20-01-2021,2.274
21-01-2021,2.313
22-01-2021,2.272
25-01-2021,2.263
26-01-2021,2.265
27-01-2021,2.241
28-01-2021,2.283
29-01-2021,2.289
01-02-2021,2.262
02-02-2021,2.2947
03-02-2021,2.328
04-02-2021,2.315
05-02-2021,2.347
08-02-2021,2.352
09-02-2021,2.347
10-02-2021,2.347
11-02-2021,2.364
12-02-2021,2.371
15-02-2021,2.37
16-02-2021,2.389
17-02-2021,2.371
18-02-2021,2.321
19-02-2021,2.297
22-02-2021,2.309
23-02-2021,2.3
24-02-2021,2.295
25-02-2021,2.266
26-02-2021,2.34
01-03-2021,2.352
02-03-2021,2.388
03-03-2021,2.398
04-03-2021,2.373
05-03-2021,2.406
08-03-2021,2.371
09-03-2021,2.38
10-03-2021,2.451
11-03-2021,2.499
12-03-2021,2.499
15-03-2021,2.527
16-03-2021,2.574
17-03-2021,2.559
18-03-2021,2.498
19-03-2021,2.485
22-03-2021,2.495
23-03-2021,2.474
24-03-2021,2.525
25-03-2021,2.54
26-03-2021,2.578
29-03-2021,2.547
30-03-2021,2.503
31-03-2021,2.523
01-04-2021,2.546
02-04-2021,2.564
05-04-2021,2.53
06-04-2021,2.49
07-04-2021,2.519
08-04-2021,2.494
09-04-2021,2.532
12-04-2021,2.544
13-04-2021,2.549
14-04-2021,2.576
15-04-2021,2.568
16-04-2021,2.591
19-04-2021,2.572
20-04-2021,2.544
21-04-2021,2.539
22-04-2021,2.53
23-04-2021,2.547
26-04-2021,2.58
27-04-2021,2.632
28-04-2021,2.663
29-04-2021,2.669
30-04-2021,2.666
03-05-2021,2.702
04-05-2021,2.746
05-05-2021,2.782
06-05-2021,2.748
07-05-2021,2.768
10-05-2021,2.79
11-05-2021,2.764
12-05-2021,2.786
13-05-2021,2.739
14-05-2021,2.772
17-05-2021,2.832
18-05-2021,2.814
19-05-2021,2.741
20-05-2021,2.688
21-05-2021,2.711
24-05-2021,2.729
25-05-2021,2.717
26-05-2021,2.69
27-05-2021,2.694
28-05-2021,2.692
31-05-2021,2.692
01-06-2021,2.716
02-06-2021,2.715
03-06-2021,2.693
04-06-2021,2.695
07-06-2021,2.666
08-06-2021,2.621
09-06-2021,2.561
10-06-2021,2.611
11-06-2021,2.562
14-06-2021,2.578
15-06-2021,2.596
16-06-2021,2.533
17-06-2021,2.531
18-06-2021,2.505
21-06-2021,2.54
22-06-2021,2.582
23-06-2021,2.629
24-06-2021,2.594
25-06-2021,2.632
28-06-2021,2.606
29-06-2021,2.618
30-06-2021,2.634
01-07-2021,2.641
02-07-2021,2.654
05-07-2021,2.653
06-07-2021,2.64
07-07-2021,2.584
08-07-2021,2.527
09-07-2021,2.597
12-07-2021,2.633
13-07-2021,2.72
14-07-2021,2.698
15-07-2021,2.682
16-07-2021,2.676
19-07-2021,2.585
20-07-2021,2.581
21-07-2021,2.627
22-07-2021,2.637
23-07-2021,2.707
26-07-2021,2.75
27-07-2021,2.733
28-07-2021,2.783
29-07-2021,2.785
30-07-2021,2.778
02-08-2021,2.723
03-08-2021,2.732
04-08-2021,2.698
05-08-2021,2.678
06-08-2021,2.711
09-08-2021,2.701
10-08-2021,2.734
11-08-2021,2.753
12-08-2021,2.746
13-08-2021,2.721
16-08-2021,2.706
17-08-2021,2.671
18-08-2021,2.649
19-08-2021,2.62
20-08-2021,2.578
23-08-2021,2.609
24-08-2021,2.655
25-08-2021,2.696
26-08-2021,2.678
27-08-2021,2.728
30-08-2021,2.704
31-08-2021,2.663
01-09-2021,2.675
02-09-2021,2.673
03-09-2021,2.69
06-09-2021,2.686
07-09-2021,2.71
08-09-2021,2.736
09-09-2021,2.753
10-09-2021,2.762
13-09-2021,2.741
14-09-2021,2.694
15-09-2021,2.725
16-09-2021,2.737
17-09-2021,2.724
20-09-2021,2.677
21-09-2021,2.66
22-09-2021,2.632
23-09-2021,2.677
24-09-2021,2.686
27-09-2021,2.734
28-09-2021,2.75
29-09-2021,2.73
30-09-2021,2.708
01-10-2021,2.72
04-10-2021,2.732
05-10-2021,2.806
06-10-2021,2.788
07-10-2021,2.841
08-10-2021,2.869
11-10-2021,2.785
12-10-2021,2.871
13-10-2021,2.911
14-10-2021,2.919
15-10-2021,2.949
18-10-2021,2.934
19-10-2021,2.935
20-10-2021,2.995
21-10-2021,3.087
22-10-2021,3.08
25-10-2021,3.123
26-10-2021,3.161
27-10-2021,3.165
28-10-2021,3.102
29-10-2021,3.106
01-11-2021,3.044
02-11-2021,3.04
03-11-2021,3.076
04-11-2021,3.068
05-11-2021,3.068
08-11-2021,3.135
09-11-2021,3.159
10-11-2021,3.272
11-11-2021,3.262
12-11-2021,3.287
15-11-2021,3.357
16-11-2021,3.368
17-11-2021,3.339
18-11-2021,3.308
19-11-2021,3.207
22-11-2021,3.174
23-11-2021,3.187
24-11-2021,3.209
25-11-2021,3.215
26-11-2021,3.1
29-11-2021,3.079
30-11-2021,2.95
01-12-2021,2.874
02-12-2021,2.896
03-12-2021,2.891
06-12-2021,2.923
07-12-2021,3
08-12-2021,3.042
09-12-2021,2.936
10-12-2021,2.933
13-12-2021,2.864
14-12-2021,2.835
15-12-2021,2.911
16-12-2021,2.858
17-12-2021,2.832
20-12-2021,2.811
21-12-2021,2.854
22-12-2021,2.899
23-12-2021,2.875
24-12-2021,2.878
27-12-2021,2.915
28-12-2021,2.92
29-12-2021,3.006
30-12-2021,2.993
31-12-2021,2.989
03-01-2022,3.074
04-01-2022,3.036
05-01-2022,2.959
06-01-2022,2.899
07-01-2022,2.895
10-01-2022,2.902
11-01-2022,2.989
12-01-2022,2.924
13-01-2022,2.881
14-01-2022,2.892
17-01-2022,2.885
18-01-2022,2.879
19-01-2022,2.841
20-01-2022,2.801
21-01-2022,2.826
24-01-2022,2.881
25-01-2022,2.896
26-01-2022,2.871
27-01-2022,2.887
28-01-2022,2.911
31-01-2022,2.937
01-02-2022,2.878
02-02-2022,2.862
03-02-2022,2.82
04-02-2022,2.819
07-02-2022,2.807
08-02-2022,2.814
09-02-2022,2.823
10-02-2022,2.858
11-02-2022,2.925
14-02-2022,3
15-02-2022,2.966
16-02-2022,2.931
17-02-2022,2.934
18-02-2022,2.927
21-02-2022,2.929
22-02-2022,2.97
23-02-2022,3.144
24-02-2022,3.16
25-02-2022,3.121
28-02-2022,3.165
01-03-2022,3.334
02-03-2022,3.341
03-03-2022,3.256
04-03-2022,3.291
07-03-2022,3.45
08-03-2022,3.534
09-03-2022,3.431
10-03-2022,3.488
11-03-2022,3.591
14-03-2022,3.554
15-03-2022,3.474
16-03-2022,3.373
17-03-2022,3.598
18-03-2022,3.566
21-03-2022,3.596
22-03-2022,3.577
23-03-2022,3.649
24-03-2022,3.599
25-03-2022,3.673
28-03-2022,3.599
29-03-2022,3.465
30-03-2022,3.478
31-03-2022,3.384
01-04-2022,3.361
04-04-2022,3.357
05-04-2022,3.408
06-04-2022,3.357
07-04-2022,3.353
08-04-2022,3.443
11-04-2022,3.507
12-04-2022,3.419
13-04-2022,3.364
14-04-2022,3.458
15-04-2022,3.449
18-04-2022,3.483
19-04-2022,3.483
20-04-2022,3.505
21-04-2022,3.648
22-04-2022,3.6155
25-04-2022,3.5124
26-04-2022,3.4843
27-04-2022,3.5289
28-04-2022,3.5929
29-04-2022,3.5551
02-05-2022,3.45
03-05-2022,3.45
04-05-2022,3.484
05-05-2022,3.467
06-05-2022,3.478
09-05-2022,3.2989
10-05-2022,3.2
11-05-2022,3.257
12-05-2022,3.123
13-05-2022,3.2909
16-05-2022,3.2984
17-05-2022,3.3141
18-05-2022,3.303
19-05-2022,3.2138
20-05-2022,3.135
23-05-2022,3.182
24-05-2022,3.146
25-05-2022,3.15
26-05-2022,3.2538
27-05-2022,3.2718
31-05-2022,3.297
01-06-2022,3.2787
02-06-2022,3.297
03-06-2022,3.3478
06-06-2022,3.3699
07-06-2022,3.3462
08-06-2022,3.3773
09-06-2022,3.3988
10-06-2022,3.466
13-06-2022,3.44
14-06-2022,3.2112
15-06-2022,3.235
16-06-2022,3.175
17-06-2022,3.1393
21-06-2022,3.162
22-06-2022,3.0457
23-06-2022,3.0457
24-06-2022,3.1097
27-06-2022,3.094
28-06-2022,3.0436
29-06-2022,2.948
30-06-2022,2.858
01-07-2022,2.9047
05-07-2022,2.812
06-07-2022,2.7716
07-07-2022,2.81
08-07-2022,2.8845
11-07-2022,2.844
12-07-2022,2.776
13-07-2022,2.806
14-07-2022,2.8079
15-07-2022,2.8575
18-07-2022,2.905
19-07-2022,2.941
20-07-2022,2.944
21-07-2022,2.8381
22-07-2022,2.8302
25-07-2022,2.8648
26-07-2022,2.859
27-07-2022,2.9407
28-07-2022,2.984
29-07-2022,3.057
01-08-2022,3.02
02-08-2022,3.001
03-08-2022,3.02
04-08-2022,2.934
05-08-2022,2.9425
08-08-2022,2.948
09-08-2022,2.947
10-08-2022,2.91
11-08-2022,2.945
12-08-2022,2.958
15-08-2022,2.89
16-08-2022,2.8795
17-08-2022,2.91
18-08-2022,2.9335
19-08-2022,2.9745
22-08-2022,3.005
23-08-2022,3.034
24-08-2022,3.087
25-08-2022,3.0635
26-08-2022,3.045
29-08-2022,3.02
30-08-2022,2.9825
31-08-2022,2.888
01-09-2022,2.8371
02-09-2022,2.8424
06-09-2022,2.8484
07-09-2022,2.797
08-09-2022,2.756
09-09-2022,2.794
12-09-2022,2.7987
13-09-2022,2.8607
14-09-2022,2.91
15-09-2022,2.8634
16-09-2022,2.7739
19-09-2022,2.7285
20-09-2022,2.766
21-09-2022,2.7581
22-09-2022,2.76
23-09-2022,2.6892
26-09-2022,2.606
27-09-2022,2.658
28-09-2022,2.6495
29-09-2022,2.481
30-09-2022,2.407
03-10-2022,2.495
04-10-2022,2.579
05-10-2022,2.5514
06-10-2022,2.599
07-10-2022,2.6712
11-10-2022,2.679
12-10-2022,2.6185
13-10-2022,2.699
14-10-2022,2.7608
17-10-2022,2.803
18-10-2022,2.743
19-10-2022,2.7887
20-10-2022,2.866
21-10-2022,2.904
24-10-2022,2.911
25-10-2022,2.845
26-10-2022,2.8022
27-10-2022,2.8187
28-10-2022,2.8628
31-10-2022,2.8925
01-11-2022,2.8959
02-11-2022,2.885
03-11-2022,2.781
04-11-2022,2.8482
07-11-2022,2.9072
08-11-2022,2.849
09-11-2022,2.76
10-11-2022,2.705
14-11-2022,2.664
15-11-2022,2.6287
16-11-2022,2.611
17-11-2022,2.576
18-11-2022,2.5305
21-11-2022,2.6317
22-11-2022,2.6151
23-11-2022,2.6232
25-11-2022,2.614
28-11-2022,2.561
29-11-2022,2.5763
30-11-2022,2.699
01-12-2022,2.704
02-12-2022,2.751
05-12-2022,2.7137
06-12-2022,2.639
07-12-2022,2.5825
08-12-2022,2.6148
09-12-2022,2.5867
12-12-2022,2.596
13-12-2022,2.558
14-12-2022,2.5
15-12-2022,2.448
16-12-2022,2.395
19-12-2022,2.434
20-12-2022,2.5113
21-12-2022,2.5427
22-12-2022,2.465
23-12-2022,2.4853
27-12-2022,2.529
28-12-2022,2.5252
29-12-2022,2.516
30-12-2022,2.5185
03-01-2023,2.4544
04-01-2023,2.3753
05-01-2023,2.396
06-01-2023,2.351
09-01-2023,2.336
10-01-2023,2.338
11-01-2023,2.3439
12-01-2023,2.3536
13-01-2023,2.3391
17-01-2023,2.3137
18-01-2023,2.2227
19-01-2023,2.346
20-01-2023,2.35
23-01-2023,2.3968
24-01-2023,2.4025
25-01-2023,2.4113
26-01-2023,2.4535
27-01-2023,2.435
30-01-2023,2.4208
31-01-2023,2.4058
01-02-2023,2.4125
02-02-2023,2.3936
03-02-2023,2.393
06-02-2023,2.4463
07-02-2023,2.522
08-02-2023,2.559
09-02-2023,2.5467
10-02-2023,2.553
13-02-2023,2.5476
14-02-2023,2.5713
15-02-2023,2.615
16-02-2023,2.624
17-02-2023,2.5913
21-02-2023,2.6788
22-02-2023,2.6403
23-02-2023,2.6445
24-02-2023,2.615
27-02-2023,2.6123
28-02-2023,2.635
01-03-2023,2.7085
02-03-2023,2.7674
03-03-2023,2.835
06-03-2023,2.8122
07-03-2023,2.6655
08-03-2023,2.5916
09-03-2023,2.5402
10-03-2023,2.4913
13-03-2023,2.417
14-03-2023,2.5219
15-03-2023,2.5095
16-03-2023,2.461
17-03-2023,2.3211
20-03-2023,2.3943
21-03-2023,2.464
22-03-2023,2.5015
23-03-2023,2.4751
24-03-2023,2.415
27-03-2023,2.486
28-03-2023,2.5325
29-03-2023,2.5794
30-03-2023,2.577
31-03-2023,2.59
03-04-2023,2.5714
04-04-2023,2.5
05-04-2023,2.4826
06-04-2023,2.497
07-04-2023,2.524
10-04-2023,2.53
11-04-2023,2.5487
12-04-2023,2.483
13-04-2023,2.4815
14-04-2023,2.5192
17-04-2023,2.5575
18-04-2023,2.55
19-04-2023,2.5511
20-04-2023,2.5245
21-04-2023,2.54
24-04-2023,2.5487
25-04-2023,2.489
26-04-2023,2.506
27-04-2023,2.508
28-04-2023,2.46
01-05-2023,2.4805
02-05-2023,2.426
03-05-2023,2.404
04-05-2023,2.389
05-05-2023,2.437
08-05-2023,2.475
09-05-2023,2.4645
10-05-2023,2.383
11-05-2023,2.361
12-05-2023,2.3615
15-05-2023,2.3809
16-05-2023,2.363
17-05-2023,2.3913
18-05-2023,2.417
19-05-2023,2.4318
22-05-2023,2.443
23-05-2023,2.4748
24-05-2023,2.4505
25-05-2023,2.436
26-05-2023,2.4501
30-05-2023,2.4252
31-05-2023,2.3892
01-06-2023,2.406
02-06-2023,2.454
05-06-2023,2.4802
06-06-2023,2.46
07-06-2023,2.475
08-06-2023,2.454
09-06-2023,2.4445
12-06-2023,2.421
13-06-2023,2.428
14-06-2023,2.4544
15-06-2023,2.4725
16-06-2023,2.4852
20-06-2023,2.47
21-06-2023,2.4795
22-06-2023,2.502
23-06-2023,2.465
26-06-2023,2.4507
27-06-2023,2.444
28-06-2023,2.4268
29-06-2023,2.4625
30-06-2023,2.4852
03-07-2023,2.522
05-07-2023,2.5128
06-07-2023,2.5282
07-07-2023,2.525
10-07-2023,2.51
11-07-2023,2.473
12-07-2023,2.504
13-07-2023,2.4585
14-07-2023,2.445
17-07-2023,2.4457
18-07-2023,2.416
19-07-2023,2.4227
20-07-2023,2.514
21-07-2023,2.5125
24-07-2023,2.584
25-07-2023,2.568
26-07-2023,2.562
27-07-2023,2.6005
28-07-2023,2.628
31-07-2023,2.621
01-08-2023,2.5855
02-08-2023,2.578
03-08-2023,2.569
04-08-2023,2.5955
07-08-2023,2.6318
08-08-2023,2.5695
09-08-2023,2.5565
10-08-2023,2.5712
11-08-2023,2.612
14-08-2023,2.6015
15-08-2023,2.564
16-08-2023,2.5412
17-08-2023,2.5514
18-08-2023,2.536
21-08-2023,2.558
22-08-2023,2.582
23-08-2023,2.577
24-08-2023,2.559
25-08-2023,2.559
28-08-2023,2.5338
29-08-2023,2.51
30-08-2023,2.5
31-08-2023,2.4707
01-09-2023,2.5022
05-09-2023,2.5673
06-09-2023,2.559
07-09-2023,2.56
08-09-2023,2.5869
11-09-2023,2.596
12-09-2023,2.5995
13-09-2023,2.5932
14-09-2023,2.609
15-09-2023,2.607
18-09-2023,2.629
19-09-2023,2.635
20-09-2023,2.6062
21-09-2023,2.6
22-09-2023,2.597
25-09-2023,2.561
26-09-2023,2.5252
27-09-2023,2.5638
28-09-2023,2.576
29-09-2023,2.5367
02-10-2023,2.534
03-10-2023,2.5087
04-10-2023,2.4843
05-10-2023,2.4575
06-10-2023,2.469
10-10-2023,2.499
11-10-2023,2.495
12-10-2023,2.545
13-10-2023,2.563
16-10-2023,2.6063
17-10-2023,2.6177
18-10-2023,2.6467
19-10-2023,2.701
20-10-2023,2.6577
23-10-2023,2.5933
24-10-2023,2.5662
25-10-2023,2.607
26-10-2023,2.5839
27-10-2023,2.5965
30-10-2023,2.6017
31-10-2023,2.572
01-11-2023,2.5605
02-11-2023,2.5293
03-11-2023,2.5327
06-11-2023,2.558
07-11-2023,2.5162
08-11-2023,2.476
09-11-2023,2.4706
10-11-2023,2.458
13-11-2023,2.474
14-11-2023,2.4222
15-11-2023,2.4319
16-11-2023,2.4027
17-11-2023,2.4177
20-11-2023,2.4465
21-11-2023,2.387
22-11-2023,2.4
24-11-2023,2.3942
27-11-2023,2.35
28-11-2023,2.3605
29-11-2023,2.3457
30-11-2023,2.359
01-12-2023,2.3395
04-12-2023,2.325
05-12-2023,2.3095
06-12-2023,2.265
07-12-2023,2.251
08-12-2023,2.3245
11-12-2023,2.304
12-12-2023,2.261
13-12-2023,2.31
14-12-2023,2.384
15-12-2023,2.3812
18-12-2023,2.381
19-12-2023,2.3704
20-12-2023,2.3649
21-12-2023,2.368
22-12-2023,2.3502
26-12-2023,2.345
27-12-2023,2.3127
28-12-2023,2.311
29-12-2023,2.316
02-01-2024,2.3385
03-01-2024,2.331
04-01-2024,2.334
05-01-2024,2.335
08-01-2024,2.33
09-01-2024,2.324
10-01-2024,2.3232
11-01-2024,2.3312
12-01-2024,2.3515
16-01-2024,2.367
17-01-2024,2.3787
18-01-2024,2.417
19-01-2024,2.4078
22-01-2024,2.3668
23-01-2024,2.352
24-01-2024,2.3692
25-01-2024,2.373
26-01-2024,2.3737
29-01-2024,2.3663
30-01-2024,2.351
31-01-2024,2.3387
01-02-2024,2.2838
02-02-2024,2.2923
05-02-2024,2.35
06-02-2024,2.345
07-02-2024,2.346
08-02-2024,2.3705
09-02-2024,2.3728
12-02-2024,2.356
13-02-2024,2.416
14-02-2024,2.419
15-02-2024,2.4208
16-02-2024,2.4602
20-02-2024,2.446
21-02-2024,2.465
22-02-2024,2.4415
23-02-2024,2.41
26-02-2024,2.444
27-02-2024,2.449
28-02-2024,2.4497
29-02-2024,2.449
01-03-2024,2.4525
04-03-2024,2.4787
05-03-2024,2.465
06-03-2024,2.447
07-03-2024,2.418
08-03-2024,2.4167
11-03-2024,2.407
12-03-2024,2.434
13-03-2024,2.448
14-03-2024,2.45
15-03-2024,2.4677
18-03-2024,2.4703
19-03-2024,2.45
20-03-2024,2.489
21-03-2024,2.509
22-03-2024,2.505
25-03-2024,2.499
26-03-2024,2.4872
27-03-2024,2.4643
28-03-2024,2.4872
01-04-2024,2.505
02-04-2024,2.5335
03-04-2024,2.5115
04-04-2024,2.536
05-04-2024,2.5549
08-04-2024,2.572
09-04-2024,2.549
10-04-2024,2.592
11-04-2024,2.5782
12-04-2024,2.5838
15-04-2024,2.623
16-04-2024,2.6163
17-04-2024,2.5738
18-04-2024,2.595
19-04-2024,2.5908
22-04-2024,2.5977
23-04-2024,2.594
24-04-2024,2.599
25-04-2024,2.61
26-04-2024,2.6137
29-04-2024,2.601
30-04-2024,2.59
01-05-2024,2.523
02-05-2024,2.542
03-05-2024,2.531
06-05-2024,2.5238
07-05-2024,2.4908
08-05-2024,2.5167
09-05-2024,2.523
10-05-2024,2.524
13-05-2024,2.517
14-05-2024,2.507
15-05-2024,2.49
16-05-2024,2.499
17-05-2024,2.5288
20-05-2024,2.5375
21-05-2024,2.533
22-05-2024,2.531
23-05-2024,2.516
24-05-2024,2.5283
28-05-2024,2.5605
29-05-2024,2.577
30-05-2024,2.5695
31-05-2024,2.5672
03-06-2024,2.55
04-06-2024,2.516
05-06-2024,2.508
06-06-2024,2.488
07-06-2024,2.507
10-06-2024,2.51
11-06-2024,2.486
12-06-2024,2.4097
13-06-2024,2.3917
14-06-2024,2.3702
17-06-2024,2.413
18-06-2024,2.4232
19-06-2024,2.4232
20-06-2024,2.461
21-06-2024,2.432
24-06-2024,2.42
25-06-2024,2.4135
26-06-2024,2.4588
27-06-2024,2.471
28-06-2024,2.515
01-07-2024,2.545
02-07-2024,2.517
03-07-2024,2.4797
05-07-2024,2.478
08-07-2024,2.476
09-07-2024,2.472
10-07-2024,2.4813
11-07-2024,2.427
12-07-2024,2.4
15-07-2024,2.441
16-07-2024,2.4375
17-07-2024,2.4362
18-07-2024,2.4338
19-07-2024,2.425
22-07-2024,2.4152
23-07-2024,2.4002
24-07-2024,2.395
25-07-2024,2.385
26-07-2024,2.3725
29-07-2024,2.3812
30-07-2024,2.3705
31-07-2024,2.3857
01-08-2024,2.3245
02-08-2024,2.1817
05-08-2024,2.198
06-08-2024,2.249
07-08-2024,2.2333
08-08-2024,2.261
09-08-2024,2.2425
12-08-2024,2.242
13-08-2024,2.225
14-08-2024,2.212
15-08-2024,2.268
16-08-2024,2.2313
19-08-2024,2.226
20-08-2024,2.2238
21-08-2024,2.22
22-08-2024,2.2562
23-08-2024,2.2938
26-08-2024,2.316
27-08-2024,2.318
28-08-2024,2.3176
29-08-2024,2.329
30-08-2024,2.309
03-09-2024,2.26
04-09-2024,2.1888
05-09-2024,2.1625
06-09-2024,2.1525
09-09-2024,2.162
10-09-2024,2.15
11-09-2024,2.186
12-09-2024,2.2145
13-09-2024,2.2227
16-09-2024,2.231
17-09-2024,2.252
18-09-2024,2.2572
19-09-2024,2.33
20-09-2024,2.322
23-09-2024,2.3207
24-09-2024,2.341
25-09-2024,2.3365
26-09-2024,2.3188
27-09-2024,2.3138
30-09-2024,2.344
01-10-2024,2.346
02-10-2024,2.359
03-10-2024,2.361
04-10-2024,2.3863
07-10-2024,2.451
08-10-2024,2.45
09-10-2024,2.46
10-10-2024,2.51
11-10-2024,2.5225
15-10-2024,2.465
16-10-2024,2.457
17-10-2024,2.487
18-10-2024,2.4765
21-10-2024,2.481
22-10-2024,2.501
23-10-2024,2.4762
24-10-2024,2.4335
25-10-2024,2.4258
28-10-2024,2.4288
29-10-2024,2.44
30-10-2024,2.5099
31-10-2024,2.51
01-11-2024,2.513
04-11-2024,2.455
05-11-2024,2.482
06-11-2024,2.611
07-11-2024,2.571
08-11-2024,2.5792
11-11-2024,2.5792
12-11-2024,2.5833
13-11-2024,2.574
14-11-2024,2.5513
15-11-2024,2.54
18-11-2024,2.552
19-11-2024,2.5567
20-11-2024,2.565
21-11-2024,2.559
22-11-2024,2.5612
25-11-2024,2.4935
26-11-2024,2.4928
27-11-2024,2.47
28-11-2024,2.47
29-11-2024,2.4625
02-12-2024,2.457
03-12-2024,2.505
04-12-2024,2.485
05-12-2024,2.468
06-12-2024,2.4408
09-12-2024,2.44
10-12-2024,2.4647
11-12-2024,2.5
12-12-2024,2.4975
13-12-2024,2.511
16-12-2024,2.471
17-12-2024,2.4513
18-12-2024,2.444
19-12-2024,2.413
20-12-2024,2.4179
23-12-2024,2.4637
24-12-2024,2.4742
26-12-2024,2.4622
27-12-2024,2.4606
30-12-2024,2.43
31-12-2024,2.4509
,
,
,
,
