Dates,GLD US Equity
18-11-2004,44.38
19-11-2004,44.78
22-11-2004,44.95
23-11-2004,44.75
24-11-2004,45.05
26-11-2004,45.29
29-11-2004,45.4
30-11-2004,45.12
01-12-2004,45.38
02-12-2004,44.95
03-12-2004,45.6
06-12-2004,45.17
07-12-2004,45.11
08-12-2004,44.01
09-12-2004,43.78
10-12-2004,43.44
13-12-2004,43.91
14-12-2004,43.55
15-12-2004,43.99
16-12-2004,43.68
17-12-2004,44.19
20-12-2004,44.34
21-12-2004,44.22
22-12-2004,44.02
23-12-2004,44.27
27-12-2004,44.48
28-12-2004,44.37
29-12-2004,43.66
30-12-2004,43.8
31-12-2004,43.8
03-01-2005,43.02
04-01-2005,42.74
05-01-2005,42.67
06-01-2005,42.16
07-01-2005,41.84
10-01-2005,41.95
11-01-2005,42.21
12-01-2005,42.6
13-01-2005,42.6
14-01-2005,42.32
18-01-2005,42.32
19-01-2005,42.26
20-01-2005,42.25
21-01-2005,42.74
24-01-2005,42.77
25-01-2005,42.24
26-01-2005,42.69
27-01-2005,42.62
28-01-2005,42.69
31-01-2005,42.22
01-02-2005,42.1
02-02-2005,42.16
03-02-2005,41.68
04-02-2005,41.47
07-02-2005,41.27
08-02-2005,41.26
09-02-2005,41.31
10-02-2005,41.75
11-02-2005,42.08
14-02-2005,42.55
15-02-2005,42.58
16-02-2005,42.52
17-02-2005,42.73
18-02-2005,42.75
22-02-2005,43.57
23-02-2005,43.42
24-02-2005,43.33
25-02-2005,43.5
28-02-2005,43.52
01-03-2005,43.22
02-03-2005,43.25
03-03-2005,42.97
04-03-2005,43.38
07-03-2005,43.47
08-03-2005,44.03
09-03-2005,44.02
10-03-2005,44.2
11-03-2005,44.43
14-03-2005,44.03
15-03-2005,44.06
16-03-2005,44.31
17-03-2005,43.82
18-03-2005,43.89
21-03-2005,43.09
22-03-2005,42.65
23-03-2005,42.42
24-03-2005,42.39
28-03-2005,42.54
29-03-2005,42.56
30-03-2005,42.61
31-03-2005,42.82
01-04-2005,42.62
04-04-2005,42.4
05-04-2005,42.45
06-04-2005,42.63
07-04-2005,42.57
08-04-2005,42.69
11-04-2005,42.78
12-04-2005,42.84
13-04-2005,42.9
14-04-2005,42.31
15-04-2005,42.4
18-04-2005,42.69
19-04-2005,43.28
20-04-2005,43.4
21-04-2005,43.19
22-04-2005,43.39
25-04-2005,43.44
26-04-2005,43.64
27-04-2005,43.2
28-04-2005,43
29-04-2005,43.35
02-05-2005,42.88
03-05-2005,42.76
04-05-2005,42.9
05-05-2005,42.91
06-05-2005,42.52
09-05-2005,42.55
10-05-2005,42.64
11-05-2005,42.69
12-05-2005,42.16
13-05-2005,41.95
16-05-2005,41.88
17-05-2005,41.86
18-05-2005,42.05
19-05-2005,41.98
20-05-2005,41.65
23-05-2005,41.62
24-05-2005,41.73
25-05-2005,41.87
26-05-2005,41.69
27-05-2005,41.88
31-05-2005,41.65
01-06-2005,41.53
02-06-2005,42.1
03-06-2005,42.17
06-06-2005,42.48
07-06-2005,42.38
08-06-2005,42.34
09-06-2005,42.27
10-06-2005,42.62
13-06-2005,42.78
14-06-2005,42.6
15-06-2005,42.74
16-06-2005,43.46
17-06-2005,43.63
20-06-2005,43.66
21-06-2005,43.81
22-06-2005,43.72
23-06-2005,44.02
24-06-2005,43.9
27-06-2005,43.91
28-06-2005,43.45
29-06-2005,43.63
30-06-2005,43.44
01-07-2005,42.7
05-07-2005,42.28
06-07-2005,42.25
07-07-2005,42.36
08-07-2005,42.26
11-07-2005,42.54
12-07-2005,42.64
13-07-2005,42.35
14-07-2005,41.9
15-07-2005,42.05
18-07-2005,42.01
19-07-2005,41.89
20-07-2005,42.2
21-07-2005,42.46
22-07-2005,42.45
25-07-2005,42.51
26-07-2005,42.25
27-07-2005,42.44
28-07-2005,42.75
29-07-2005,42.82
01-08-2005,43.13
02-08-2005,43.14
03-08-2005,43.53
04-08-2005,43.68
05-08-2005,43.6
08-08-2005,43.35
09-08-2005,43.34
10-08-2005,43.65
11-08-2005,44.45
12-08-2005,44.49
15-08-2005,44.13
16-08-2005,44.55
17-08-2005,43.91
18-08-2005,43.83
19-08-2005,43.6
22-08-2005,43.7
23-08-2005,43.76
24-08-2005,43.59
25-08-2005,43.73
26-08-2005,43.61
29-08-2005,43.57
30-08-2005,43.01
31-08-2005,43.4
01-09-2005,44.22
02-09-2005,44.25
06-09-2005,44.27
07-09-2005,44.33
08-09-2005,44.6
09-09-2005,44.84
12-09-2005,44.89
13-09-2005,44.56
14-09-2005,44.96
15-09-2005,45.42
16-09-2005,45.82
19-09-2005,46.25
20-09-2005,46.23
21-09-2005,47.06
22-09-2005,46.36
23-09-2005,46.28
26-09-2005,46.57
27-09-2005,46.25
28-09-2005,46.8
29-09-2005,47.1
30-09-2005,46.7
03-10-2005,46.42
04-10-2005,46.45
05-10-2005,46.36
06-10-2005,47.21
07-10-2005,47.36
10-10-2005,47.37
11-10-2005,47.39
12-10-2005,46.85
13-10-2005,47.02
14-10-2005,46.8
17-10-2005,47.26
18-10-2005,47
19-10-2005,46.34
20-10-2005,45.98
21-10-2005,46.52
24-10-2005,46.39
25-10-2005,47.06
26-10-2005,46.93
27-10-2005,47.18
28-10-2005,47.22
31-10-2005,46.4
01-11-2005,45.73
02-11-2005,46.13
03-11-2005,45.96
04-11-2005,45.51
07-11-2005,45.77
08-11-2005,45.91
09-11-2005,46.56
10-11-2005,46.48
11-11-2005,46.8
14-11-2005,46.62
15-11-2005,46.66
16-11-2005,47.78
17-11-2005,48.48
18-11-2005,48.46
21-11-2005,48.99
22-11-2005,49.32
23-11-2005,49.15
25-11-2005,49.42
28-11-2005,49.74
29-11-2005,49.8
30-11-2005,49.1
01-12-2005,50.17
02-12-2005,50.32
05-12-2005,50.78
06-12-2005,50.89
07-12-2005,51.32
08-12-2005,51.9
09-12-2005,52.4
12-12-2005,52.56
13-12-2005,51.65
14-12-2005,50.35
15-12-2005,50.24
16-12-2005,50.09
19-12-2005,50.22
20-12-2005,49.04
21-12-2005,49.37
22-12-2005,50.14
23-12-2005,50.12
27-12-2005,50.64
28-12-2005,51.47
29-12-2005,51.47
30-12-2005,51.58
03-01-2006,53.12
04-01-2006,53.3
05-01-2006,52.34
06-01-2006,53.72
09-01-2006,54.6
10-01-2006,54.06
11-01-2006,54.53
12-01-2006,54.43
13-01-2006,55.44
17-01-2006,55.26
18-01-2006,54.07
19-01-2006,55.59
20-01-2006,55.2
23-01-2006,55.77
24-01-2006,55.73
25-01-2006,56.14
26-01-2006,55.88
27-01-2006,55.63
30-01-2006,56.68
31-01-2006,56.7
01-02-2006,56.7
02-02-2006,56.98
03-02-2006,56.5
06-02-2006,56.72
07-02-2006,54.6
08-02-2006,54.83
09-02-2006,56.18
10-02-2006,54.79
13-02-2006,53.72
14-02-2006,54.49
15-02-2006,53.76
16-02-2006,54.52
17-02-2006,54.96
21-02-2006,55.12
22-02-2006,55.34
23-02-2006,54.64
24-02-2006,55.64
27-02-2006,55.22
28-02-2006,56.07
01-03-2006,56.1
02-03-2006,56.74
03-03-2006,56.28
06-03-2006,55.23
07-03-2006,54.95
08-03-2006,53.97
09-03-2006,54.24
10-03-2006,53.83
13-03-2006,54.31
14-03-2006,54.87
15-03-2006,55.12
16-03-2006,55.34
17-03-2006,55.12
20-03-2006,55.17
21-03-2006,54.83
22-03-2006,54.75
23-03-2006,54.7
24-03-2006,55.71
27-03-2006,56.39
28-03-2006,56.06
29-03-2006,57.07
30-03-2006,58.6
31-03-2006,58.1
03-04-2006,58.47
04-04-2006,58.33
05-04-2006,58.66
06-04-2006,59.28
07-04-2006,58.59
10-04-2006,59.6
11-04-2006,59.01
12-04-2006,59.43
13-04-2006,59.5
17-04-2006,61.09
18-04-2006,61.85
19-04-2006,63.75
20-04-2006,60.96
21-04-2006,63.2
24-04-2006,61.65
25-04-2006,62.78
26-04-2006,63.65
27-04-2006,62.96
28-04-2006,65.09
01-05-2006,65.16
02-05-2006,66.55
03-05-2006,66.46
04-05-2006,67.48
05-05-2006,67.99
08-05-2006,67.56
09-05-2006,69.68
10-05-2006,70.38
11-05-2006,71.03
12-05-2006,71.12
15-05-2006,67.41
16-05-2006,68.61
17-05-2006,68.15
18-05-2006,67.46
19-05-2006,65.58
22-05-2006,65.3
23-05-2006,66.38
24-05-2006,64.06
25-05-2006,64.7
26-05-2006,65.1
30-05-2006,65.11
31-05-2006,64.23
01-06-2006,62.56
02-06-2006,63.5
05-06-2006,63.29
06-06-2006,62.55
07-06-2006,62.28
08-06-2006,60.91
09-06-2006,60.45
12-06-2006,60.03
13-06-2006,55.92
14-06-2006,55.62
15-06-2006,57.32
16-06-2006,57.68
19-06-2006,56.36
20-06-2006,57.3
21-06-2006,58.33
22-06-2006,57.73
23-06-2006,57.99
26-06-2006,58.28
27-06-2006,57.68
28-06-2006,57.54
29-06-2006,59.52
30-06-2006,61.23
03-07-2006,62.18
05-07-2006,62.5
06-07-2006,63.02
07-07-2006,62.63
10-07-2006,62.02
11-07-2006,63.81
12-07-2006,64.92
13-07-2006,65.55
14-07-2006,65.85
17-07-2006,63.95
18-07-2006,62.9
19-07-2006,64.03
20-07-2006,62.54
21-07-2006,61.71
24-07-2006,61.14
25-07-2006,61.55
26-07-2006,62
27-07-2006,62.9
28-07-2006,63.11
31-07-2006,63.16
01-08-2006,64.32
02-08-2006,64.75
03-08-2006,64.12
04-08-2006,64.28
07-08-2006,64.5
08-08-2006,63.97
09-08-2006,64.63
10-08-2006,63.25
11-08-2006,62.71
14-08-2006,62.25
15-08-2006,62.01
16-08-2006,62.49
17-08-2006,61.03
18-08-2006,61.04
21-08-2006,62.44
22-08-2006,62.05
23-08-2006,61.83
24-08-2006,61.75
25-08-2006,61.77
28-08-2006,61
29-08-2006,60.94
30-08-2006,61.42
31-08-2006,62.29
01-09-2006,62.14
05-09-2006,63.36
06-09-2006,62.86
07-09-2006,61.25
08-09-2006,60.64
11-09-2006,58.5
12-09-2006,58.31
13-09-2006,58.62
14-09-2006,57.19
15-09-2006,57.4
18-09-2006,58.23
19-09-2006,56.92
20-09-2006,57.26
21-09-2006,57.95
22-09-2006,58.5
25-09-2006,58.5
26-09-2006,58.74
27-09-2006,59.81
28-09-2006,59.79
29-09-2006,59.47
02-10-2006,59.15
03-10-2006,57.11
04-10-2006,56.37
05-10-2006,56.92
06-10-2006,56.99
09-10-2006,57.2
10-10-2006,57
11-10-2006,56.88
12-10-2006,57.49
13-10-2006,58.57
16-10-2006,59.17
17-10-2006,58.65
18-10-2006,58.59
19-10-2006,59.41
20-10-2006,58.78
23-10-2006,57.76
24-10-2006,58.17
25-10-2006,58.76
26-10-2006,59.29
27-10-2006,59.4
30-10-2006,59.9
31-10-2006,60.24
01-11-2006,61.36
02-11-2006,61.92
03-11-2006,62.3
06-11-2006,61.89
07-11-2006,62.04
08-11-2006,61.11
09-11-2006,62.95
10-11-2006,62.49
13-11-2006,62.19
14-11-2006,61.63
15-11-2006,61.84
16-11-2006,61.31
17-11-2006,61.78
20-11-2006,61.77
21-11-2006,62.27
22-11-2006,62.5
24-11-2006,63.5
27-11-2006,63.7
28-11-2006,63.57
29-11-2006,63.16
30-11-2006,64.39
01-12-2006,64.12
04-12-2006,64.12
05-12-2006,63.81
06-12-2006,62.69
07-12-2006,62.73
08-12-2006,62.05
11-12-2006,62.57
12-12-2006,62.52
13-12-2006,62.48
14-12-2006,62.12
15-12-2006,61
18-12-2006,61.04
19-12-2006,61.8
20-12-2006,61.62
21-12-2006,61.38
22-12-2006,61.65
26-12-2006,61.98
27-12-2006,62.22
28-12-2006,62.9
29-12-2006,63.21
03-01-2007,62.28
04-01-2007,61.65
05-01-2007,60.17
08-01-2007,60.48
09-01-2007,60.85
10-01-2007,60.59
11-01-2007,60.63
12-01-2007,62.17
16-01-2007,61.97
17-01-2007,62.64
18-01-2007,62.26
19-01-2007,63
22-01-2007,62.72
23-01-2007,64.23
24-01-2007,64.33
25-01-2007,64.06
26-01-2007,64.1
29-01-2007,63.77
30-01-2007,64.22
31-01-2007,64.83
01-02-2007,65.22
02-02-2007,64.28
05-02-2007,64.31
06-02-2007,64.79
07-02-2007,64.63
08-02-2007,65.52
09-02-2007,66.12
12-02-2007,65.67
13-02-2007,65.84
14-02-2007,66.37
15-02-2007,66.41
16-02-2007,66.36
20-02-2007,65.31
21-02-2007,67.28
22-02-2007,67.15
23-02-2007,67.72
26-02-2007,68.1
27-02-2007,65.41
28-02-2007,66.48
01-03-2007,65.82
02-03-2007,63.71
05-03-2007,62.93
06-03-2007,64.15
07-03-2007,64.3
08-03-2007,64.48
09-03-2007,64.25
12-03-2007,64.37
13-03-2007,63.72
14-03-2007,63.94
15-03-2007,63.98
16-03-2007,64.62
19-03-2007,64.74
20-03-2007,65.27
21-03-2007,65.82
22-03-2007,65.76
23-03-2007,65.15
26-03-2007,65.84
27-03-2007,65.7
28-03-2007,66.05
29-03-2007,65.65
30-03-2007,65.74
02-04-2007,65.85
03-04-2007,65.83
04-04-2007,66.81
05-04-2007,66.86
09-04-2007,66.53
10-04-2007,67.16
11-04-2007,67.08
12-04-2007,66.99
13-04-2007,67.84
16-04-2007,68.4
17-04-2007,68
18-04-2007,68.38
19-04-2007,67.53
20-04-2007,68.7
23-04-2007,68.26
24-04-2007,67.73
25-04-2007,67.89
26-04-2007,66.87
27-04-2007,67.56
30-04-2007,67.09
01-05-2007,66.69
02-05-2007,66.66
03-05-2007,67.49
04-05-2007,68.19
07-05-2007,68.25
08-05-2007,67.88
09-05-2007,67.45
10-05-2007,66
11-05-2007,66.45
14-05-2007,66.28
15-05-2007,66.54
16-05-2007,65.6
17-05-2007,65.06
18-05-2007,65.52
21-05-2007,65.67
22-05-2007,65.22
23-05-2007,65.54
24-05-2007,64.75
25-05-2007,64.94
29-05-2007,65.07
30-05-2007,64.72
31-05-2007,65.54
01-06-2007,66.44
04-06-2007,66.54
05-06-2007,66.37
06-06-2007,66.41
07-06-2007,65.26
08-06-2007,64.22
11-06-2007,64.7
12-06-2007,64.1
13-06-2007,64.53
14-06-2007,64.6
15-06-2007,64.85
18-06-2007,64.95
19-06-2007,65.48
20-06-2007,64.71
21-06-2007,64.56
22-06-2007,64.78
25-06-2007,64.43
26-06-2007,63.62
27-06-2007,63.67
28-06-2007,64.26
29-06-2007,64.27
02-07-2007,65.02
03-07-2007,64.74
05-07-2007,64.42
06-07-2007,64.96
09-07-2007,65.38
10-07-2007,65.61
11-07-2007,65.44
12-07-2007,66.02
13-07-2007,66.03
16-07-2007,65.82
17-07-2007,65.75
18-07-2007,66.62
19-07-2007,67.01
20-07-2007,67.58
23-07-2007,67.47
24-07-2007,67.47
25-07-2007,66.9
26-07-2007,65.65
27-07-2007,65.41
30-07-2007,65.77
31-07-2007,65.79
01-08-2007,65.93
02-08-2007,65.89
03-08-2007,66.69
06-08-2007,66.52
07-08-2007,66.48
08-08-2007,66.77
09-08-2007,65.46
10-08-2007,66.57
13-08-2007,66.26
14-08-2007,66.29
15-08-2007,66.13
16-08-2007,64.68
17-08-2007,65.01
20-08-2007,65.12
21-08-2007,65.07
22-08-2007,65.4
23-08-2007,65.31
24-08-2007,66.11
27-08-2007,65.98
28-08-2007,65.59
29-08-2007,66.07
30-08-2007,65.8
31-08-2007,66.52
04-09-2007,67.44
05-09-2007,67.56
06-09-2007,68.86
07-09-2007,69.39
10-09-2007,69.62
11-09-2007,70.52
12-09-2007,70.46
13-09-2007,70.08
14-09-2007,69.99
17-09-2007,70.97
18-09-2007,71.7
19-09-2007,71.43
20-09-2007,72.72
21-09-2007,72.34
24-09-2007,72.28
25-09-2007,72.33
26-09-2007,72
27-09-2007,72.7
28-09-2007,73.51
01-10-2007,73.9
02-10-2007,72.35
03-10-2007,71.9
04-10-2007,72.87
05-10-2007,73.4
08-10-2007,72.53
09-10-2007,73.09
10-10-2007,73.36
11-10-2007,73.91
12-10-2007,74.59
15-10-2007,75.14
16-10-2007,75.12
17-10-2007,74.5
18-10-2007,76
19-10-2007,75.7
22-10-2007,74.6
23-10-2007,75.23
24-10-2007,75.52
25-10-2007,76.03
26-10-2007,77.69
29-10-2007,78.12
30-10-2007,77.35
31-10-2007,78.62
01-11-2007,77.93
02-11-2007,79.83
05-11-2007,79.75
06-11-2007,81.43
07-11-2007,82.24
08-11-2007,82.23
09-11-2007,82.18
12-11-2007,78.3
13-11-2007,79.12
14-11-2007,80.28
15-11-2007,77.95
16-11-2007,77.75
19-11-2007,77.24
20-11-2007,79.47
21-11-2007,79.36
23-11-2007,81.25
26-11-2007,81.3
27-11-2007,80.1
28-11-2007,79.57
29-11-2007,78.28
30-11-2007,77.32
03-12-2007,78.28
04-12-2007,79.4
05-12-2007,78.63
06-12-2007,79.37
07-12-2007,78.6
10-12-2007,80
11-12-2007,78.84
12-12-2007,80.49
13-12-2007,78.5
14-12-2007,78.52
17-12-2007,78.13
18-12-2007,79.25
19-12-2007,79.24
20-12-2007,78.67
21-12-2007,80.1
24-12-2007,80.14
26-12-2007,81.52
27-12-2007,81.56
28-12-2007,83
31-12-2007,82.46
02-01-2008,84.86
03-01-2008,85.57
04-01-2008,85.13
07-01-2008,84.77
08-01-2008,86.78
09-01-2008,86.5499
10-01-2008,88.25
11-01-2008,88.58
14-01-2008,89.5399
15-01-2008,87.99
16-01-2008,86.7
17-01-2008,86.5001
18-01-2008,87.42
22-01-2008,88.1699
23-01-2008,87.89
24-01-2008,90.08
25-01-2008,90.3
28-01-2008,91.75
29-01-2008,91.15
30-01-2008,92.0601
31-01-2008,91.4
01-02-2008,89.3499
04-02-2008,89.1
05-02-2008,87.68
06-02-2008,88.9499
07-02-2008,89.85
08-02-2008,91
11-02-2008,91.33
12-02-2008,89.33
13-02-2008,89.44
14-02-2008,89.71
15-02-2008,89.15
19-02-2008,91.58
20-02-2008,93.24
21-02-2008,93.25
22-02-2008,93.39
25-02-2008,92.74
26-02-2008,93.71
27-02-2008,94.78
28-02-2008,95.99
29-02-2008,96.18
03-03-2008,97.24
04-03-2008,95.18
05-03-2008,97.72
06-03-2008,96.5
07-03-2008,96.09
10-03-2008,95.87
11-03-2008,95.99
12-03-2008,97.01
13-03-2008,98.34
14-03-2008,98.71
17-03-2008,99.17
18-03-2008,96.5
19-03-2008,93.0399
20-03-2008,89.9128
24-03-2008,90.1001
25-03-2008,92.73
26-03-2008,93.8
27-03-2008,93.46
28-03-2008,91.88
31-03-2008,90.41
01-04-2008,86.8599
02-04-2008,89.27
03-04-2008,89.42
04-04-2008,90.25
07-04-2008,91.17
08-04-2008,90.35
09-04-2008,92.29
10-04-2008,91.77
11-04-2008,91.3
14-04-2008,91.11
15-04-2008,91.66
16-04-2008,93.27
17-04-2008,92.56
18-04-2008,90.62
21-04-2008,90.25
22-04-2008,90.27
23-04-2008,89.22
24-04-2008,87.22
25-04-2008,87.27
28-04-2008,87.69
29-04-2008,85.81
30-04-2008,86.65
01-05-2008,83.99
02-05-2008,84.58
05-05-2008,86.27
06-05-2008,86.63
07-05-2008,85.82
08-05-2008,87.24
09-05-2008,87.42
12-05-2008,86.99
13-05-2008,85.3901
14-05-2008,85.2
15-05-2008,87
16-05-2008,89.1001
19-05-2008,89.39
20-05-2008,90.9
21-05-2008,91.96
22-05-2008,90.98
23-05-2008,91.23
27-05-2008,89.36
28-05-2008,89.14
29-05-2008,86.51
30-05-2008,87.45
02-06-2008,87.96
03-06-2008,86.88
04-06-2008,86.65
05-06-2008,86.45
06-06-2008,89.06
09-06-2008,87.987
10-06-2008,85.55
11-06-2008,87.02
12-06-2008,85.6
13-06-2008,85.83
16-06-2008,87.01
17-06-2008,87.25
18-06-2008,88.28
19-06-2008,88.42
20-06-2008,88.95
23-06-2008,87.09
24-06-2008,87.47
25-06-2008,87.42
26-06-2008,90.61
27-06-2008,91.47
30-06-2008,91.4
01-07-2008,92.66
02-07-2008,93.17
03-07-2008,92.06
07-07-2008,91.23
08-07-2008,90.86
09-07-2008,91.5
10-07-2008,93.53
11-07-2008,95.16
14-07-2008,95.91
15-07-2008,96.17
16-07-2008,94.44
17-07-2008,94.22
18-07-2008,94.17
21-07-2008,95.12
22-07-2008,93.06
23-07-2008,90.57
24-07-2008,91.33
25-07-2008,91.69
28-07-2008,91.73
29-07-2008,90.59
30-07-2008,89.52
31-07-2008,90.08
01-08-2008,89.57
04-08-2008,88.14
05-08-2008,86.08
06-08-2008,86.64
07-08-2008,86.09
08-08-2008,84.43
11-08-2008,81.13
12-08-2008,80.52
13-08-2008,81.56
14-08-2008,79.35
15-08-2008,77.63
18-08-2008,78.8
19-08-2008,80.433
20-08-2008,80.06
21-08-2008,82.17
22-08-2008,81.08
25-08-2008,80.93
26-08-2008,81.23
27-08-2008,81.36
28-08-2008,82.18
29-08-2008,81.71
02-09-2008,79.2
03-09-2008,78.89
04-09-2008,78.39
05-09-2008,78.98
08-09-2008,78.86
09-09-2008,76.49
10-09-2008,74.22
11-09-2008,73.08
12-09-2008,75.55
15-09-2008,77.56
16-09-2008,76.79
17-09-2008,85.46
18-09-2008,82.8
19-09-2008,85.98
22-09-2008,89.18
23-09-2008,88.32
24-09-2008,86.71
25-09-2008,86.45
26-09-2008,86.64
29-09-2008,89.57
30-09-2008,85.07
01-10-2008,85.97
02-10-2008,82.33
03-10-2008,82.59
06-10-2008,84.28
07-10-2008,87.27
08-10-2008,89.42
09-10-2008,89.9
10-10-2008,83.22
13-10-2008,81.99
14-10-2008,82.2
15-10-2008,83.31
16-10-2008,79.29
17-10-2008,77.21
20-10-2008,78.5
21-10-2008,76.027
22-10-2008,71.71
23-10-2008,70.65
24-10-2008,72.21
27-10-2008,72.18
28-10-2008,73.79
29-10-2008,74
30-10-2008,72.71
31-10-2008,71.34
03-11-2008,71.1
04-11-2008,75.4786
05-11-2008,72.8
06-11-2008,72.22
07-11-2008,72.5
10-11-2008,73.58
11-11-2008,72.05
12-11-2008,70
13-11-2008,72.15
14-11-2008,73.3
17-11-2008,72.65
18-11-2008,72.51
19-11-2008,72.26
20-11-2008,73.45
21-11-2008,78.85
24-11-2008,80.91
25-11-2008,80.87
26-11-2008,80.38
28-11-2008,80.31
01-12-2008,75.65
02-12-2008,76.95
03-12-2008,76.18
04-12-2008,75.5
05-12-2008,74.52
08-12-2008,76.195
09-12-2008,76.33
10-12-2008,79.75
11-12-2008,80.65
12-12-2008,80.81
15-12-2008,82.6
16-12-2008,84.46
17-12-2008,85.43
18-12-2008,83.87
19-12-2008,82.63
22-12-2008,83.46
23-12-2008,82.63
24-12-2008,83.46
26-12-2008,85.6
29-12-2008,86.35
30-12-2008,85.9
31-12-2008,86.52
02-01-2009,86.23
05-01-2009,84.48
06-01-2009,85.13
07-01-2009,82.75
08-01-2009,84.46
09-01-2009,83.92
12-01-2009,80.76
13-01-2009,80.88
14-01-2009,79.79
15-01-2009,80.39
16-01-2009,82.71
20-01-2009,84.52
21-01-2009,84.15
22-01-2009,84.58
23-01-2009,88.53
26-01-2009,88.95
27-01-2009,88.38
28-01-2009,87.415
29-01-2009,89.5
30-01-2009,91.31
02-02-2009,88.84
03-02-2009,88.47
04-02-2009,89.18
05-02-2009,90.12
06-02-2009,89.59
09-02-2009,88.32
10-02-2009,90.21
11-02-2009,92.29
12-02-2009,93.17
13-02-2009,92.55
17-02-2009,95.45
18-02-2009,96.91
19-02-2009,95.77
20-02-2009,97.8
23-02-2009,97.73
24-02-2009,94.73
25-02-2009,93.15
26-02-2009,93.057
27-02-2009,92.63
02-03-2009,90.93
03-03-2009,90.04
04-03-2009,88.99
05-03-2009,91.987
06-03-2009,92.29
09-03-2009,90.57
10-03-2009,88.14
11-03-2009,89.22
12-03-2009,91.1
13-03-2009,91.3
16-03-2009,90.8
17-03-2009,90.04
18-03-2009,93.09
19-03-2009,94.35
20-03-2009,93.59
23-03-2009,92.08
24-03-2009,90.95
25-03-2009,91.98
26-03-2009,91.93
27-03-2009,90.69
30-03-2009,89.98
31-03-2009,90.28
01-04-2009,91.03
02-04-2009,88.8
03-04-2009,87.59
06-04-2009,85.27
07-04-2009,86.74
08-04-2009,86.61
09-04-2009,86.31
13-04-2009,87.88
14-04-2009,87.37
15-04-2009,87.5
16-04-2009,85.81
17-04-2009,85.22
20-04-2009,86.95
21-04-2009,86.89
22-04-2009,87.38
23-04-2009,88.8
24-04-2009,89.72
27-04-2009,89.01
28-04-2009,87.75
29-04-2009,88.33
30-04-2009,87.27
01-05-2009,86.95
04-05-2009,88.6401
05-05-2009,88.25
06-05-2009,89.54
07-05-2009,89.44
08-05-2009,89.98
11-05-2009,89.69
12-05-2009,90.7
13-05-2009,91.09
14-05-2009,91.03
15-05-2009,91.55
18-05-2009,90.36
19-05-2009,90.96
20-05-2009,92.25
21-05-2009,93.85
22-05-2009,94.15
26-05-2009,93.76
27-05-2009,93.45
28-05-2009,94.24
29-05-2009,96.2
01-06-2009,95.73
02-06-2009,96.36
03-06-2009,94.41
04-06-2009,96.23
05-06-2009,93.71
08-06-2009,93.56
09-06-2009,93.83
10-06-2009,93.86
11-06-2009,93.7
12-06-2009,92.17
15-06-2009,91.1
16-06-2009,91.93
17-06-2009,92.35
18-06-2009,91.61
19-06-2009,91.9
22-06-2009,90.54
23-06-2009,90.92
24-06-2009,91.45
25-06-2009,92.31
26-06-2009,92.29
29-06-2009,92.04
30-06-2009,91.18
01-07-2009,92.39
02-07-2009,91.25
06-07-2009,90.76
07-07-2009,90.71
08-07-2009,89.27
09-07-2009,89.51
10-07-2009,89.58
13-07-2009,90.19
14-07-2009,90.81
15-07-2009,92.24
16-07-2009,91.98
17-07-2009,91.93
20-07-2009,93.28
21-07-2009,93.13
22-07-2009,93.44
23-07-2009,93.26
24-07-2009,93.41
27-07-2009,93.71
28-07-2009,92.11
29-07-2009,91.2
30-07-2009,91.62
31-07-2009,93.35
03-08-2009,93.87
04-08-2009,94.68
05-08-2009,94.78
06-08-2009,94.6
07-08-2009,93.75
10-08-2009,92.927
11-08-2009,92.79
12-08-2009,92.95
13-08-2009,93.72
14-08-2009,93
17-08-2009,91.61
18-08-2009,92.06
19-08-2009,92.532
20-08-2009,92.27
21-08-2009,93.65
24-08-2009,92.34
25-08-2009,92.76
26-08-2009,92.79
27-08-2009,93.19
28-08-2009,93.87
31-08-2009,93.4
01-09-2009,93.9
02-09-2009,96.19
03-09-2009,97.46
04-09-2009,97.529
08-09-2009,97.43
09-09-2009,97.08
10-09-2009,97.7
11-09-2009,98.78
14-09-2009,97.96
15-09-2009,98.9
16-09-2009,99.91
17-09-2009,99.34
18-09-2009,98.67
21-09-2009,98.36
22-09-2009,99.67
23-09-2009,98.83
24-09-2009,97.55
25-09-2009,97
28-09-2009,97.05
29-09-2009,97.43
30-09-2009,98.85
01-10-2009,97.89
02-10-2009,98.37
05-10-2009,99.82
06-10-2009,102.28
07-10-2009,102.361
08-10-2009,103.64
09-10-2009,102.84
12-10-2009,103.56
13-10-2009,104.26
14-10-2009,104.18
15-10-2009,102.86
16-10-2009,103.18
19-10-2009,104.23
20-10-2009,103.42
21-10-2009,103.745
22-10-2009,103.92
23-10-2009,103.49
26-10-2009,101.86
27-10-2009,101.85
28-10-2009,100.73
29-10-2009,102.688
30-10-2009,102.53
02-11-2009,103.95
03-11-2009,106.46
04-11-2009,107.1
05-11-2009,106.98
06-11-2009,107.43
09-11-2009,108.19
10-11-2009,108.39
11-11-2009,109.6
12-11-2009,108.21
13-11-2009,109.74
16-11-2009,111.63
17-11-2009,111.97
18-11-2009,112.25
19-11-2009,112.3
20-11-2009,112.94
23-11-2009,114.29
24-11-2009,114.73
25-11-2009,116.62
27-11-2009,115.06
30-11-2009,115.64
01-12-2009,117.38
02-12-2009,119.18
03-12-2009,118.7
04-12-2009,113.753
07-12-2009,113.11
08-12-2009,110.95
09-12-2009,110.84
10-12-2009,110.82
11-12-2009,109.32
14-12-2009,110.24
15-12-2009,110.21
16-12-2009,111.59
17-12-2009,107.34
18-12-2009,108.95
21-12-2009,106.95
22-12-2009,106.17
23-12-2009,106.55
24-12-2009,108.36
28-12-2009,108.55
29-12-2009,107.47
30-12-2009,106.93
31-12-2009,107.31
04-01-2010,109.8
05-01-2010,109.7
06-01-2010,111.51
07-01-2010,110.82
08-01-2010,111.37
11-01-2010,112.85
12-01-2010,110.49
13-01-2010,111.54
14-01-2010,112.03
15-01-2010,110.86
19-01-2010,111.52
20-01-2010,108.94
21-01-2010,107.37
22-01-2010,107.17
25-01-2010,107.48
26-01-2010,107.56
27-01-2010,106.528
28-01-2010,106.48
29-01-2010,105.96
01-02-2010,108.35
02-02-2010,109.13
03-02-2010,108.7
04-02-2010,104.37
05-02-2010,104.68
08-02-2010,104.04
09-02-2010,105.41
10-02-2010,105.12
11-02-2010,107.13
12-02-2010,107.04
16-02-2010,109.62
17-02-2010,109.25
18-02-2010,109.98
19-02-2010,109.47
22-02-2010,109.07
23-02-2010,107.89
24-02-2010,107.36
25-02-2010,108.31
26-02-2010,109.43
01-03-2010,109.43
02-03-2010,111.02
03-03-2010,111.63
04-03-2010,110.83
05-03-2010,110.81
08-03-2010,109.88
09-03-2010,109.718
10-03-2010,108.47
11-03-2010,108.6
12-03-2010,107.95
15-03-2010,108.36
16-03-2010,110.4
17-03-2010,109.59
18-03-2010,110.34
19-03-2010,108.28
22-03-2010,107.75
23-03-2010,108.32
24-03-2010,106.3
25-03-2010,106.78
26-03-2010,108.59
29-03-2010,108.75
30-03-2010,107.97
31-03-2010,108.95
01-04-2010,110.26
05-04-2010,110.89
06-04-2010,111.03
07-04-2010,112.49
08-04-2010,112.65
09-04-2010,113.64
12-04-2010,113.01
13-04-2010,112.69
14-04-2010,113.03
15-04-2010,113.65
16-04-2010,111.24
19-04-2010,111.15
20-04-2010,111.46
21-04-2010,112.31
22-04-2010,111.84
23-04-2010,113.19
26-04-2010,112.75
27-04-2010,114.63
28-04-2010,114.31
29-04-2010,114.28
30-04-2010,115.36
03-05-2010,115.73
04-05-2010,114.87
05-05-2010,115.09
06-05-2010,118.486
07-05-2010,118.27
10-05-2010,117.57
11-05-2010,120.656
12-05-2010,121.4
13-05-2010,120.56
14-05-2010,120.37
17-05-2010,119.36
18-05-2010,119.49
19-05-2010,116.63
20-05-2010,115.84
21-05-2010,115.22
24-05-2010,116.84
25-05-2010,117.36
26-05-2010,118.47
27-05-2010,118.69
28-05-2010,118.881
01-06-2010,119.91
02-06-2010,119.78
03-06-2010,117.96
04-06-2010,119.19
07-06-2010,121.49
08-06-2010,121.0025
09-06-2010,120.56
10-06-2010,118.975
11-06-2010,120.01
14-06-2010,119.6
15-06-2010,120.99
16-06-2010,120.33
17-06-2010,121.9
18-06-2010,122.83
21-06-2010,120.39
22-06-2010,121.45
23-06-2010,120.95
24-06-2010,121.3
25-06-2010,122.76
28-06-2010,121.09
29-06-2010,121.27
30-06-2010,121.68
01-07-2010,117.04
02-07-2010,118.49
06-07-2010,116.51
07-07-2010,117.73
08-07-2010,117.21
09-07-2010,118.36
12-07-2010,117.34
13-07-2010,118.36
14-07-2010,118.3
15-07-2010,118.23
16-07-2010,116.67
19-07-2010,115.73
20-07-2010,116.65
21-07-2010,115.85
22-07-2010,116.863
23-07-2010,116.09
26-07-2010,115.52
27-07-2010,113.51
28-07-2010,113.78
29-07-2010,114.288
30-07-2010,115.49
02-08-2010,115.54
03-08-2010,115.99
04-08-2010,116.72
05-08-2010,116.98
06-08-2010,117.84
09-08-2010,117.4
10-08-2010,117.73
11-08-2010,117.34
12-08-2010,118.77
13-08-2010,118.74
16-08-2010,119.73
17-08-2010,119.75
18-08-2010,120.22
19-08-2010,120.39
20-08-2010,119.97
23-08-2010,119.78
24-08-2010,120.36
25-08-2010,121.36
26-08-2010,120.96
27-08-2010,121.01
30-08-2010,120.91
31-08-2010,122.08
01-09-2010,121.69
02-09-2010,122.29
03-09-2010,121.86
07-09-2010,122.7
08-09-2010,122.71
09-09-2010,121.56
10-09-2010,121.73
13-09-2010,121.62
14-09-2010,124.024
15-09-2010,123.94
16-09-2010,124.63
17-09-2010,124.5425
20-09-2010,124.87
21-09-2010,126.01
22-09-2010,126.2
23-09-2010,126.3
24-09-2010,126.69
27-09-2010,126.72
28-09-2010,127.85
29-09-2010,127.95
30-09-2010,127.91
01-10-2010,128.91
04-10-2010,128.46
05-10-2010,130.99
06-10-2010,131.81
07-10-2010,130.37
08-10-2010,131.66
11-10-2010,132.292
12-10-2010,131.96
13-10-2010,134.07
14-10-2010,134.75
15-10-2010,133.68
18-10-2010,134.28
19-10-2010,130.11
20-10-2010,131.32
21-10-2010,129.47
22-10-2010,129.73
25-10-2010,130.85
26-10-2010,130.88
27-10-2010,129.52
28-10-2010,131.24
29-10-2010,132.62
01-11-2010,131.92
02-11-2010,132.49
03-11-2010,131.57
04-11-2010,136.03
05-11-2010,136.38
08-11-2010,137.78
09-11-2010,135.59
10-11-2010,137.24
11-11-2010,137.66
12-11-2010,133.69
15-11-2010,132.42
16-11-2010,130.968
17-11-2010,130.38
18-11-2010,132.088
19-11-2010,132.2
22-11-2010,133.48
23-11-2010,134.41
24-11-2010,134.18
26-11-2010,133.11
29-11-2010,133.508
30-11-2010,135.42
01-12-2010,135.38
02-12-2010,135.2
03-12-2010,138.07
06-12-2010,139.11
07-12-2010,136.5
08-12-2010,134.79
09-12-2010,135.37
10-12-2010,135.408
13-12-2010,136.05
14-12-2010,136.18
15-12-2010,134.7
16-12-2010,133.81
17-12-2010,134.2
20-12-2010,135.11
21-12-2010,135.32
22-12-2010,135.05
23-12-2010,134.66
27-12-2010,135.02
28-12-2010,137.22
29-12-2010,137.71
30-12-2010,137.03
31-12-2010,138.72
03-01-2011,138
04-01-2011,134.75
05-01-2011,134.37
06-01-2011,133.83
07-01-2011,133.58
10-01-2011,134.12
11-01-2011,134.91
12-01-2011,135.46
13-01-2011,134.05
14-01-2011,132.69
18-01-2011,133.43
19-01-2011,133.72
20-01-2011,131.2
21-01-2011,131.03
24-01-2011,130.36
25-01-2011,130.1
26-01-2011,131.16
27-01-2011,127.925
28-01-2011,130.28
31-01-2011,129.87
01-02-2011,130.8
02-02-2011,130.45
03-02-2011,132.2
04-02-2011,131.66
07-02-2011,131.68
08-02-2011,133.14
09-02-2011,133.07
10-02-2011,132.85
11-02-2011,132.3225
14-02-2011,132.95
15-02-2011,133.97
16-02-2011,134.1
17-02-2011,135.04
18-02-2011,135.41
22-02-2011,136.29
23-02-2011,137.51
24-02-2011,136.48
25-02-2011,137.384
28-02-2011,137.661
01-03-2011,140.03
02-03-2011,139.917
03-03-2011,138.09
04-03-2011,139.35
07-03-2011,139.721
08-03-2011,139.36
09-03-2011,139.41
10-03-2011,137.77
11-03-2011,138.22
14-03-2011,138.86
15-03-2011,136.27
16-03-2011,136.24
17-03-2011,136.97
18-03-2011,138.37
21-03-2011,139.14
22-03-2011,139.05
23-03-2011,140.34
24-03-2011,139.22
25-03-2011,139.26
28-03-2011,138.54
29-03-2011,138.21
30-03-2011,138.67
31-03-2011,139.86
01-04-2011,139.2
04-04-2011,139.84
05-04-2011,142.05
06-04-2011,142.38
07-04-2011,142.51
08-04-2011,143.66
11-04-2011,142.64
12-04-2011,141.61
13-04-2011,141.9
14-04-2011,143.81
15-04-2011,145.05
18-04-2011,145.93
19-04-2011,145.93
20-04-2011,146.5
21-04-2011,146.74
25-04-2011,146.87
26-04-2011,146.38
27-04-2011,149.2
28-04-2011,149.82
29-04-2011,152.37
02-05-2011,150.414
03-05-2011,149.88
04-05-2011,147.73
05-05-2011,143.47
06-05-2011,145.3
09-05-2011,147.38
10-05-2011,147.9
11-05-2011,146.54
12-05-2011,146.59
13-05-2011,145.63
16-05-2011,145.37
17-05-2011,144.74
18-05-2011,145.6
19-05-2011,145.65
20-05-2011,147.49
23-05-2011,147.83
24-05-2011,148.59
25-05-2011,148.58
26-05-2011,148.22
27-05-2011,149.7
31-05-2011,149.64
01-06-2011,149.91
02-06-2011,149.5
03-06-2011,150.22
06-06-2011,150.48
07-06-2011,150.42
08-06-2011,149.81
09-06-2011,150.56
10-06-2011,149.24
13-06-2011,147.77
14-06-2011,148.67
15-06-2011,149.12
16-06-2011,148.97
17-06-2011,149.94
20-06-2011,150.03
21-06-2011,150.76
22-06-2011,150.99
23-06-2011,148.339
24-06-2011,146.26
27-06-2011,145.73
28-06-2011,146.24
29-06-2011,147.18
30-06-2011,146.001
01-07-2011,144.93
05-07-2011,147.63
06-07-2011,148.91
07-07-2011,149.15
08-07-2011,150.25
11-07-2011,151.59
12-07-2011,152.77
13-07-2011,154.14
14-07-2011,154.54
15-07-2011,155.2
18-07-2011,156.57
19-07-2011,154.66
20-07-2011,156.02
21-07-2011,154.83
22-07-2011,156.12
25-07-2011,157.34
26-07-2011,157.77
27-07-2011,157.19
28-07-2011,157.32
29-07-2011,158.29
01-08-2011,157.72
02-08-2011,161.52
03-08-2011,161.49
04-08-2011,160.64
05-08-2011,161.75
08-08-2011,167.119
09-08-2011,168.61
10-08-2011,174.58
11-08-2011,170.75
12-08-2011,169.97
15-08-2011,171.8
16-08-2011,173.92
17-08-2011,174.42
18-08-2011,177.72
19-08-2011,179.95
22-08-2011,184.59
23-08-2011,177.67
24-08-2011,171.646
25-08-2011,172.36
26-08-2011,177.47
29-08-2011,173.89
30-08-2011,179.1
31-08-2011,177.72
01-09-2011,177.87
02-09-2011,183.238
06-09-2011,182.9
07-09-2011,177.08
08-09-2011,181.81
09-09-2011,180.7
12-09-2011,176.67
13-09-2011,178.54
14-09-2011,177.21
15-09-2011,174.4
16-09-2011,176.03
19-09-2011,173.31
20-09-2011,175.78
21-09-2011,173.59
22-09-2011,169.05
23-09-2011,159.8
26-09-2011,157.58
27-09-2011,160.63
28-09-2011,156.22
29-09-2011,157.7
30-09-2011,158.06
03-10-2011,160.96
04-10-2011,157.644
05-10-2011,159.46
06-10-2011,160.49
07-10-2011,159.18
10-10-2011,163.266
11-10-2011,162.1
12-10-2011,163.26
13-10-2011,162.3
14-10-2011,163.4
17-10-2011,162.62
18-10-2011,161.84
19-10-2011,159.87
20-10-2011,157.77
21-10-2011,159.52
24-10-2011,161.02
25-10-2011,165.59
26-10-2011,167.4
27-10-2011,169.55
28-10-2011,169.62
31-10-2011,167.34
01-11-2011,167.38
02-11-2011,169.06
03-11-2011,171.72
04-11-2011,170.85
07-11-2011,174.98
08-11-2011,173.53
09-11-2011,172.07
10-11-2011,171.14
11-11-2011,173.96
14-11-2011,173.2
15-11-2011,173.36
16-11-2011,171.51
17-11-2011,167.1
18-11-2011,167.62
21-11-2011,163.5
22-11-2011,165.31
23-11-2011,164.83
25-11-2011,163.4
28-11-2011,166.63
29-11-2011,166.88
30-11-2011,170.13
01-12-2011,169.63
02-12-2011,169.82
05-12-2011,167.32
06-12-2011,168.18
07-12-2011,169.4
08-12-2011,165.976
09-12-2011,166.4
12-12-2011,161.99
13-12-2011,158.45
14-12-2011,152.89
15-12-2011,152.33
16-12-2011,155.23
19-12-2011,154.87
20-12-2011,156.98
21-12-2011,157.16
22-12-2011,156.04
23-12-2011,156.31
27-12-2011,154.91
28-12-2011,151.03
29-12-2011,150.34
30-12-2011,151.99
03-01-2012,155.92
04-01-2012,156.71
05-01-2012,157.78
06-01-2012,157.2
09-01-2012,156.5
10-01-2012,158.64
11-01-2012,159.67
12-01-2012,160.38
13-01-2012,159.26
17-01-2012,160.5
18-01-2012,161.6
19-01-2012,161.22
20-01-2012,162.07
23-01-2012,163.16
24-01-2012,162.01
25-01-2012,166.42
26-01-2012,167.27
27-01-2012,168.97
30-01-2012,168.03
31-01-2012,169.31
01-02-2012,169.56
02-02-2012,171.05
03-02-2012,167.64
06-02-2012,167.18
07-02-2012,169.7
08-02-2012,168.5
09-02-2012,168.02
10-02-2012,167.14
13-02-2012,167.51
14-02-2012,167.12
15-02-2012,168.108
16-02-2012,168
17-02-2012,167.35
21-02-2012,171.02
22-02-2012,172.94
23-02-2012,173.02
24-02-2012,172.231
27-02-2012,171.7
28-02-2012,173.49
29-02-2012,164.286
01-03-2012,166.61
02-03-2012,166.34
05-03-2012,165.65
06-03-2012,162.7
07-03-2012,163.63
08-03-2012,165.28
09-03-2012,166.3799
12-03-2012,165.07
13-03-2012,162.3
14-03-2012,159.57
15-03-2012,161.08
16-03-2012,161.3
19-03-2012,161.59
20-03-2012,160.13
21-03-2012,160.21
22-03-2012,159.57
23-03-2012,161.5329
26-03-2012,164.4
27-03-2012,163.24
28-03-2012,161.51
29-03-2012,161.28
30-03-2012,162.12
02-04-2012,162.94
03-04-2012,159.89
04-04-2012,157.21
05-04-2012,158.31
09-04-2012,159.37
10-04-2012,161.1
11-04-2012,161.065
12-04-2012,162.7
13-04-2012,160.85
16-04-2012,160.46
17-04-2012,160.27
18-04-2012,159.31
19-04-2012,159.43
20-04-2012,159.54
23-04-2012,159.07
24-04-2012,159.3
25-04-2012,159.62
26-04-2012,161.03
27-04-2012,161.38
30-04-2012,161.88
01-05-2012,161.32
02-05-2012,160.59
03-05-2012,158.97
04-05-2012,159.47
07-05-2012,159.08
08-05-2012,156
09-05-2012,154.47
10-05-2012,154.77
11-05-2012,153.56
14-05-2012,151.33
15-05-2012,149.74
16-05-2012,149.46
17-05-2012,152.8
18-05-2012,154.55
21-05-2012,154.65
22-05-2012,152.08
23-05-2012,151.62
24-05-2012,151.41
25-05-2012,152.68
29-05-2012,151.02
30-05-2012,151.91
31-05-2012,151.62
01-06-2012,157.5
04-06-2012,157.32
05-06-2012,157.14
06-06-2012,157.21
07-06-2012,154.5
08-06-2012,154.73
11-06-2012,155.36
12-06-2012,156.4594
13-06-2012,157.12
14-06-2012,157.75
15-06-2012,157.84
18-06-2012,157.93
19-06-2012,157.16
20-06-2012,155.97
21-06-2012,152.015
22-06-2012,152.64
25-06-2012,153.76
26-06-2012,152.62
27-06-2012,152.83
28-06-2012,151.05
29-06-2012,155.19
02-07-2012,155.09
03-07-2012,157.46
05-07-2012,155.68
06-07-2012,153.71
09-07-2012,154.04
10-07-2012,152.15
11-07-2012,152.99
12-07-2012,152.59
13-07-2012,154.14
16-07-2012,154.21
17-07-2012,153.47
18-07-2012,153.05
19-07-2012,153.38
20-07-2012,153.67
23-07-2012,153.03
24-07-2012,153.52
25-07-2012,155.67
26-07-2012,156.77
27-07-2012,157.54
30-07-2012,157.43
31-07-2012,156.49
01-08-2012,155.14
02-08-2012,154.13
03-08-2012,155.55
06-08-2012,156.3
07-08-2012,156.28
08-08-2012,156.48
09-08-2012,156.99
10-08-2012,157.18
13-08-2012,155.99
14-08-2012,155.13
15-08-2012,155.63
16-08-2012,156.56
17-08-2012,156.72
20-08-2012,157.26
21-08-2012,158.83
22-08-2012,160.54
23-08-2012,161.89
24-08-2012,161.97
27-08-2012,161.36
28-08-2012,161.64
29-08-2012,160.59
30-08-2012,160.52
31-08-2012,164.22
04-09-2012,164.48
05-09-2012,164.31
06-09-2012,164.89
07-09-2012,168.44
10-09-2012,167.29
11-09-2012,167.9
12-09-2012,167.92
13-09-2012,171.31
14-09-2012,171.8
17-09-2012,170.4
18-09-2012,171.72
19-09-2012,171.74
20-09-2012,171.47
21-09-2012,171.96
24-09-2012,171.05
25-09-2012,170.77
26-09-2012,169.81
27-09-2012,172.34
28-09-2012,171.89
01-10-2012,172.295
02-10-2012,172.1
03-10-2012,172.41
04-10-2012,173.61
05-10-2012,172.62
08-10-2012,172.05
09-10-2012,170.99
10-10-2012,170.84
11-10-2012,171.32
12-10-2012,170.06
15-10-2012,168.35
16-10-2012,169.42
17-10-2012,169.54
18-10-2012,168.7891
19-10-2012,166.97
22-10-2012,167.58
23-10-2012,165.4258
24-10-2012,164.8603
25-10-2012,166.02
26-10-2012,165.93
31-10-2012,166.83
01-11-2012,166.07
02-11-2012,162.6
05-11-2012,163.23
06-11-2012,166.3
07-11-2012,166.49
08-11-2012,167.99
09-11-2012,167.82
12-11-2012,167.45
13-11-2012,167.1
14-11-2012,167.14
15-11-2012,166.09
16-11-2012,165.88
19-11-2012,167.87
20-11-2012,167.39
21-11-2012,167.56
23-11-2012,169.61
26-11-2012,169.43
27-11-2012,168.71
28-11-2012,166.55
29-11-2012,167.1817
30-11-2012,166.05
03-12-2012,166.1267
04-12-2012,164.42
05-12-2012,164.12
06-12-2012,164.5
07-12-2012,165.165
10-12-2012,165.8
11-12-2012,165.65
12-12-2012,165.77
13-12-2012,164.37
14-12-2012,164.13
17-12-2012,164.44
18-12-2012,162.08
19-12-2012,161.69
20-12-2012,159.73
21-12-2012,160.33
24-12-2012,160.62
26-12-2012,160.78
27-12-2012,161.16
28-12-2012,160.54
31-12-2012,162.0204
02-01-2013,163.17
03-01-2013,161.2
04-01-2013,160.44
07-01-2013,159.43
08-01-2013,160.56
09-01-2013,160.49
10-01-2013,161.98
11-01-2013,161.06
14-01-2013,161.54
15-01-2013,162.558
16-01-2013,162.65
17-01-2013,163.35
18-01-2013,163.09
22-01-2013,163.67
23-01-2013,163.21
24-01-2013,161.42
25-01-2013,160.65
28-01-2013,160.29
29-01-2013,160.99
30-01-2013,162.19
31-01-2013,161.2
01-02-2013,161.45
04-02-2013,162
05-02-2013,161.96
06-02-2013,162.39
07-02-2013,161.84
08-02-2013,161.57
11-02-2013,159.7
12-02-2013,159.89
13-02-2013,159.05
14-02-2013,158.348
15-02-2013,155.76
19-02-2013,155.33
20-02-2013,151.44
21-02-2013,152.62
22-02-2013,152.97
25-02-2013,154.34
26-02-2013,156.22
27-02-2013,154.57
28-02-2013,153
01-03-2013,152.44
04-03-2013,152.3
05-03-2013,152.38
06-03-2013,153.23
07-03-2013,152.69
08-03-2013,152.71
11-03-2013,152.99
12-03-2013,154.19
13-03-2013,153.66
14-03-2013,153.68
15-03-2013,154.001
18-03-2013,155.38
19-03-2013,156.08
20-03-2013,155.37
21-03-2013,156.246
22-03-2013,155.55
25-03-2013,155.24
26-03-2013,154.72
27-03-2013,155.36
28-03-2013,154.47
01-04-2013,154.67
02-04-2013,152.43
03-04-2013,150.73
04-04-2013,150.29
05-04-2013,152.81
08-04-2013,152.16
09-04-2013,153.34
10-04-2013,150.75
11-04-2013,151.05
12-04-2013,143.95
15-04-2013,131.31
16-04-2013,132.8
17-04-2013,132.87
18-04-2013,134.3
19-04-2013,135.47
22-04-2013,137.9
23-04-2013,136.88
24-04-2013,138.3699
25-04-2013,141.63
26-04-2013,140.91
29-04-2013,142.3
30-04-2013,142.77
01-05-2013,141.11
02-05-2013,141.92
03-05-2013,142.09
06-05-2013,142.15
07-05-2013,140.38
08-05-2013,142.46
09-05-2013,140.81
10-05-2013,139.6
13-05-2013,138.43
14-05-2013,137.81
15-05-2013,134.63
16-05-2013,134.09
17-05-2013,131.07
20-05-2013,135.12
21-05-2013,132.88
22-05-2013,131.94
23-05-2013,134.61
24-05-2013,133.76
28-05-2013,133.49
29-05-2013,134.83
30-05-2013,136.7
31-05-2013,133.92
03-06-2013,136.51
04-06-2013,135.23
05-06-2013,135.52
06-06-2013,136.53
07-06-2013,133.28
10-06-2013,133.94
11-06-2013,133.25
12-06-2013,134.25
13-06-2013,133.74
14-06-2013,134.43
17-06-2013,133.77
18-06-2013,132.13
19-06-2013,130.59
20-06-2013,123.6
21-06-2013,125.05
24-06-2013,123.93
25-06-2013,123.47
26-06-2013,118.28
27-06-2013,115.94
28-06-2013,119.11
01-07-2013,121.13
02-07-2013,120.05
03-07-2013,120.74
05-07-2013,118.09
08-07-2013,119.51
09-07-2013,120.62
10-07-2013,120.95
11-07-2013,124.24
12-07-2013,124.13
15-07-2013,124.18
16-07-2013,124.89
17-07-2013,123.32
18-07-2013,124.01
19-07-2013,125.11
22-07-2013,128.84
23-07-2013,129.71
24-07-2013,127.48
25-07-2013,128.67
26-07-2013,128.78
29-07-2013,128.47
30-07-2013,128.12
31-07-2013,127.96
01-08-2013,126.61
02-08-2013,126.36
05-08-2013,125.7
06-08-2013,123.97
07-08-2013,124.15
08-08-2013,126.86
09-08-2013,126.86
12-08-2013,129.13
13-08-2013,127.74
14-08-2013,129
15-08-2013,131.69
16-08-2013,132.58
19-08-2013,132.01
20-08-2013,132.45
21-08-2013,132.07
22-08-2013,132.81
23-08-2013,134.9
26-08-2013,135.45
27-08-2013,136.75
28-08-2013,136.71
29-08-2013,135.87
30-08-2013,134.62
03-09-2013,136.42
04-09-2013,134.66
05-09-2013,132.2
06-09-2013,134.15
09-09-2013,133.91
10-09-2013,131.74
11-09-2013,131.7
12-09-2013,127.67
13-09-2013,127.82
16-09-2013,126.45
17-09-2013,126.5
18-09-2013,132.01
19-09-2013,131.75
20-09-2013,127.96
23-09-2013,127.55
24-09-2013,127.66
25-09-2013,128.79
26-09-2013,127.79
27-09-2013,128.97
30-09-2013,128.18
01-10-2013,124.59
02-10-2013,127.06
03-10-2013,127.18
04-10-2013,126.53
07-10-2013,127.64
08-10-2013,127.4
09-10-2013,126.11
10-10-2013,124.27
11-10-2013,122.6
14-10-2013,122.83
15-10-2013,123.73
16-10-2013,123.54
17-10-2013,127.42
18-10-2013,126.85
21-10-2013,126.98
22-10-2013,129.34
23-10-2013,128.69
24-10-2013,129.9
25-10-2013,130.46
28-10-2013,130.56
29-10-2013,129.77
30-10-2013,129.6
31-10-2013,127.74
01-11-2013,126.95
04-11-2013,126.81
05-11-2013,126.56
06-11-2013,127.2
07-11-2013,126.16
08-11-2013,124.279
11-11-2013,123.87
12-11-2013,122.45
13-11-2013,122.85
14-11-2013,124.27
15-11-2013,124.32
18-11-2013,122.9
19-11-2013,122.95
20-11-2013,120.12
21-11-2013,119.94
22-11-2013,119.92
25-11-2013,120.46
26-11-2013,119.82
27-11-2013,119.46
29-11-2013,120.7
02-12-2013,117.58
03-12-2013,117.96
04-12-2013,119.96
05-12-2013,118.3
06-12-2013,118.55
09-12-2013,119.72
10-12-2013,121.82
11-12-2013,120.86
12-12-2013,118.29
13-12-2013,119.38
16-12-2013,119.69
17-12-2013,118.65
18-12-2013,117.61
19-12-2013,114.82
20-12-2013,115.94
23-12-2013,115.57
24-12-2013,116.1
26-12-2013,116.74
27-12-2013,117.12
30-12-2013,115.39
31-12-2013,116.12
02-01-2014,118
03-01-2014,119.29
06-01-2014,119.5
07-01-2014,118.82
08-01-2014,118.12
09-01-2014,118.46
10-01-2014,120.26
13-01-2014,121.02
14-01-2014,119.89
15-01-2014,119.66
16-01-2014,119.79
17-01-2014,120.93
21-01-2014,119.7
22-01-2014,119.19
23-01-2014,121.79
24-01-2014,122.29
27-01-2014,120.96
28-01-2014,120.95
29-01-2014,122.47
30-01-2014,119.77
31-01-2014,120.09
03-02-2014,121.32
04-02-2014,120.99
05-02-2014,121.29
06-02-2014,121.24
07-02-2014,122.17
10-02-2014,122.92
11-02-2014,124.36
12-02-2014,124.43
13-02-2014,125.49
14-02-2014,127.15
18-02-2014,127.4
19-02-2014,126.27
20-02-2014,127.6
21-02-2014,127.58
24-02-2014,128.99
25-02-2014,129.21
26-02-2014,128.11
27-02-2014,128.2
28-02-2014,127.62
03-03-2014,130.29
04-03-2014,128.68
05-03-2014,128.89
06-03-2014,130.17
07-03-2014,129.09
10-03-2014,129.13
11-03-2014,129.86
12-03-2014,131.76
13-03-2014,132.21
14-03-2014,133.1
17-03-2014,131.64
18-03-2014,130.62
19-03-2014,128.09
20-03-2014,127.86
21-03-2014,128.47
24-03-2014,126.18
25-03-2014,126.41
26-03-2014,125.41
27-03-2014,124.59
28-03-2014,124.56
31-03-2014,123.61
01-04-2014,123.39
02-04-2014,124.32
03-04-2014,123.92
04-04-2014,125.57
07-04-2014,124.91
08-04-2014,126.09
09-04-2014,126.32
10-04-2014,127.01
11-04-2014,126.93
14-04-2014,127.85
15-04-2014,125.49
16-04-2014,125.54
17-04-2014,124.75
21-04-2014,124.24
22-04-2014,123.78
23-04-2014,123.76
24-04-2014,124.56
25-04-2014,125.43
28-04-2014,124.88
29-04-2014,124.86
30-04-2014,124.22
01-05-2014,123.8
02-05-2014,125.06
05-05-2014,126.22
06-05-2014,125.98
07-05-2014,124.17
08-05-2014,124.17
09-05-2014,124.1
12-05-2014,124.94
13-05-2014,124.6
14-05-2014,125.81
15-05-2014,124.77
16-05-2014,124.5
19-05-2014,124.58
20-05-2014,124.69
21-05-2014,124.39
22-05-2014,124.67
23-05-2014,124.51
27-05-2014,121.85
28-05-2014,121.2
29-05-2014,120.94
30-05-2014,120.43
02-06-2014,119.7
03-06-2014,120.01
04-06-2014,119.76
05-06-2014,120.66
06-06-2014,120.61
09-06-2014,120.65
10-06-2014,121.39
11-06-2014,121.41
12-06-2014,122.64
13-06-2014,122.96
16-06-2014,122.42
17-06-2014,122.28
18-06-2014,122.67
19-06-2014,126.94
20-06-2014,126.5
23-06-2014,126.85
24-06-2014,126.98
25-06-2014,126.99
26-06-2014,126.73
27-06-2014,126.66
30-06-2014,128.04
01-07-2014,127.7
02-07-2014,127.7
03-07-2014,127.16
07-07-2014,127.02
08-07-2014,127.07
09-07-2014,127.84
10-07-2014,128.54
11-07-2014,128.78
14-07-2014,125.72
15-07-2014,124.53
16-07-2014,124.97
17-07-2014,127.0899
18-07-2014,126.13
21-07-2014,126.34
22-07-2014,125.74
23-07-2014,125.62
24-07-2014,124.35
25-07-2014,125.791
28-07-2014,125.58
29-07-2014,125.2
30-07-2014,124.83
31-07-2014,123.39
01-08-2014,124.38
04-08-2014,123.99
05-08-2014,123.87
06-08-2014,125.67
07-08-2014,126.18
08-08-2014,126.19
11-08-2014,125.96
12-08-2014,125.99
13-08-2014,126.2
14-08-2014,126.31
15-08-2014,125.483
18-08-2014,124.96
19-08-2014,124.68
20-08-2014,124.22
21-08-2014,122.88
22-08-2014,123.19
25-08-2014,122.74
26-08-2014,123.35
27-08-2014,123.3199
28-08-2014,124
29-08-2014,123.86
02-09-2014,121.65
03-09-2014,122.15
04-09-2014,121.48
05-09-2014,122.06
08-09-2014,120.73
09-09-2014,120.87
10-09-2014,120.26
11-09-2014,119.472
12-09-2014,118.38
15-09-2014,118.64
16-09-2014,118.83
17-09-2014,117.54
18-09-2014,117.78
19-09-2014,117.09
22-09-2014,116.85
23-09-2014,117.6
24-09-2014,117.05
25-09-2014,117.39
26-09-2014,117.06
29-09-2014,117.03
30-09-2014,116.21
01-10-2014,116.77
02-10-2014,116.74
03-10-2014,114.61
06-10-2014,116.03
07-10-2014,116.36
08-10-2014,117.4701
09-10-2014,117.64
10-10-2014,117.59
13-10-2014,118.52
14-10-2014,118.59
15-10-2014,118.99
16-10-2014,119.22
17-10-2014,118.99
20-10-2014,119.8
21-10-2014,120.02
22-10-2014,119.34
23-10-2014,118.52
24-10-2014,118.35
27-10-2014,118.06
28-10-2014,118.1
29-10-2014,116.41
30-10-2014,115.19
31-10-2014,112.66
03-11-2014,112.15
04-11-2014,112.22
05-11-2014,109.79
06-11-2014,109.88
07-11-2014,112.97
10-11-2014,110.46
11-11-2014,112.04
12-11-2014,111.5
13-11-2014,111.67
14-11-2014,114.47
17-11-2014,114.05
18-11-2014,115.05
19-11-2014,113.68
20-11-2014,114.86
21-11-2014,115.39
24-11-2014,115.11
25-11-2014,115.38
26-11-2014,115.16
28-11-2014,112.11
01-12-2014,116.58
02-12-2014,115.14
03-12-2014,116.33
04-12-2014,115.88
05-12-2014,114.43
08-12-2014,115.78
09-12-2014,118.19
10-12-2014,117.96
11-12-2014,117.69
12-12-2014,117.41
15-12-2014,114.39
16-12-2014,114.95
17-12-2014,114.27
18-12-2014,115.15
19-12-2014,114.77
22-12-2014,112.55
23-12-2014,112.74
24-12-2014,112.77
26-12-2014,114.83
29-12-2014,113.67
30-12-2014,115.2
31-12-2014,113.58
02-01-2015,114.08
05-01-2015,115.8
06-01-2015,117.12
07-01-2015,116.43
08-01-2015,115.94
09-01-2015,117.26
12-01-2015,118.56
13-01-2015,118.16
14-01-2015,117.97
15-01-2015,120.94
16-01-2015,122.52
20-01-2015,124.2
21-01-2015,124.23
22-01-2015,125.23
23-01-2015,124.23
26-01-2015,122.99
27-01-2015,124.4
28-01-2015,123.42
29-01-2015,120.76
30-01-2015,123.45
02-02-2015,122.42
03-02-2015,121.05
04-02-2015,121.58
05-02-2015,121.79
06-02-2015,118.64
09-02-2015,119.17
10-02-2015,118.47
11-02-2015,117.07
12-02-2015,117.34
13-02-2015,117.98
17-02-2015,116.01
18-02-2015,116.34
19-02-2015,115.94
20-02-2015,115.28
23-02-2015,115.43
24-02-2015,115.26
25-02-2015,115.7
26-02-2015,116.07
27-02-2015,116.16
02-03-2015,115.68
03-03-2015,115.47
04-03-2015,115.11
05-03-2015,115
06-03-2015,111.86
09-03-2015,111.97
10-03-2015,111.42
11-03-2015,110.75
12-03-2015,110.72
13-03-2015,110.88
16-03-2015,110.81
17-03-2015,110.21
18-03-2015,112.37
19-03-2015,112.29
20-03-2015,113.57
23-03-2015,114.29
24-03-2015,114.57
25-03-2015,114.73
26-03-2015,115.48
27-03-2015,115.06
30-03-2015,113.75
31-03-2015,113.66
01-04-2015,115.6
02-04-2015,115.28
06-04-2015,116.69
07-04-2015,116.11
08-04-2015,115.47
09-04-2015,114.67
10-04-2015,115.966
13-04-2015,115.14
14-04-2015,114.44
15-04-2015,115.43
16-04-2015,115.03
17-04-2015,115.6
20-04-2015,114.72
21-04-2015,115.38
22-04-2015,113.83
23-04-2015,114.66
24-04-2015,113.05
27-04-2015,115.33
28-04-2015,116.33
29-04-2015,115.51
30-04-2015,113.47
01-05-2015,113.08
04-05-2015,114.1
05-05-2015,114.42
06-05-2015,114.36
07-05-2015,113.42
08-05-2015,113.97
11-05-2015,113.53
12-05-2015,114.5
13-05-2015,116.55
14-05-2015,117.18
15-05-2015,117.53
18-05-2015,117.52
19-05-2015,115.89
20-05-2015,116.08
21-05-2015,115.69
22-05-2015,115.6
26-05-2015,113.91
27-05-2015,113.89
28-05-2015,114.02
29-05-2015,114.1
01-06-2015,114
02-06-2015,114.46
03-06-2015,113.64
04-06-2015,112.84
05-06-2015,112.24
08-06-2015,112.57
09-06-2015,112.82
10-06-2015,113.78
11-06-2015,113.26
12-06-2015,113.23
15-06-2015,113.73
16-06-2015,113.32
17-06-2015,113.85
18-06-2015,115.32
19-06-2015,115.12
22-06-2015,113.64
23-06-2015,112.89
24-06-2015,112.59
25-06-2015,112.44
26-06-2015,112.56
29-06-2015,113.07
30-06-2015,112.37
01-07-2015,111.98
02-07-2015,111.76
06-07-2015,112.06
07-07-2015,110.76
08-07-2015,111.09
09-07-2015,111.36
10-07-2015,111.49
13-07-2015,110.99
14-07-2015,110.74
15-07-2015,110.16
16-07-2015,109.76
17-07-2015,108.65
20-07-2015,105.7
21-07-2015,105.37
22-07-2015,104.8
23-07-2015,104.33
24-07-2015,105.35
27-07-2015,104.86
28-07-2015,105.02
29-07-2015,105.17
30-07-2015,104.27
31-07-2015,104.93
03-08-2015,104.1
04-08-2015,104.31
05-08-2015,103.93
06-08-2015,104.39
07-08-2015,104.65
10-08-2015,105.72
11-08-2015,106.26
12-08-2015,107.75
13-08-2015,106.86
14-08-2015,106.85
17-08-2015,107.13
18-08-2015,107.11
19-08-2015,108.55
20-08-2015,110.44
21-08-2015,111.13
24-08-2015,110.53
25-08-2015,109.16
26-08-2015,107.67
27-08-2015,107.73
28-08-2015,108.7
31-08-2015,108.82
01-09-2015,109.2
02-09-2015,108.62
03-09-2015,107.84
04-09-2015,107.49
08-09-2015,107.52
09-09-2015,106.13
10-09-2015,106.38
11-09-2015,106.16
14-09-2015,106.22
15-09-2015,105.9
16-09-2015,107.31
17-09-2015,108.41
18-09-2015,109.21
21-09-2015,108.53
22-09-2015,107.79
23-09-2015,108.22
24-09-2015,110.49
25-09-2015,109.81
28-09-2015,108.42
29-09-2015,107.98
30-09-2015,106.86
01-10-2015,106.73
02-10-2015,108.99
05-10-2015,108.77
06-10-2015,109.86
07-10-2015,109.7
08-10-2015,109.14
09-10-2015,110.87
12-10-2015,111.31
13-10-2015,111.86
14-10-2015,113.81
15-10-2015,113.29
16-10-2015,112.49
19-10-2015,112.02
20-10-2015,112.73
21-10-2015,111.73
22-10-2015,111.69
23-10-2015,111.5
26-10-2015,111.43
27-10-2015,111.68
28-10-2015,110.78
29-10-2015,109.72
30-10-2015,109.3
02-11-2015,108.59
03-11-2015,106.98
04-11-2015,105.97
05-11-2015,105.64
06-11-2015,104.1
09-11-2015,104.4
10-11-2015,104.18
11-11-2015,103.83
12-11-2015,103.85
13-11-2015,103.56
16-11-2015,103.71
17-11-2015,102.34
18-11-2015,102.43
19-11-2015,103.56
20-11-2015,103.09
23-11-2015,102.26
24-11-2015,102.94
25-11-2015,102.46
27-11-2015,101.25
30-11-2015,101.92
01-12-2015,102.28
02-12-2015,100.69
03-12-2015,101.76
04-12-2015,104.02
07-12-2015,102.67
08-12-2015,102.84
09-12-2015,102.64
10-12-2015,102.55
11-12-2015,103.11
14-12-2015,101.79
15-12-2015,101.52
16-12-2015,102.75
17-12-2015,100.5
18-12-2015,102.04
21-12-2015,103.15
22-12-2015,102.61
23-12-2015,102.31
24-12-2015,103.05
28-12-2015,102.27
29-12-2015,102.2
30-12-2015,101.42
31-12-2015,101.46
04-01-2016,102.89
05-01-2016,103.18
06-01-2016,104.67
07-01-2016,106.15
08-01-2016,105.68
11-01-2016,104.74
12-01-2016,104.21
13-01-2016,104.72
14-01-2016,103.02
15-01-2016,104.08
19-01-2016,103.98
20-01-2016,105.37
21-01-2016,105.49
22-01-2016,105
25-01-2016,106.08
26-01-2016,107.29
27-01-2016,107.69
28-01-2016,106.54
29-01-2016,106.9492
01-02-2016,108.05
02-02-2016,108.09
03-02-2016,109.25
04-02-2016,110.57
05-02-2016,112.32
08-02-2016,113.83
09-02-2016,113.58
10-02-2016,114.46
11-02-2016,119.0592
12-02-2016,118.36
16-02-2016,114.77
17-02-2016,115.48
18-02-2016,118.29
19-02-2016,117.58
22-02-2016,115.49
23-02-2016,117.22
24-02-2016,117.61
25-02-2016,117.92
26-02-2016,117.11
29-02-2016,118.64
01-03-2016,117.77
02-03-2016,118.68
03-03-2016,120.73
04-03-2016,120.54
07-03-2016,121.14
08-03-2016,120.58
09-03-2016,119.58
10-03-2016,121.5
11-03-2016,119.41
14-03-2016,117.87
15-03-2016,117.96
16-03-2016,120.59
17-03-2016,120.13
18-03-2016,119.8
21-03-2016,118.96
22-03-2016,119.31
23-03-2016,116.61
24-03-2016,116.33
28-03-2016,116.6
29-03-2016,118.76
30-03-2016,117.1
31-03-2016,117.64
01-04-2016,116.93
04-04-2016,116.15
05-04-2016,117.66
06-04-2016,116.94
07-04-2016,118.61
08-04-2016,118.43
11-04-2016,120.03
12-04-2016,120.05
13-04-2016,118.77
14-04-2016,117.11
15-04-2016,117.92
18-04-2016,117.74
19-04-2016,119.58
20-04-2016,118.97
21-04-2016,119.42
22-04-2016,117.89
25-04-2016,118.23
26-04-2016,118.7
27-04-2016,119.04
28-04-2016,121.29
29-04-2016,123.65
02-05-2016,123.24
03-05-2016,122.96
04-05-2016,122.21
05-05-2016,122.07
06-05-2016,123.18
09-05-2016,120.65
10-05-2016,120.98
11-05-2016,122.12
12-05-2016,121.16
13-05-2016,121.71
16-05-2016,121.8
17-05-2016,122.22
18-05-2016,120.1
19-05-2016,119.87
20-05-2016,119.71
23-05-2016,119.37
24-05-2016,117.3
25-05-2016,116.98
26-05-2016,116.58
27-05-2016,115.62
31-05-2016,116.06
01-06-2016,115.94
02-06-2016,115.67
03-06-2016,118.88
06-06-2016,118.92
07-06-2016,118.82
08-06-2016,120.58
09-06-2016,121.25
10-06-2016,121.74
13-06-2016,122.64
14-06-2016,122.77
15-06-2016,123.68
16-06-2016,122.38
17-06-2016,123.95
20-06-2016,123.21
21-06-2016,120.84
22-06-2016,120.9
23-06-2016,120.11
24-06-2016,126.01
27-06-2016,126.68
28-06-2016,125.32
29-06-2016,125.84
30-06-2016,126.47
01-07-2016,128.41
05-07-2016,129.47
06-07-2016,130.23
07-07-2016,129.74
08-07-2016,130.52
11-07-2016,129.29
12-07-2016,127.15
13-07-2016,128.32
14-07-2016,127.33
15-07-2016,126.84
18-07-2016,127.04
19-07-2016,127.21
20-07-2016,125.39
21-07-2016,127.3
22-07-2016,126.35
25-07-2016,125.47
26-07-2016,126
27-07-2016,128.03
28-07-2016,127.66
29-07-2016,128.98
01-08-2016,129.22
02-08-2016,130.27
03-08-2016,129.65
04-08-2016,129.87
05-08-2016,127.55
08-08-2016,127.44
09-08-2016,127.96
10-08-2016,128.56
11-08-2016,127.67
12-08-2016,127.4
15-08-2016,127.84
16-08-2016,128.47
17-08-2016,128.5
18-08-2016,129.11
19-08-2016,127.97
22-08-2016,127.78
23-08-2016,127.76
24-08-2016,126.34
25-08-2016,126.23
26-08-2016,126.05
29-08-2016,126.3
30-08-2016,125.03
31-08-2016,124.78
01-09-2016,125.29
02-09-2016,126.57
06-09-2016,128.71
07-09-2016,128.27
08-09-2016,127.59
09-09-2016,126.75
12-09-2016,126.59
13-09-2016,125.75
14-09-2016,126.18
15-09-2016,125.37
16-09-2016,125.06
19-09-2016,125.32
20-09-2016,125.44
21-09-2016,127.27
22-09-2016,127.57
23-09-2016,127.65
26-09-2016,127.55
27-09-2016,126.62
28-09-2016,126.22
29-09-2016,126.07
30-09-2016,125.64
03-10-2016,125.32
04-10-2016,120.97
05-10-2016,120.78
06-10-2016,119.66
07-10-2016,119.74
10-10-2016,120.16
11-10-2016,119.55
12-10-2016,119.74
13-10-2016,120.03
14-10-2016,119.36
17-10-2016,119.68
18-10-2016,120.42
19-10-2016,121.11
20-10-2016,120.74
21-10-2016,120.83
24-10-2016,120.56
25-10-2016,121.47
26-10-2016,120.79
27-10-2016,121.01
28-10-2016,121.58
31-10-2016,121.94
01-11-2016,122.73
02-11-2016,123.64
03-11-2016,124.3
04-11-2016,124.39
07-11-2016,122.15
08-11-2016,121.64
09-11-2016,121.56
10-11-2016,119.75
11-11-2016,117.1
14-11-2016,116.11
15-11-2016,117.12
16-11-2016,116.77
17-11-2016,116.17
18-11-2016,115.15
21-11-2016,115.58
22-11-2016,115.54
23-11-2016,113.25
25-11-2016,112.61
28-11-2016,113.8
29-11-2016,113.27
30-11-2016,111.75
01-12-2016,111.54
02-12-2016,112.14
05-12-2016,111.54
06-12-2016,111.43
07-12-2016,111.83
08-12-2016,111.57
09-12-2016,110.4
12-12-2016,110.82
13-12-2016,110.45
14-12-2016,108.83
15-12-2016,107.34
16-12-2016,108.05
19-12-2016,108.59
20-12-2016,107.79
21-12-2016,107.85
22-12-2016,107.59
23-12-2016,107.93
27-12-2016,108.56
28-12-2016,108.86
29-12-2016,110.29
30-12-2016,109.61
03-01-2017,110.47
04-01-2017,110.86
05-01-2017,112.58
06-01-2017,111.75
09-01-2017,112.67
10-01-2017,113.15
11-01-2017,113.5
12-01-2017,113.91
13-01-2017,114.21
17-01-2017,115.85
18-01-2017,114.87
19-01-2017,114.77
20-01-2017,115.05
23-01-2017,115.79
24-01-2017,115.27
25-01-2017,114.32
26-01-2017,113.26
27-01-2017,113.49
30-01-2017,113.97
31-01-2017,115.55
01-02-2017,115.2
02-02-2017,115.84
03-02-2017,116.13
06-02-2017,117.7
07-02-2017,117.46
08-02-2017,118.19
09-02-2017,117.29
10-02-2017,117.6
13-02-2017,116.8
14-02-2017,116.93
15-02-2017,117.45
16-02-2017,118.08
17-02-2017,117.68
21-02-2017,117.75
22-02-2017,117.91
23-02-2017,118.94
24-02-2017,119.7
27-02-2017,119.12
28-02-2017,119.23
01-03-2017,119.06
02-03-2017,117.58
03-03-2017,117.51
06-03-2017,116.72
07-03-2017,115.78
08-03-2017,115.06
09-03-2017,114.47
10-03-2017,114.72
13-03-2017,114.74
14-03-2017,114.12
15-03-2017,116.25
16-03-2017,116.73
17-03-2017,116.99
20-03-2017,117.5645
21-03-2017,118.54
22-03-2017,118.83
23-03-2017,118.67
24-03-2017,118.86
27-03-2017,119.53
28-03-2017,119.04
29-03-2017,119.33
30-03-2017,118.47
31-03-2017,118.72
03-04-2017,119.35
04-04-2017,119.62
05-04-2017,119.62
06-04-2017,119.18
07-04-2017,119.46
10-04-2017,119.46
11-04-2017,121.19
12-04-2017,122.02
13-04-2017,122.6
17-04-2017,122.24
18-04-2017,122.82
19-04-2017,121.73
20-04-2017,121.96
21-04-2017,122.31
24-04-2017,121.48
25-04-2017,120.25
26-04-2017,120.84
27-04-2017,120.39
28-04-2017,120.77
01-05-2017,119.67
02-05-2017,119.65
03-05-2017,117.98
04-05-2017,116.79
05-05-2017,117.01
08-05-2017,116.75
09-05-2017,116.05
10-05-2017,116.04
11-05-2017,116.5
12-05-2017,116.83
15-05-2017,117.14
16-05-2017,117.65
17-05-2017,119.79
18-05-2017,118.81
19-05-2017,119.4
22-05-2017,119.9
23-05-2017,119.14
24-05-2017,119.61
25-05-2017,119.48
26-05-2017,120.54
30-05-2017,120.14
31-05-2017,120.62
01-06-2017,120.72
02-06-2017,121.61
05-06-2017,121.73
06-06-2017,123.1
07-06-2017,122.45
08-06-2017,121.65
09-06-2017,120.54
12-06-2017,120.36
13-06-2017,120.48
14-06-2017,119.82
15-06-2017,119.32
16-06-2017,119.34
19-06-2017,118.43
20-06-2017,118.18
21-06-2017,118.52
22-06-2017,118.92
23-06-2017,119.43
26-06-2017,118.36
27-06-2017,118.81
28-06-2017,118.9
29-06-2017,118.32
30-06-2017,118.02
03-07-2017,116.09
05-07-2017,116.52
06-07-2017,116.47
07-07-2017,115.28
10-07-2017,115.47
11-07-2017,115.62
12-07-2017,116.03
13-07-2017,115.82
14-07-2017,116.77
17-07-2017,117.29
18-07-2017,118.11
19-07-2017,118.08
20-07-2017,118.24
21-07-2017,119.26
24-07-2017,119.31
25-07-2017,118.92
26-07-2017,119.88
27-07-2017,119.79
28-07-2017,120.69
31-07-2017,120.75
01-08-2017,120.65
02-08-2017,120.4
03-08-2017,120.59
04-08-2017,119.65
07-08-2017,119.51
08-08-2017,119.86
09-08-2017,121.31
10-08-2017,122.21
11-08-2017,122.79
14-08-2017,121.92
15-08-2017,120.98
16-08-2017,121.87
17-08-2017,122.49
18-08-2017,122.3
21-08-2017,122.76
22-08-2017,122.21
23-08-2017,122.67
24-08-2017,122.29
25-08-2017,122.74
28-08-2017,124.69
29-08-2017,124.42
30-08-2017,124.36
31-08-2017,125.82
01-09-2017,126.06
05-09-2017,127.46
06-09-2017,126.81
07-09-2017,128.13
08-09-2017,127.97
11-09-2017,126.19
12-09-2017,126.56
13-09-2017,125.61
14-09-2017,126.16
15-09-2017,125.53
18-09-2017,124.36
19-09-2017,124.62
20-09-2017,123.62
21-09-2017,122.68
22-09-2017,123.24
25-09-2017,124.53
26-09-2017,123.14
27-09-2017,121.98
28-09-2017,122.21
29-09-2017,121.58
02-10-2017,120.77
03-10-2017,120.83
04-10-2017,121.17
05-10-2017,120.52
06-10-2017,121.09
09-10-2017,122.08
10-10-2017,122.4
11-10-2017,122.79
12-10-2017,122.89
13-10-2017,123.82
16-10-2017,122.97
17-10-2017,122.13
18-10-2017,121.67
19-10-2017,122.39
20-10-2017,121.61
23-10-2017,121.8
24-10-2017,121.33
25-10-2017,121.35
26-10-2017,120.33
27-10-2017,120.9
30-10-2017,121.13
31-10-2017,120.67
01-11-2017,121.11
02-11-2017,121.19
03-11-2017,120.62
06-11-2017,121.65
07-11-2017,121.21
08-11-2017,121.63
09-11-2017,122.13
10-11-2017,121.13
13-11-2017,121.31
14-11-2017,121.56
15-11-2017,121.41
16-11-2017,121.4
17-11-2017,122.86
20-11-2017,121.31
21-11-2017,121.51
22-11-2017,122.63
24-11-2017,122.32
27-11-2017,122.83
28-11-2017,122.81
29-11-2017,122.04
30-11-2017,121.1
01-12-2017,121.59
04-12-2017,121.18
05-12-2017,120.32
06-12-2017,120.07
07-12-2017,118.49
08-12-2017,118.48
11-12-2017,118.01
12-12-2017,118.15
13-12-2017,119.17
14-12-2017,118.93
15-12-2017,119.18
18-12-2017,119.73
19-12-2017,119.82
20-12-2017,120.14
21-12-2017,120.31
22-12-2017,120.94
26-12-2017,121.77
27-12-2017,122.23
28-12-2017,122.85
29-12-2017,123.65
02-01-2018,125.15
03-01-2018,124.82
04-01-2018,125.46
05-01-2018,125.33
08-01-2018,125.31
09-01-2018,124.73
10-01-2018,125.03
11-01-2018,125.44
12-01-2018,126.96
16-01-2018,127.17
17-01-2018,126.14
18-01-2018,125.86
19-01-2018,126.42
22-01-2018,126.65
23-01-2018,127.28
24-01-2018,128.83
25-01-2018,127.97
26-01-2018,128.07
29-01-2018,127.35
30-01-2018,126.8
31-01-2018,127.65
01-02-2018,128.07
02-02-2018,126.39
05-02-2018,126.71
06-02-2018,125.38
07-02-2018,124.79
08-02-2018,124.98
09-02-2018,124.77
12-02-2018,125.37
13-02-2018,126.08
14-02-2018,128.23
15-02-2018,128.38
16-02-2018,127.96
20-02-2018,126.24
21-02-2018,125.66
22-02-2018,126.3
23-02-2018,126.14
26-02-2018,126.45
27-02-2018,125.13
28-02-2018,125
01-03-2018,124.72
02-03-2018,125.39
05-03-2018,125.18
06-03-2018,126.53
07-03-2018,125.72
08-03-2018,125.42
09-03-2018,125.54
12-03-2018,125.54
13-03-2018,125.78
14-03-2018,125.7
15-03-2018,124.9
16-03-2018,124.6
19-03-2018,124.87
20-03-2018,124.31
21-03-2018,126.48
22-03-2018,125.98
23-03-2018,127.61
26-03-2018,128.28
27-03-2018,127.49
28-03-2018,125.73
29-03-2018,125.79
02-04-2018,127.26
03-04-2018,126.3
04-04-2018,126.45
05-04-2018,125.8
06-04-2018,126.39
09-04-2018,126.82
10-04-2018,127.12
11-04-2018,128.11
12-04-2018,126.62
13-04-2018,127.45
16-04-2018,127.63
17-04-2018,127.75
18-04-2018,127.85
19-04-2018,127.6
20-04-2018,126.63
23-04-2018,125.62
24-04-2018,126.23
25-04-2018,125.41
26-04-2018,124.97
27-04-2018,125.5
30-04-2018,124.59
01-05-2018,123.71
02-05-2018,123.65
03-05-2018,124.28
04-05-2018,124.54
07-05-2018,124.57
08-05-2018,124.59
09-05-2018,124.33
10-05-2018,125.18
11-05-2018,125
14-05-2018,124.49
15-05-2018,122.48
16-05-2018,122.29
17-05-2018,122.36
18-05-2018,122.41
21-05-2018,122.48
22-05-2018,122.41
23-05-2018,122.54
24-05-2018,123.59
25-05-2018,123.21
29-05-2018,123.19
30-05-2018,123.37
31-05-2018,123.1
01-06-2018,122.49
04-06-2018,122.37
05-06-2018,122.85
06-06-2018,122.92
07-06-2018,122.86
08-06-2018,123.01
11-06-2018,123.23
12-06-2018,122.82
13-06-2018,123.19
14-06-2018,123.38
15-06-2018,121.34
18-06-2018,121.11
19-06-2018,120.8
20-06-2018,120.26
21-06-2018,120.05
22-06-2018,120.34
25-06-2018,119.89
26-06-2018,119.26
27-06-2018,118.58
28-06-2018,118.22
29-06-2018,118.65
02-07-2018,117.46
03-07-2018,118.65
05-07-2018,119.05
06-07-2018,118.86
09-07-2018,119.15
10-07-2018,118.93
11-07-2018,117.64
12-07-2018,118.13
13-07-2018,117.61
16-07-2018,117.55
17-07-2018,116.28
18-07-2018,116.31
19-07-2018,115.81
20-07-2018,116.56
23-07-2018,116
24-07-2018,116.04
25-07-2018,116.68
26-07-2018,115.77
27-07-2018,115.83
30-07-2018,115.65
31-07-2018,115.99
01-08-2018,115.14
02-08-2018,114.52
03-08-2018,114.92
06-08-2018,114.33
07-08-2018,114.59
08-08-2018,114.91
09-08-2018,114.74
10-08-2018,114.69
13-08-2018,112.96
14-08-2018,113.07
15-08-2018,111.19
16-08-2018,111.1
17-08-2018,112.13
20-08-2018,112.69
21-08-2018,113.02
22-08-2018,113.27
23-08-2018,112.2
24-08-2018,114.16
27-08-2018,114.59
28-08-2018,113.68
29-08-2018,114.2
30-08-2018,113.64
31-08-2018,113.51
04-09-2018,112.93
05-09-2018,113.32
06-09-2018,113.54
07-09-2018,113.23
10-09-2018,113.15
11-09-2018,113.22
12-09-2018,114.17
13-09-2018,113.76
14-09-2018,113.02
17-09-2018,113.61
18-09-2018,113.44
19-09-2018,113.88
20-09-2018,114.27
21-09-2018,113.49
24-09-2018,113.47
25-09-2018,113.65
26-09-2018,113.05
27-09-2018,112.05
28-09-2018,112.76
01-10-2018,112.57
02-10-2018,113.87
03-10-2018,113.42
04-10-2018,113.48
05-10-2018,113.8
08-10-2018,112.54
09-10-2018,112.6
10-10-2018,112.88
11-10-2018,115.78
12-10-2018,115.23
15-10-2018,116
16-10-2018,115.8
17-10-2018,115.79
18-10-2018,115.92
19-10-2018,116.01
22-10-2018,115.71
23-10-2018,116.39
24-10-2018,116.66
25-10-2018,116.4
26-10-2018,116.77
29-10-2018,116.31
30-10-2018,115.8
31-10-2018,115.15
01-11-2018,116.63
02-11-2018,116.65
05-11-2018,116.37
06-11-2018,116.04
07-11-2018,116.03
08-11-2018,115.78
09-11-2018,114.48
12-11-2018,113.66
13-11-2018,113.7
14-11-2018,114.64
15-11-2018,114.77
16-11-2018,115.62
19-11-2018,115.67
20-11-2018,115.67
21-11-2018,115.86
23-11-2018,115.77
26-11-2018,115.64
27-11-2018,114.95
28-11-2018,115.38
29-11-2018,115.74
30-11-2018,115.54
03-12-2018,116.41
04-12-2018,117.12
06-12-2018,117.14
07-12-2018,118.09
10-12-2018,117.68
11-12-2018,117.54
12-12-2018,117.79
13-12-2018,117.53
14-12-2018,117.06
17-12-2018,117.87
18-12-2018,118.15
19-12-2018,117.43
20-12-2018,119.24
21-12-2018,118.72
24-12-2018,120.02
26-12-2018,119.66
27-12-2018,120.57
28-12-2018,121.06
31-12-2018,121.25
02-01-2019,121.33
03-01-2019,122.43
04-01-2019,121.44
07-01-2019,121.86
08-01-2019,121.53
09-01-2019,122.31
10-01-2019,121.59
11-01-2019,121.8
14-01-2019,122.09
15-01-2019,121.88
16-01-2019,122.27
17-01-2019,122.11
18-01-2019,121.02
22-01-2019,121.45
23-01-2019,121.28
24-01-2019,121.09
25-01-2019,122.86
28-01-2019,123.29
29-01-2019,123.98
30-01-2019,124.69
31-01-2019,124.75
01-02-2019,124.5
04-02-2019,123.96
05-02-2019,124.28
06-02-2019,123.44
07-02-2019,123.74
08-02-2019,124.21
11-02-2019,123.6
12-02-2019,123.86
13-02-2019,123.37
14-02-2019,124.06
15-02-2019,124.8
19-02-2019,126.7
20-02-2019,126.48
21-02-2019,125.05
22-02-2019,125.5
25-02-2019,125.37
26-02-2019,125.58
27-02-2019,124.69
28-02-2019,123.99
01-03-2019,121.88
04-03-2019,121.56
05-03-2019,121.72
06-03-2019,121.61
07-03-2019,121.51
08-03-2019,122.84
11-03-2019,122.24
12-03-2019,122.98
13-03-2019,123.84
14-03-2019,122.41
15-03-2019,122.97
18-03-2019,123.04
19-03-2019,123.38
20-03-2019,124.18
21-03-2019,123.68
22-03-2019,123.97
25-03-2019,124.92
26-03-2019,124.3
27-03-2019,123.65
28-03-2019,121.9
29-03-2019,122.01
01-04-2019,121.53
02-04-2019,121.98
03-04-2019,121.8
04-04-2019,122.11
05-04-2019,121.98
08-04-2019,122.51
09-04-2019,123.15
10-04-2019,123.53
11-04-2019,121.95
12-04-2019,121.83
15-04-2019,121.6
16-04-2019,120.51
17-04-2019,120.28
18-04-2019,120.37
22-04-2019,120.37
23-04-2019,120.12
24-04-2019,120.47
25-04-2019,120.57
26-04-2019,121.37
29-04-2019,120.83
30-04-2019,121.2
01-05-2019,120.4
02-05-2019,119.94
03-05-2019,120.65
06-05-2019,120.81
07-05-2019,121.21
08-05-2019,120.91
09-05-2019,121.2
10-05-2019,121.43
13-05-2019,122.67
14-05-2019,122.46
15-05-2019,122.39
16-05-2019,121.51
17-05-2019,120.65
20-05-2019,120.64
21-05-2019,120.36
22-05-2019,120.24
23-05-2019,121.17
24-05-2019,121.3
28-05-2019,120.83
29-05-2019,120.87
30-05-2019,121.69
31-05-2019,123.33
03-06-2019,125.11
04-06-2019,125.15
05-06-2019,125.47
06-06-2019,125.88
07-06-2019,126.59
10-06-2019,125.33
11-06-2019,125.18
12-06-2019,125.83
13-06-2019,126.6
14-06-2019,126.56
17-06-2019,126.48
18-06-2019,127.12
19-06-2019,127.89
20-06-2019,131.11
21-06-2019,131.98
24-06-2019,133.94
25-06-2019,134.2
26-06-2019,132.97
27-06-2019,132.84
28-06-2019,133.2
01-07-2019,130.62
02-07-2019,133.41
03-07-2019,133.63
05-07-2019,132.14
08-07-2019,131.29
09-07-2019,131.75
10-07-2019,133.83
11-07-2019,132.7
12-07-2019,133.53
15-07-2019,133.53
16-07-2019,132.4
17-07-2019,134.58
18-07-2019,136.48
19-07-2019,134.47
22-07-2019,134.45
23-07-2019,133.69
24-07-2019,134.37
25-07-2019,133.42
26-07-2019,133.64
29-07-2019,134.53
30-07-2019,134.98
31-07-2019,133.21
01-08-2019,136.41
02-08-2019,135.89
05-08-2019,137.79
06-08-2019,138.91
07-08-2019,141.02
08-08-2019,141.73
09-08-2019,141.26
12-08-2019,142.63
13-08-2019,141.78
14-08-2019,142.75
15-08-2019,143.7
16-08-2019,142.78
19-08-2019,141.11
20-08-2019,142.21
21-08-2019,141.76
22-08-2019,141.4
23-08-2019,144.17
26-08-2019,144.19
27-08-2019,145.57
28-08-2019,145.16
29-08-2019,144.12
30-08-2019,143.75
03-09-2019,145.75
04-09-2019,146.66
05-09-2019,143.14
06-09-2019,141.92
09-09-2019,141.39
10-09-2019,140.18
11-09-2019,141.03
12-09-2019,141.32
13-09-2019,140.15
16-09-2019,141.32
17-09-2019,141.6
18-09-2019,140.71
19-09-2019,141.28
20-09-2019,142.95
23-09-2019,143.75
24-09-2019,144.51
25-09-2019,141.83
26-09-2019,141.79
27-09-2019,141.06
30-09-2019,138.87
01-10-2019,139.63
02-10-2019,141.26
03-10-2019,141.9
04-10-2019,141.9
07-10-2019,140.69
08-10-2019,141.92
09-10-2019,142.05
10-10-2019,140.81
11-10-2019,140.03
14-10-2019,140.59
15-10-2019,139.61
16-10-2019,140.41
17-10-2019,140.61
18-10-2019,140.46
21-10-2019,139.79
22-10-2019,140.2
23-10-2019,140.53
24-10-2019,141.53
25-10-2019,141.86
28-10-2019,140.64
29-10-2019,140.25
30-10-2019,141.02
31-10-2019,142.43
01-11-2019,142.56
04-11-2019,142.15
05-11-2019,139.85
06-11-2019,140.45
07-11-2019,138.27
08-11-2019,137.39
11-11-2019,137.06
12-11-2019,137.43
13-11-2019,137.98
14-11-2019,138.56
15-11-2019,138.21
18-11-2019,138.62
19-11-2019,138.69
20-11-2019,138.76
21-11-2019,138
22-11-2019,137.74
25-11-2019,137.08
26-11-2019,137.74
27-11-2019,137.01
29-11-2019,137.86
02-12-2019,137.79
03-12-2019,139.11
04-12-2019,138.92
05-12-2019,139
06-12-2019,137.62
09-12-2019,137.58
10-12-2019,137.97
11-12-2019,138.92
12-12-2019,138.43
13-12-2019,139.05
16-12-2019,139.04
17-12-2019,139.01
18-12-2019,139.02
19-12-2019,139.38
20-12-2019,139.52
23-12-2019,139.95
24-12-2019,141.27
26-12-2019,142.38
27-12-2019,142.33
30-12-2019,142.63
31-12-2019,142.9
02-01-2020,143.95
03-01-2020,145.86
06-01-2020,147.39
07-01-2020,147.97
08-01-2020,146.86
09-01-2020,146.03
10-01-2020,146.91
13-01-2020,145.82
14-01-2020,145.69
15-01-2020,146.54
16-01-2020,146.31
17-01-2020,146.58
21-01-2020,146.74
22-01-2020,146.79
23-01-2020,147.12
24-01-2020,147.98
27-01-2020,148.99
28-01-2020,147.66
29-01-2020,148.46
30-01-2020,148.47
31-01-2020,149.33
03-02-2020,148.36
04-02-2020,146.43
05-02-2020,146.61
06-02-2020,147.4
07-02-2020,147.79
10-02-2020,148.17
11-02-2020,147.66
12-02-2020,147.54
13-02-2020,148.38
14-02-2020,149
18-02-2020,150.91
19-02-2020,151.79
20-02-2020,152.41
21-02-2020,154.7
24-02-2020,156.09
25-02-2020,153.3
26-02-2020,153.97
27-02-2020,154
28-02-2020,148.38
02-03-2020,149.2
03-03-2020,153.89
04-03-2020,154.16
05-03-2020,157.49
06-03-2020,157.55
09-03-2020,157.81
10-03-2020,154.48
11-03-2020,153.93
12-03-2020,147.79
13-03-2020,143.28
16-03-2020,141.64
17-03-2020,143.56
18-03-2020,140.7
19-03-2020,138.04
20-03-2020,140.11
23-03-2020,146.3
24-03-2020,153.4
25-03-2020,151.3
26-03-2020,153.24
27-03-2020,152.25
30-03-2020,152.92
31-03-2020,148.05
01-04-2020,149.45
02-04-2020,151.9
03-04-2020,152.65
06-04-2020,156.88
07-04-2020,156.04
08-04-2020,154.65
09-04-2020,158.69
13-04-2020,161.41
14-04-2020,162.68
15-04-2020,161.85
16-04-2020,161.71
17-04-2020,158.57
20-04-2020,159.7
21-04-2020,158.61
22-04-2020,161.73
23-04-2020,163.34
24-04-2020,162.64
27-04-2020,161.56
28-04-2020,160.84
29-04-2020,161.73
30-04-2020,158.8
01-05-2020,159.78
04-05-2020,160.34
05-05-2020,161.02
06-05-2020,158.95
07-05-2020,161.39
08-05-2020,160.42
11-05-2020,159.42
12-05-2020,160.04
13-05-2020,161.58
14-05-2020,163.01
15-05-2020,163.93
18-05-2020,162.69
19-05-2020,164.26
20-05-2020,164.65
21-05-2020,162.25
22-05-2020,163.21
26-05-2020,160.89
27-05-2020,161.18
28-05-2020,161.72
29-05-2020,162.91
01-06-2020,163.66
02-06-2020,162.6
03-06-2020,159.6
04-06-2020,161.28
05-06-2020,158.01
08-06-2020,159.72
09-06-2020,161.26
10-06-2020,163.57
11-06-2020,162.39
12-06-2020,162.62
15-06-2020,162.33
16-06-2020,162.25
17-06-2020,162.56
18-06-2020,162.24
19-06-2020,164.03
22-06-2020,165.09
23-06-2020,166.48
24-06-2020,165.9
25-06-2020,165.8
26-06-2020,166.54
29-06-2020,166.63
30-06-2020,167.37
01-07-2020,166.62
02-07-2020,166.98
06-07-2020,167.98
07-07-2020,169.04
08-07-2020,170.09
09-07-2020,169.63
10-07-2020,169.19
13-07-2020,169.4
14-07-2020,170.19
15-07-2020,170.34
16-07-2020,168.73
17-07-2020,170.12
20-07-2020,170.94
21-07-2020,173
22-07-2020,175.63
23-07-2020,177.18
24-07-2020,178.7
27-07-2020,182.23
28-07-2020,183.75
29-07-2020,185.13
30-07-2020,183.76
31-07-2020,185.43
03-08-2020,185.64
04-08-2020,189.59
05-08-2020,191.35
06-08-2020,193.89
07-08-2020,190.81
10-08-2020,190.15
11-08-2020,179.94
12-08-2020,179.1
13-08-2020,183.33
14-08-2020,182.54
17-08-2020,186.5
18-08-2020,188.18
19-08-2020,182.24
20-08-2020,183.5
21-08-2020,182.03
24-08-2020,181
25-08-2020,181.22
26-08-2020,183.36
27-08-2020,181.24
28-08-2020,184.39
31-08-2020,184.83
01-09-2020,185.05
02-09-2020,182.62
03-09-2020,181.14
04-09-2020,181.64
08-09-2020,181.29
09-09-2020,183.05
10-09-2020,182.46
11-09-2020,182.45
14-09-2020,183.89
15-09-2020,183.45
16-09-2020,183.97
17-09-2020,182.96
18-09-2020,183.2
21-09-2020,179.52
22-09-2020,178.65
23-09-2020,174.79
24-09-2020,175.44
25-09-2020,174.94
28-09-2020,176.7
29-09-2020,178.19
30-09-2020,177.12
01-10-2020,178.7
02-10-2020,178.54
05-10-2020,179.41
06-10-2020,177.3
07-10-2020,177.22
08-10-2020,177.85
09-10-2020,181.08
12-10-2020,180.56
13-10-2020,177.72
14-10-2020,178.27
15-10-2020,178.92
16-10-2020,178.3
19-10-2020,178.39
20-10-2020,179.25
21-10-2020,180.6
22-10-2020,178.83
23-10-2020,178.64
26-10-2020,178.55
27-10-2020,179.02
28-10-2020,176.13
29-10-2020,175.4
30-10-2020,176.2
02-11-2020,177.91
03-11-2020,178.92
04-11-2020,178.82
05-11-2020,182.93
06-11-2020,183.19
09-11-2020,175.08
10-11-2020,175.66
11-11-2020,174.9
12-11-2020,175.96
13-11-2020,177.16
16-11-2020,177.15
17-11-2020,176.5
18-11-2020,175.49
19-11-2020,175.16
20-11-2020,175.69
23-11-2020,172.23
24-11-2020,169.59
25-11-2020,169.51
27-11-2020,167.79
30-11-2020,166.67
01-12-2020,170.18
02-12-2020,171.46
03-12-2020,172.81
04-12-2020,172.32
07-12-2020,174.89
08-12-2020,175.5
09-12-2020,172.5
10-12-2020,172.17
11-12-2020,172.49
14-12-2020,171.54
15-12-2020,173.94
16-12-2020,174.9
17-12-2020,176.74
18-12-2020,176.44
21-12-2020,175.88
22-12-2020,174.49
23-12-2020,175.65
24-12-2020,176.35
28-12-2020,175.71
29-12-2020,176.35
30-12-2020,177.7
31-12-2020,178.36
04-01-2021,182.33
05-01-2021,182.87
06-01-2021,179.9
07-01-2021,179.48
08-01-2021,173.34
11-01-2021,173
12-01-2021,174.12
13-01-2021,173.37
14-01-2021,173.28
15-01-2021,171.13
19-01-2021,172.58
20-01-2021,175.39
21-01-2021,175.28
22-01-2021,173.9
25-01-2021,174.05
26-01-2021,173.62
27-01-2021,172.52
28-01-2021,172.68
29-01-2021,172.61
01-02-2021,174.23
02-02-2021,172.11
03-02-2021,171.85
04-02-2021,168.15
05-02-2021,169.81
08-02-2021,171.52
09-02-2021,172.08
10-02-2021,172.71
11-02-2021,171.21
12-02-2021,170.69
16-02-2021,168.24
17-02-2021,166.33
18-02-2021,166.32
19-02-2021,167.01
22-02-2021,169.51
23-02-2021,169.12
24-02-2021,169
25-02-2021,165.82
26-02-2021,161.81
01-03-2021,161.53
02-03-2021,162.41
03-03-2021,160.62
04-03-2021,159.04
05-03-2021,159.14
08-03-2021,157.49
09-03-2021,160.84
10-03-2021,161.66
11-03-2021,161.52
12-03-2021,161.49
15-03-2021,162.2
16-03-2021,162.35
17-03-2021,163.51
18-03-2021,162.56
19-03-2021,163.24
22-03-2021,163
23-03-2021,161.81
24-03-2021,162.37
25-03-2021,161.78
26-03-2021,162.24
29-03-2021,160.31
30-03-2021,157.57
31-03-2021,159.96
01-04-2021,161.98
05-04-2021,161.92
06-04-2021,163.22
07-04-2021,162.76
08-04-2021,164.51
09-04-2021,163.27
12-04-2021,162.28
13-04-2021,163.43
14-04-2021,162.72
15-04-2021,165.35
16-04-2021,166.35
19-04-2021,165.89
20-04-2021,166.48
21-04-2021,168.13
22-04-2021,167.04
23-04-2021,166.4
26-04-2021,166.84
27-04-2021,166.42
28-04-2021,166.91
29-04-2021,166.22
30-04-2021,165.66
03-05-2021,167.81
04-05-2021,166.58
05-05-2021,167.27
06-05-2021,170.06
07-05-2021,171.59
10-05-2021,172.11
11-05-2021,172.14
12-05-2021,170.43
13-05-2021,171.13
14-05-2021,172.69
17-05-2021,174.7
18-05-2021,175.04
19-05-2021,175.16
20-05-2021,175.96
21-05-2021,176.04
24-05-2021,176.35
25-05-2021,177.95
26-05-2021,177.64
27-05-2021,177.71
28-05-2021,178.38
01-06-2021,177.9
02-06-2021,178.77
03-06-2021,175.27
04-06-2021,177.16
07-06-2021,177.87
08-06-2021,177.32
09-06-2021,176.98
10-06-2021,177.74
11-06-2021,175.74
14-06-2021,174.71
15-06-2021,174.05
16-06-2021,171.11
17-06-2021,165.85
18-06-2021,164.93
21-06-2021,166.95
22-06-2021,166.25
23-06-2021,166.14
24-06-2021,166.04
25-06-2021,166.59
28-06-2021,166.58
29-06-2021,164.83
30-06-2021,165.63
01-07-2021,166.2
02-07-2021,167.29
06-07-2021,168.12
07-07-2021,168.76
08-07-2021,168.65
09-07-2021,169.21
12-07-2021,169
13-07-2021,169.22
14-07-2021,171.04
15-07-2021,171.07
16-07-2021,169.41
19-07-2021,169.61
20-07-2021,169.39
21-07-2021,168.76
22-07-2021,169.09
23-07-2021,168.56
26-07-2021,168.16
27-07-2021,168.44
28-07-2021,169.29
29-07-2021,171.17
30-07-2021,169.82
02-08-2021,169.61
03-08-2021,169.49
04-08-2021,169.53
05-08-2021,168.86
06-08-2021,164.64
09-08-2021,161.72
10-08-2021,161.77
11-08-2021,164
12-08-2021,164.04
13-08-2021,166.39
16-08-2021,167.22
17-08-2021,166.97
18-08-2021,167.1
19-08-2021,166.61
20-08-2021,166.7
23-08-2021,168.73
24-08-2021,168.65
25-08-2021,167.48
26-08-2021,167.67
27-08-2021,170.19
30-08-2021,169.35
31-08-2021,169.69
01-09-2021,169.7
02-09-2021,169.25
03-09-2021,171.06
07-09-2021,167.71
08-09-2021,167.29
09-09-2021,168.03
10-09-2021,167.18
13-09-2021,167.74
14-09-2021,168.82
15-09-2021,167.83
16-09-2021,164.03
17-09-2021,163.77
20-09-2021,164.94
21-09-2021,166.04
22-09-2021,165.42
23-09-2021,163.51
24-09-2021,163.3
27-09-2021,163.64
28-09-2021,162.05
29-09-2021,161.32
30-09-2021,164.22
01-10-2021,164.59
04-10-2021,165.36
05-10-2021,164.59
06-10-2021,165.03
07-10-2021,164.16
08-10-2021,164.23
11-10-2021,163.92
12-10-2021,164.66
13-10-2021,167.59
14-10-2021,168
15-10-2021,165.33
18-10-2021,164.92
19-10-2021,165.45
20-10-2021,166.9
21-10-2021,166.75
22-10-2021,167.77
25-10-2021,168.93
26-10-2021,167.68
27-10-2021,168.12
28-10-2021,168.08
29-10-2021,166.65
01-11-2021,167.52
02-11-2021,167.16
03-11-2021,165.77
04-11-2021,167.65
05-11-2021,169.84
08-11-2021,170.45
09-11-2021,171.29
10-11-2021,173.15
11-11-2021,174.12
12-11-2021,174.45
15-11-2021,174.18
16-11-2021,172.92
17-11-2021,174.5
18-11-2021,173.94
19-11-2021,172.61
22-11-2021,168.74
23-11-2021,167.28
24-11-2021,167.12
26-11-2021,166.85
29-11-2021,166.62
30-11-2021,165.5
01-12-2021,166.16
02-12-2021,165.24
03-12-2021,166.63
06-12-2021,166.22
07-12-2021,166.81
08-12-2021,166.9
09-12-2021,165.88
10-12-2021,166.58
13-12-2021,167
14-12-2021,165.44
15-12-2021,166.15
16-12-2021,168.16
17-12-2021,167.8
20-12-2021,167.09
21-12-2021,167.02
22-12-2021,168.59
23-12-2021,168.97
27-12-2021,169.37
28-12-2021,168.64
29-12-2021,168.59
30-12-2021,169.8
31-12-2021,170.96
03-01-2022,168.33
04-01-2022,169.57
05-01-2022,169.06
06-01-2022,166.99
07-01-2022,167.75
10-01-2022,168.26
11-01-2022,170.29
12-01-2022,170.74
13-01-2022,170.16
14-01-2022,169.67
18-01-2022,169.39
19-01-2022,172.08
20-01-2022,171.65
21-01-2022,171.09
24-01-2022,172.03
25-01-2022,172.58
26-01-2022,169.79
27-01-2022,167.6
28-01-2022,167.1
31-01-2022,168.09
01-02-2022,168.23
02-02-2022,168.84
03-02-2022,168.6
04-02-2022,168.86
07-02-2022,170.11
08-02-2022,170.63
09-02-2022,171.21
10-02-2022,170.56
11-02-2022,173.81
14-02-2022,174.74
15-02-2022,173.08
16-02-2022,174.86
17-02-2022,177.25
18-02-2022,177.12
22-02-2022,177.49
23-02-2022,178.29
24-02-2022,177.14
25-02-2022,176.55
28-02-2022,178.38
01-03-2022,181.62
02-03-2022,179.73
03-03-2022,180.8
04-03-2022,183.68
07-03-2022,186.41
08-03-2022,191.51
09-03-2022,185.82
10-03-2022,186.4
11-03-2022,185.09
14-03-2022,182.3
15-03-2022,178.89
16-03-2022,180.01
17-03-2022,180.89
18-03-2022,179.3
21-03-2022,180.67
22-03-2022,179.36
23-03-2022,181.81
24-03-2022,183.13
25-03-2022,182.38
28-03-2022,179.06
29-03-2022,179.14
30-03-2022,180.58
31-03-2022,180.65
01-04-2022,179.5
04-04-2022,180.37
05-04-2022,179.24
06-04-2022,179.66
07-04-2022,180.34
08-04-2022,181.47
11-04-2022,182.37
12-04-2022,183.77
13-04-2022,184.65
14-04-2022,184.04
18-04-2022,184.61
19-04-2022,181.82
20-04-2022,182.71
21-04-2022,182.06
22-04-2022,180.29
25-04-2022,177.05
26-04-2022,177.32
27-04-2022,175.98
28-04-2022,176.93
29-04-2022,176.91
02-05-2022,173.63
03-05-2022,174.09
04-05-2022,175.8
05-05-2022,175.13
06-05-2022,175.42
09-05-2022,172.88
10-05-2022,171.42
11-05-2022,172.82
12-05-2022,170.17
13-05-2022,168.79
16-05-2022,170.4
17-05-2022,169.33
18-05-2022,169.42
19-05-2022,171.91
20-05-2022,172.03
23-05-2022,172.83
24-05-2022,174.13
25-05-2022,173.08
26-05-2022,172.76
27-05-2022,172.85
31-05-2022,171.14
01-06-2022,172.23
02-06-2022,174.35
03-06-2022,172.58
06-06-2022,171.82
07-06-2022,172.94
08-06-2022,172.78
09-06-2022,172.23
10-06-2022,174.54
13-06-2022,169.93
14-06-2022,168.57
15-06-2022,170.77
16-06-2022,172.69
17-06-2022,171.27
21-06-2022,170.63
22-06-2022,171.31
23-06-2022,170.26
24-06-2022,170.09
27-06-2022,169.9
28-06-2022,169.62
29-06-2022,169.49
30-06-2022,168.46
01-07-2022,168.32
05-07-2022,164.75
06-07-2022,162.14
07-07-2022,162.23
08-07-2022,162.3
11-07-2022,161.43
12-07-2022,160.83
13-07-2022,161.6
14-07-2022,159.33
15-07-2022,159.01
18-07-2022,159.16
19-07-2022,159.54
20-07-2022,158.04
21-07-2022,160.27
22-07-2022,160.67
25-07-2022,160.23
26-07-2022,160.04
27-07-2022,161.67
28-07-2022,163.64
29-07-2022,164.1
01-08-2022,165.03
02-08-2022,164.05
03-08-2022,164.45
04-08-2022,167.17
05-08-2022,165.29
08-08-2022,166.69
09-08-2022,167.2
10-08-2022,166.78
11-08-2022,166.34
12-08-2022,167.87
15-08-2022,165.71
16-08-2022,165.42
17-08-2022,164.35
18-08-2022,163.92
19-08-2022,162.72
22-08-2022,161.64
23-08-2022,162.77
24-08-2022,163.25
25-08-2022,163.75
26-08-2022,161.76
29-08-2022,161.86
30-08-2022,160.51
31-08-2022,159.27
01-09-2022,157.87
02-09-2022,159.26
06-09-2022,158.33
07-09-2022,159.94
08-09-2022,158.98
09-09-2022,159.82
12-09-2022,160.63
13-09-2022,158.54
14-09-2022,157.93
15-09-2022,154.98
16-09-2022,155.84
19-09-2022,155.96
20-09-2022,155.07
21-09-2022,155.79
22-09-2022,155.7
23-09-2022,153.01
26-09-2022,151.23
27-09-2022,151.54
28-09-2022,154.69
29-09-2022,154.66
30-09-2022,154.67
03-10-2022,158.43
04-10-2022,160.7
05-10-2022,159.81
06-10-2022,159.63
07-10-2022,157.88
10-10-2022,155.48
11-10-2022,155.16
12-10-2022,155.99
13-10-2022,154.91
14-10-2022,152.98
17-10-2022,153.42
18-10-2022,153.75
19-10-2022,151.69
20-10-2022,151.45
21-10-2022,154.15
24-10-2022,153.65
25-10-2022,154
26-10-2022,154.98
27-10-2022,154.74
28-10-2022,153.16
31-10-2022,151.91
01-11-2022,153.46
02-11-2022,152.39
03-11-2022,151.81
04-11-2022,156.47
07-11-2022,155.85
08-11-2022,159.45
09-11-2022,158.65
10-11-2022,163.48
11-11-2022,164.56
14-11-2022,164.92
15-11-2022,165.5
16-11-2022,165.12
17-11-2022,163.92
18-11-2022,162.79
21-11-2022,161.88
22-11-2022,162.07
23-11-2022,163.08
25-11-2022,163.22
28-11-2022,161.93
29-11-2022,162.73
30-11-2022,164.81
01-12-2022,167.84
02-12-2022,167.26
05-12-2022,164.39
06-12-2022,164.84
07-12-2022,166.33
08-12-2022,166.47
09-12-2022,167.06
12-12-2022,165.68
13-12-2022,168.51
14-12-2022,168.1
15-12-2022,165.35
16-12-2022,166.79
19-12-2022,166.32
20-12-2022,169.08
21-12-2022,168.8
22-12-2022,166.76
23-12-2022,167.26
27-12-2022,168.67
28-12-2022,167.91
29-12-2022,168.85
30-12-2022,169.64
03-01-2023,171.06
04-01-2023,172.67
05-01-2023,170.52
06-01-2023,173.71
09-01-2023,174.1
10-01-2023,174.74
11-01-2023,174.62
12-01-2023,176.64
13-01-2023,178.76
17-01-2023,177.59
18-01-2023,177.08
19-01-2023,179.89
20-01-2023,179.29
23-01-2023,179.63
24-01-2023,180.28
25-01-2023,181.11
26-01-2023,179.47
27-01-2023,179.22
30-01-2023,178.76
31-01-2023,179.41
01-02-2023,181.67
02-02-2023,177.9
03-02-2023,173.46
06-02-2023,173.82
07-02-2023,173.98
08-02-2023,174.41
09-02-2023,173.03
10-02-2023,173.36
13-02-2023,172.48
14-02-2023,172.61
15-02-2023,170.89
16-02-2023,170.75
17-02-2023,171.26
21-02-2023,170.62
22-02-2023,169.66
23-02-2023,169.57
24-02-2023,168.35
27-02-2023,169.01
28-02-2023,169.78
01-03-2023,170.76
02-03-2023,170.66
03-03-2023,172.49
06-03-2023,171.62
07-03-2023,168.62
08-03-2023,168.54
09-03-2023,170.2
10-03-2023,173.87
13-03-2023,177.86
14-03-2023,176.83
15-03-2023,178.21
16-03-2023,178.57
17-03-2023,183.77
20-03-2023,183.84
21-03-2023,180.37
22-03-2023,183.44
23-03-2023,185.74
24-03-2023,183.65
27-03-2023,181.95
28-03-2023,183.44
29-03-2023,182.53
30-03-2023,184.18
31-03-2023,183.22
03-04-2023,184.54
04-04-2023,187.98
05-04-2023,187.83
06-04-2023,186.49
10-04-2023,185.11
11-04-2023,186.28
12-04-2023,187.19
13-04-2023,189.72
14-04-2023,186.36
17-04-2023,185.53
18-04-2023,186.25
19-04-2023,185.36
20-04-2023,186.09
21-04-2023,184.25
24-04-2023,184.81
25-04-2023,185.75
26-04-2023,184.74
27-04-2023,184.75
28-04-2023,184.8
01-05-2023,183.97
02-05-2023,187.52
03-05-2023,189.11
04-05-2023,190.44
05-05-2023,187.46
08-05-2023,187.69
09-05-2023,189.02
10-05-2023,188.75
11-05-2023,187.13
12-05-2023,186.81
15-05-2023,187.21
16-05-2023,184.87
17-05-2023,184.23
18-05-2023,181.84
19-05-2023,183.64
22-05-2023,183.21
23-05-2023,183.43
24-05-2023,181.95
25-05-2023,180.2
26-05-2023,180.92
30-05-2023,182.04
31-05-2023,182.32
01-06-2023,183.76
02-06-2023,181.05
05-06-2023,182.14
06-06-2023,182.34
07-06-2023,180.15
08-06-2023,182.53
09-06-2023,182.04
12-06-2023,181.88
13-06-2023,180.54
14-06-2023,180.64
15-06-2023,181.91
16-06-2023,181.63
20-06-2023,179.75
21-06-2023,179.49
22-06-2023,177.71
23-06-2023,178.2
26-06-2023,178.51
27-06-2023,177.69
28-06-2023,177.28
29-06-2023,177.09
30-06-2023,178.27
03-07-2023,178.47
05-07-2023,177.84
06-07-2023,177.31
07-07-2023,178.64
10-07-2023,178.78
11-07-2023,179.45
12-07-2023,181.88
13-07-2023,182.01
14-07-2023,181.43
17-07-2023,181.56
18-07-2023,183.64
19-07-2023,183.67
20-07-2023,182.74
21-07-2023,182.18
24-07-2023,181.4
25-07-2023,182.41
26-07-2023,183.3
27-07-2023,180.42
28-07-2023,181.86
31-07-2023,182.35
01-08-2023,180.46
02-08-2023,179.6
03-08-2023,179.54
04-08-2023,180.19
07-08-2023,179.78
08-08-2023,178.64
09-08-2023,177.79
10-08-2023,177.6
11-08-2023,177.6
14-08-2023,177.06
15-08-2023,176.59
16-08-2023,175.57
17-08-2023,175.3
18-08-2023,175.33
21-08-2023,175.81
22-08-2023,176.1
23-08-2023,177.89
24-08-2023,177.85
25-08-2023,177.62
28-08-2023,178.13
29-08-2023,179.87
30-08-2023,180.32
31-08-2023,180.02
01-09-2023,180.11
05-09-2023,178.64
06-09-2023,177.83
07-09-2023,178.02
08-09-2023,178.08
11-09-2023,178.41
12-09-2023,177.49
13-09-2023,177.08
14-09-2023,177.17
15-09-2023,178.34
18-09-2023,179.39
19-09-2023,179.22
20-09-2023,179.35
21-09-2023,178.05
22-09-2023,178.62
25-09-2023,177.7
26-09-2023,176.28
27-09-2023,174.1
28-09-2023,173.23
29-09-2023,171.45
02-10-2023,169.65
03-10-2023,169.16
04-10-2023,169.14
05-10-2023,168.83
06-10-2023,169.7
09-10-2023,172.82
10-10-2023,172.53
11-10-2023,173.79
12-10-2023,173.26
13-10-2023,178.83
16-10-2023,177.96
17-10-2023,178.29
18-10-2023,180.87
19-10-2023,183.09
20-10-2023,183.59
23-10-2023,182.97
24-10-2023,182.95
25-10-2023,183.72
26-10-2023,184.01
27-10-2023,186.15
30-10-2023,185.1
31-10-2023,184.09
01-11-2023,183.51
02-11-2023,184.12
03-11-2023,184.79
06-11-2023,183.35
07-11-2023,182.59
08-11-2023,180.77
09-11-2023,181.49
10-11-2023,179.51
13-11-2023,180.51
14-11-2023,182.12
15-11-2023,181.64
16-11-2023,183.69
17-11-2023,183.67
20-11-2023,183.37
21-11-2023,185.35
22-11-2023,184.56
24-11-2023,185.52
27-11-2023,186.77
28-11-2023,189.26
29-11-2023,189.54
30-11-2023,188.75
01-12-2023,192.01
04-12-2023,187.86
05-12-2023,187.15
06-12-2023,187.84
07-12-2023,188.15
08-12-2023,185.64
11-12-2023,183.59
12-12-2023,183.49
13-12-2023,187.63
14-12-2023,188.73
15-12-2023,187
18-12-2023,187.85
19-12-2023,189.13
20-12-2023,188.1
21-12-2023,189.43
22-12-2023,190.27
26-12-2023,191.72
27-12-2023,192.59
28-12-2023,191.47
29-12-2023,191.17
02-01-2024,190.72
03-01-2024,189.13
04-01-2024,189.32
05-01-2024,189.35
08-01-2024,187.87
09-01-2024,187.93
10-01-2024,187.5
11-01-2024,187.87
12-01-2024,189.71
16-01-2024,187.91
17-01-2024,185.84
18-01-2024,187.37
19-01-2024,187.93
22-01-2024,187.22
23-01-2024,187.95
24-01-2024,186.4
25-01-2024,187.14
26-01-2024,187.01
29-01-2024,188.33
30-01-2024,188.59
31-01-2024,188.45
01-02-2024,190.41
02-02-2024,188.61
05-02-2024,187.57
06-02-2024,188.55
07-02-2024,188.5
08-02-2024,188.33
09-02-2024,187.6
12-02-2024,187.11
13-02-2024,184.53
14-02-2024,184.42
15-02-2024,185.66
16-02-2024,186.34
20-02-2024,187.47
21-02-2024,187.48
22-02-2024,187.56
23-02-2024,188.62
26-02-2024,188.2
27-02-2024,188
28-02-2024,188.34
29-02-2024,189.31
01-03-2024,192.89
04-03-2024,196.01
05-03-2024,197.19
06-03-2024,198.81
07-03-2024,199.94
08-03-2024,201.63
11-03-2024,202
12-03-2024,199.79
13-03-2024,201.19
14-03-2024,200.35
15-03-2024,199.71
18-03-2024,200.03
19-03-2024,199.8
20-03-2024,202.18
21-03-2024,201.97
22-03-2024,200.35
25-03-2024,200.99
26-03-2024,201.64
27-03-2024,203.1
28-03-2024,205.72
01-04-2024,207.82
02-04-2024,210.89
03-04-2024,212.74
04-04-2024,211.52
05-04-2024,215.14
08-04-2024,216.48
09-04-2024,217.67
10-04-2024,215.61
11-04-2024,219.8
12-04-2024,216.89
15-04-2024,220.95
16-04-2024,221.22
17-04-2024,219.59
18-04-2024,220.34
19-04-2024,221.03
22-04-2024,215.57
23-04-2024,215.04
24-04-2024,214.64
25-04-2024,215.92
26-04-2024,216.62
29-04-2024,216.18
30-04-2024,211.87
01-05-2024,213.79
02-05-2024,213.13
03-05-2024,212.96
06-05-2024,215.2
07-05-2024,214.21
08-05-2024,213.58
09-05-2024,216.95
10-05-2024,218.71
13-05-2024,216.26
14-05-2024,218.09
15-05-2024,220.89
16-05-2024,220.03
17-05-2024,223.66
20-05-2024,224.56
21-05-2024,224.23
22-05-2024,220.11
23-05-2024,215.72
24-05-2024,215.92
28-05-2024,218.19
29-05-2024,216.16
30-05-2024,216.57
31-05-2024,215.3
03-06-2024,217.22
04-06-2024,215.27
05-06-2024,217.82
06-06-2024,219.43
07-06-2024,211.6
10-06-2024,213.54
11-06-2024,214.15
12-06-2024,214.72
13-06-2024,212.97
14-06-2024,215.73
17-06-2024,214.61
18-06-2024,215.47
20-06-2024,218.16
21-06-2024,214.78
24-06-2024,215.63
25-06-2024,214.56
26-06-2024,212.58
27-06-2024,214.99
28-06-2024,215.01
01-07-2024,215.57
02-07-2024,215.56
03-07-2024,217.99
05-07-2024,220.93
08-07-2024,218.19
09-07-2024,218.56
10-07-2024,219.36
11-07-2024,223.25
12-07-2024,223.11
15-07-2024,223.83
16-07-2024,228.29
17-07-2024,227.23
18-07-2024,225.78
19-07-2024,221.73
22-07-2024,221.8
23-07-2024,222.58
24-07-2024,221.8
25-07-2024,218.33
26-07-2024,220.63
29-07-2024,220.32
30-07-2024,222.52
31-07-2024,226.55
01-08-2024,225.77
02-08-2024,225.34
05-08-2024,222.48
06-08-2024,220.7
07-08-2024,220.55
08-08-2024,224.01
09-08-2024,224.56
12-08-2024,228.41
13-08-2024,228.06
14-08-2024,226.2
15-08-2024,226.91
16-08-2024,231.99
19-08-2024,231.61
20-08-2024,232.46
21-08-2024,232.15
22-08-2024,229.37
23-08-2024,232.02
26-08-2024,232.76
27-08-2024,233.39
28-08-2024,231.75
29-08-2024,232.95
30-08-2024,231.29
03-09-2024,230.29
04-09-2024,230.43
05-09-2024,232.35
06-09-2024,230.63
09-09-2024,231.6
10-09-2024,232.62
11-09-2024,232.25
12-09-2024,236.33
13-09-2024,238.68
16-09-2024,238.66
17-09-2024,237.34
18-09-2024,235.51
19-09-2024,239.17
20-09-2024,242.21
23-09-2024,242.68
24-09-2024,246.07
25-09-2024,245.73
26-09-2024,246.98
27-09-2024,245.02
30-09-2024,243.06
01-10-2024,245.61
02-10-2024,245.66
03-10-2024,245.49
04-10-2024,245
07-10-2024,244.17
08-10-2024,242.37
09-10-2024,241.05
10-10-2024,242.82
11-10-2024,245.47
14-10-2024,245.07
15-10-2024,245.92
16-10-2024,247.15
17-10-2024,248.63
18-10-2024,251.27
21-10-2024,251.22
22-10-2024,253.93
23-10-2024,250.87
24-10-2024,252.8
25-10-2024,253.32
28-10-2024,253.33
29-10-2024,256.09
30-10-2024,257.5
31-10-2024,253.51
01-11-2024,252.47
04-11-2024,252.83
05-11-2024,253.4
06-11-2024,245.7
07-11-2024,249.65
08-11-2024,247.96
11-11-2024,242.14
12-11-2024,240.05
13-11-2024,237.63
14-11-2024,237.01
15-11-2024,236.59
18-11-2024,241.09
19-11-2024,243.25
20-11-2024,244.62
21-11-2024,246.66
22-11-2024,249.84
25-11-2024,242.48
26-11-2024,242.95
27-11-2024,243.49
29-11-2024,245.59
02-12-2024,243.44
03-12-2024,243.93
04-12-2024,244.67
05-12-2024,242.86
06-12-2024,242.95
09-12-2024,245.36
10-12-2024,248.59
11-12-2024,250.96
12-12-2024,247.28
13-12-2024,244.29
16-12-2024,244.88
17-12-2024,243.94
18-12-2024,239.26
19-12-2024,239.6
20-12-2024,242.1
23-12-2024,240.96
24-12-2024,241.44
26-12-2024,243.07
27-12-2024,241.4
30-12-2024,240.63
31-12-2024,242.13
,
,
,
,
,
,
,
,
