Date,MSCI EM ETF
11-04-2003,11.0778
14-04-2003,11.2222
15-04-2003,11.3556
16-04-2003,11.4867
17-04-2003,11.5689
21-04-2003,11.5644
22-04-2003,11.6033
23-04-2003,11.6578
24-04-2003,11.4278
25-04-2003,11.2389
28-04-2003,11.4244
29-04-2003,11.75
30-04-2003,11.7167
01-05-2003,11.6711
02-05-2003,11.85
05-05-2003,11.9778
06-05-2003,12.0389
07-05-2003,12.0167
08-05-2003,11.9111
09-05-2003,12.0511
12-05-2003,12.2189
13-05-2003,12.15
14-05-2003,12.0889
15-05-2003,12.1133
16-05-2003,12.1222
19-05-2003,11.8333
20-05-2003,11.8922
21-05-2003,11.9022
22-05-2003,12.01
23-05-2003,12.1333
27-05-2003,12.5678
28-05-2003,12.6222
29-05-2003,12.6389
30-05-2003,12.7856
02-06-2003,12.8778
03-06-2003,12.78
04-06-2003,12.9444
05-06-2003,12.9578
06-06-2003,13.0789
09-06-2003,12.9667
10-06-2003,13.1
11-06-2003,13.1111
12-06-2003,13.21
13-06-2003,13.2056
16-06-2003,13.3478
17-06-2003,13.6222
18-06-2003,13.5722
19-06-2003,13.5722
20-06-2003,13.5722
23-06-2003,13.2389
24-06-2003,13.1411
25-06-2003,13.25
26-06-2003,13.3933
27-06-2003,13.3311
30-06-2003,13.3222
01-07-2003,13.4667
02-07-2003,13.7833
03-07-2003,13.8222
07-07-2003,14.1644
08-07-2003,14.2044
09-07-2003,14.1711
10-07-2003,13.9222
11-07-2003,14.0389
14-07-2003,14.2856
15-07-2003,14.1056
16-07-2003,14.1167
17-07-2003,13.7478
18-07-2003,13.9311
21-07-2003,13.7467
22-07-2003,13.9111
23-07-2003,13.8222
24-07-2003,13.8889
25-07-2003,14.1167
28-07-2003,14.1944
29-07-2003,14.1144
30-07-2003,14.0111
31-07-2003,14.0778
01-08-2003,14.1089
04-08-2003,14.0467
05-08-2003,13.8956
06-08-2003,13.8333
07-08-2003,13.9344
08-08-2003,14.0278
11-08-2003,14.0889
12-08-2003,14.1444
13-08-2003,14.3444
14-08-2003,14.5333
15-08-2003,14.3889
18-08-2003,14.6956
19-08-2003,14.7678
20-08-2003,14.77
21-08-2003,15.0411
22-08-2003,15.1178
25-08-2003,15
26-08-2003,14.8167
27-08-2003,14.9889
28-08-2003,15.0933
29-08-2003,15.2022
02-09-2003,15.4278
03-09-2003,15.55
04-09-2003,15.6056
05-09-2003,15.5911
08-09-2003,15.8867
09-09-2003,15.6111
10-09-2003,15.3511
11-09-2003,15.3333
12-09-2003,15.4422
15-09-2003,15.2144
16-09-2003,15.5278
17-09-2003,15.4611
18-09-2003,15.6389
19-09-2003,15.5667
22-09-2003,15.3122
23-09-2003,15.35
24-09-2003,15.3778
25-09-2003,15.15
26-09-2003,15.0444
29-09-2003,15.1511
30-09-2003,15.1033
01-10-2003,15.5
02-10-2003,15.7222
03-10-2003,15.8778
06-10-2003,15.9389
07-10-2003,15.9222
08-10-2003,16.0411
09-10-2003,16.3111
10-10-2003,16.5111
13-10-2003,16.7611
14-10-2003,16.4411
15-10-2003,16.64
16-10-2003,16.6356
17-10-2003,16.5344
20-10-2003,16.6267
21-10-2003,16.71
22-10-2003,16.4644
23-10-2003,16.2222
24-10-2003,16.1367
27-10-2003,16.3222
28-10-2003,16.5456
29-10-2003,16.6833
30-10-2003,16.6233
31-10-2003,16.49
03-11-2003,16.8833
04-11-2003,16.93
05-11-2003,16.9522
06-11-2003,16.8311
07-11-2003,16.8489
10-11-2003,16.6167
11-11-2003,16.4033
12-11-2003,16.6956
13-11-2003,16.8244
14-11-2003,16.7389
17-11-2003,16.4122
18-11-2003,16.4444
19-11-2003,16.3378
20-11-2003,16.1267
21-11-2003,16.2667
24-11-2003,16.4433
25-11-2003,16.5
26-11-2003,16.6511
28-11-2003,16.8
01-12-2003,17.2811
02-12-2003,17.2044
03-12-2003,17.1444
04-12-2003,17.0267
05-12-2003,16.9944
08-12-2003,17.0278
09-12-2003,16.9567
10-12-2003,16.8889
11-12-2003,17.1967
12-12-2003,17.2756
15-12-2003,17.2889
16-12-2003,17.2167
17-12-2003,17.0167
18-12-2003,17.2911
19-12-2003,17.3333
22-12-2003,17.5
23-12-2003,17.5478
24-12-2003,17.6044
26-12-2003,17.6489
29-12-2003,17.9156
30-12-2003,18.0011
31-12-2003,18.2144
02-01-2004,18.62
05-01-2004,19.2733
06-01-2004,19.0556
07-01-2004,19.1
08-01-2004,19.1722
09-01-2004,19.1378
12-01-2004,19.1211
13-01-2004,19.0122
14-01-2004,19.0422
15-01-2004,18.6533
16-01-2004,18.7333
20-01-2004,19.2778
21-01-2004,19.3033
22-01-2004,19.2544
23-01-2004,19.2222
26-01-2004,19.35
27-01-2004,19.2522
28-01-2004,18.98
29-01-2004,18.6811
30-01-2004,18.6556
02-02-2004,18.66
03-02-2004,18.5556
04-02-2004,18.3889
05-02-2004,18.3833
06-02-2004,18.8022
09-02-2004,19.0733
10-02-2004,19.0567
11-02-2004,19.3522
12-02-2004,19.3422
13-02-2004,19.3556
17-02-2004,19.7444
18-02-2004,19.4756
19-02-2004,19.3056
20-02-2004,19.0889
23-02-2004,18.9222
24-02-2004,18.8222
25-02-2004,19.0278
26-02-2004,19.1222
27-02-2004,19.3933
01-03-2004,19.8356
02-03-2004,19.6778
03-03-2004,19.5556
04-03-2004,19.6889
05-03-2004,19.7611
08-03-2004,19.5722
09-03-2004,19.4444
10-03-2004,19
11-03-2004,18.5889
12-03-2004,18.7444
15-03-2004,18.3944
16-03-2004,18.6222
17-03-2004,18.8778
18-03-2004,18.9889
19-03-2004,18.7389
22-03-2004,18.4389
23-03-2004,18.6244
24-03-2004,18.6389
25-03-2004,18.8211
26-03-2004,18.7867
29-03-2004,19.0278
30-03-2004,19.2611
31-03-2004,19.5
01-04-2004,19.6589
02-04-2004,19.8556
05-04-2004,19.9944
06-04-2004,20.1056
07-04-2004,20.0333
08-04-2004,20.05
12-04-2004,20.2044
13-04-2004,19.9689
14-04-2004,19.6744
15-04-2004,19.5111
16-04-2004,19.6556
19-04-2004,19.6889
20-04-2004,19.5167
21-04-2004,19.3722
22-04-2004,19.3667
23-04-2004,19.5111
26-04-2004,19.2333
27-04-2004,19.1311
28-04-2004,18.5833
29-04-2004,17.9711
30-04-2004,17.5889
03-05-2004,17.7656
04-05-2004,18.1133
05-05-2004,18.1578
06-05-2004,17.7811
07-05-2004,17.3811
10-05-2004,16.5422
11-05-2004,17.0333
12-05-2004,17.0389
13-05-2004,16.9944
14-05-2004,16.5467
17-05-2004,15.8844
18-05-2004,16.3567
19-05-2004,16.8089
20-05-2004,16.7056
21-05-2004,16.98
24-05-2004,17.2444
25-05-2004,17.6244
26-05-2004,17.5556
27-05-2004,17.8333
28-05-2004,17.7944
01-06-2004,17.6711
02-06-2004,17.6711
03-06-2004,17.2789
04-06-2004,17.5333
07-06-2004,18.1389
08-06-2004,17.8867
09-06-2004,17.4822
10-06-2004,17.5022
14-06-2004,16.8278
15-06-2004,17.1533
16-06-2004,16.9233
17-06-2004,17.0078
18-06-2004,16.9111
21-06-2004,16.9889
22-06-2004,17.1689
23-06-2004,17.4744
24-06-2004,17.5444
25-06-2004,17.7222
28-06-2004,17.5711
29-06-2004,17.7056
30-06-2004,17.9589
01-07-2004,17.7344
02-07-2004,17.7333
06-07-2004,17.5433
07-07-2004,17.7722
08-07-2004,17.5189
09-07-2004,17.6122
12-07-2004,17.5667
13-07-2004,17.6467
14-07-2004,17.4778
15-07-2004,17.3867
16-07-2004,17.5778
19-07-2004,17.5511
20-07-2004,17.6256
21-07-2004,17.4222
22-07-2004,17.4222
23-07-2004,17.1222
26-07-2004,16.9633
27-07-2004,17.2867
28-07-2004,17.2811
29-07-2004,17.3889
30-07-2004,17.3056
02-08-2004,17.2189
03-08-2004,17.2389
04-08-2004,17.2556
05-08-2004,17.1444
06-08-2004,17.02
09-08-2004,17.1622
10-08-2004,17.3556
11-08-2004,17.1944
12-08-2004,17.0022
13-08-2004,17.0289
16-08-2004,17.2611
17-08-2004,17.3767
18-08-2004,17.5822
19-08-2004,17.6011
20-08-2004,17.6889
23-08-2004,17.7844
24-08-2004,17.7333
25-08-2004,17.9444
26-08-2004,17.9689
27-08-2004,17.9356
30-08-2004,17.8389
31-08-2004,17.9167
01-09-2004,18.0644
02-09-2004,18.2889
03-09-2004,18.0944
07-09-2004,18.2333
08-09-2004,18.2222
09-09-2004,18.2778
10-09-2004,18.4511
13-09-2004,18.62
14-09-2004,18.6133
15-09-2004,18.5311
16-09-2004,18.7633
17-09-2004,18.8889
20-09-2004,18.9078
21-09-2004,19.1056
22-09-2004,18.8167
23-09-2004,18.9
24-09-2004,18.8467
27-09-2004,18.7344
28-09-2004,18.9667
29-09-2004,19.0667
30-09-2004,19.1667
01-10-2004,19.5333
04-10-2004,19.8667
05-10-2004,19.72
06-10-2004,19.9478
07-10-2004,19.7778
08-10-2004,19.6333
11-10-2004,19.7356
12-10-2004,19.4244
13-10-2004,19.1611
14-10-2004,18.9
15-10-2004,19.1522
18-10-2004,19.3556
19-10-2004,19.2622
20-10-2004,19.1411
21-10-2004,19.4167
22-10-2004,19.2778
25-10-2004,19.33
26-10-2004,19.4
27-10-2004,19.7333
28-10-2004,19.6356
29-10-2004,19.7122
01-11-2004,19.8589
02-11-2004,19.9044
03-11-2004,20.1944
04-11-2004,20.5
05-11-2004,20.5778
08-11-2004,20.3456
09-11-2004,20.4767
10-11-2004,20.5
11-11-2004,20.7333
12-11-2004,21.0833
15-11-2004,21.1033
16-11-2004,20.8622
17-11-2004,21.3333
18-11-2004,21.3722
19-11-2004,21.0667
22-11-2004,21.1489
23-11-2004,21.1856
24-11-2004,21.4111
26-11-2004,21.7667
29-11-2004,21.6333
30-11-2004,21.6733
01-12-2004,21.8389
02-12-2004,21.8067
03-12-2004,21.9056
06-12-2004,21.8744
07-12-2004,21.5389
08-12-2004,21.4256
09-12-2004,21.0767
10-12-2004,21.0556
13-12-2004,21.3756
14-12-2004,21.5722
15-12-2004,21.8711
16-12-2004,21.7611
17-12-2004,21.7111
20-12-2004,21.9944
21-12-2004,22.2056
22-12-2004,22.2
23-12-2004,22.0811
27-12-2004,22.0644
28-12-2004,22.1789
29-12-2004,22.3011
30-12-2004,22.2444
31-12-2004,22.4278
03-01-2005,22.1944
04-01-2005,21.5111
05-01-2005,21.2478
06-01-2005,21.2333
07-01-2005,21.2744
10-01-2005,21.3011
11-01-2005,21.2611
12-01-2005,21.5222
13-01-2005,21.4333
14-01-2005,21.8167
18-01-2005,21.7778
19-01-2005,21.4778
20-01-2005,21.2111
21-01-2005,21.5
24-01-2005,21.4667
25-01-2005,21.6611
26-01-2005,21.9778
27-01-2005,21.9989
28-01-2005,22.0189
31-01-2005,22.3089
01-02-2005,22.5
02-02-2005,22.5711
03-02-2005,22.5022
04-02-2005,22.9
07-02-2005,22.9722
08-02-2005,23.0167
09-02-2005,22.9422
10-02-2005,23.0533
11-02-2005,23.2778
14-02-2005,23.4444
15-02-2005,23.5
16-02-2005,23.4278
17-02-2005,23.3889
18-02-2005,23.6767
22-02-2005,23.59
23-02-2005,23.6989
24-02-2005,24.0667
25-02-2005,24.51
28-02-2005,24.4689
01-03-2005,24.5378
02-03-2005,24.1333
03-03-2005,24.2
04-03-2005,24.4889
07-03-2005,24.65
08-03-2005,24.4622
09-03-2005,24.3222
10-03-2005,24.0889
11-03-2005,23.9533
14-03-2005,23.77
15-03-2005,23.1778
16-03-2005,22.9811
17-03-2005,23.4
18-03-2005,23.2944
21-03-2005,22.9578
22-03-2005,22.5333
23-03-2005,22.2478
24-03-2005,22.2233
28-03-2005,22.3767
29-03-2005,21.7978
30-03-2005,22.2944
31-03-2005,22.5333
01-04-2005,22.6667
04-04-2005,22.7167
05-04-2005,22.7111
06-04-2005,23.0222
07-04-2005,23.2544
08-04-2005,23.1444
11-04-2005,22.9222
12-04-2005,23.2111
13-04-2005,22.7489
14-04-2005,22.1667
15-04-2005,21.7
18-04-2005,21.9567
19-04-2005,22.3244
20-04-2005,21.7978
21-04-2005,22.4256
22-04-2005,22.1778
25-04-2005,22.5978
26-04-2005,22.3667
27-04-2005,22.1644
28-04-2005,21.8111
29-04-2005,22.2522
02-05-2005,22.4
03-05-2005,22.3789
04-05-2005,22.9889
05-05-2005,23.11
06-05-2005,23.1722
09-05-2005,23.1933
10-05-2005,22.6722
11-05-2005,22.7778
12-05-2005,22.3889
13-05-2005,22.1589
16-05-2005,22.4222
17-05-2005,22.4278
18-05-2005,22.8744
19-05-2005,22.9578
20-05-2005,22.9
23-05-2005,22.9756
24-05-2005,22.9089
25-05-2005,22.7444
26-05-2005,23
27-05-2005,23.1556
31-05-2005,22.9556
01-06-2005,23.2267
02-06-2005,23.4033
03-06-2005,23.2822
06-06-2005,23.5167
07-06-2005,23.4
08-06-2005,23.3111
09-06-2005,23.4333
10-06-2005,23.5
13-06-2005,23.5933
14-06-2005,23.69
15-06-2005,23.8667
16-06-2005,24.08
17-06-2005,24.37
20-06-2005,24.15
21-06-2005,24.0333
22-06-2005,24.26
23-06-2005,23.8333
24-06-2005,23.75
27-06-2005,23.9
28-06-2005,24.08
29-06-2005,23.94
30-06-2005,23.8667
01-07-2005,23.9533
05-07-2005,24.06
06-07-2005,23.9433
07-07-2005,24.0133
08-07-2005,24.2633
11-07-2005,24.6333
12-07-2005,24.9267
13-07-2005,24.91
14-07-2005,25.0533
15-07-2005,24.9167
18-07-2005,24.84
19-07-2005,25.1233
20-07-2005,25.1267
21-07-2005,25.4
22-07-2005,25.34
25-07-2005,25.12
26-07-2005,25.2633
27-07-2005,25.4
28-07-2005,25.7167
29-07-2005,25.7
01-08-2005,26.12
02-08-2005,26.5833
03-08-2005,26.5167
04-08-2005,26.2833
05-08-2005,25.8
08-08-2005,25.9767
09-08-2005,26.5
10-08-2005,26.7833
11-08-2005,26.6333
12-08-2005,26.35
15-08-2005,26.5333
16-08-2005,26.0733
17-08-2005,26.09
18-08-2005,25.61
19-08-2005,25.51
22-08-2005,25.8267
23-08-2005,25.5833
24-08-2005,25.25
25-08-2005,25.5333
26-08-2005,25.5
29-08-2005,25.78
30-08-2005,25.51
31-08-2005,26.04
01-09-2005,26.4
02-09-2005,26.6333
06-09-2005,26.9667
07-09-2005,27
08-09-2005,26.9567
09-09-2005,27.3533
12-09-2005,27.3133
13-09-2005,27.0067
14-09-2005,26.91
15-09-2005,27.0667
16-09-2005,27.4833
19-09-2005,27.4433
20-09-2005,27.5167
21-09-2005,27.7767
22-09-2005,27.5
23-09-2005,27.4767
26-09-2005,27.72
27-09-2005,27.5367
28-09-2005,27.85
29-09-2005,28.34
30-09-2005,28.2933
03-10-2005,28.4733
04-10-2005,28.2067
05-10-2005,27.35
06-10-2005,26.3933
07-10-2005,27.0467
10-10-2005,26.9567
11-10-2005,27.0733
12-10-2005,26.2433
13-10-2005,26.08
14-10-2005,25.98
17-10-2005,26.2667
18-10-2005,25.6
19-10-2005,26.1
20-10-2005,25.05
21-10-2005,25.7167
24-10-2005,26.41
25-10-2005,25.89
26-10-2005,25.9833
27-10-2005,25.3667
28-10-2005,26.0333
31-10-2005,26.5
01-11-2005,26.9667
02-11-2005,27.3833
03-11-2005,27.4133
04-11-2005,27.3567
07-11-2005,27.3767
08-11-2005,27.12
09-11-2005,27.5267
10-11-2005,27.57
11-11-2005,27.63
14-11-2005,27.5567
15-11-2005,27.4
16-11-2005,27.6333
17-11-2005,28.04
18-11-2005,28.1167
21-11-2005,28.1333
22-11-2005,28.12
23-11-2005,28.4167
25-11-2005,28.3967
28-11-2005,28.2167
29-11-2005,27.9667
30-11-2005,28.0333
01-12-2005,28.7667
02-12-2005,28.7333
05-12-2005,28.9667
06-12-2005,29.2333
07-12-2005,28.9567
08-12-2005,28.74
09-12-2005,29.0333
12-12-2005,29.2
13-12-2005,29.5833
14-12-2005,29.3867
15-12-2005,29.2667
16-12-2005,29.1667
19-12-2005,29.1
20-12-2005,29.35
21-12-2005,29.8267
22-12-2005,29.8333
23-12-2005,29.68
27-12-2005,29.35
28-12-2005,29.43
29-12-2005,29.4333
30-12-2005,29.4167
03-01-2006,30.5167
04-01-2006,30.7933
05-01-2006,30.95
06-01-2006,31.5967
09-01-2006,31.9067
10-01-2006,31.5233
11-01-2006,31.8933
12-01-2006,31.45
13-01-2006,31.4833
17-01-2006,30.9333
18-01-2006,30.9167
19-01-2006,31.9167
20-01-2006,30.9667
23-01-2006,31.8667
24-01-2006,32.3667
25-01-2006,32.3833
26-01-2006,33.15
27-01-2006,33.53
30-01-2006,33.3733
31-01-2006,33.5933
01-02-2006,33.5767
02-02-2006,32.7133
03-02-2006,32.2667
06-02-2006,33.0333
07-02-2006,32.1667
08-02-2006,32.2667
09-02-2006,32.35
10-02-2006,32.3
13-02-2006,31.5033
14-02-2006,32.3
15-02-2006,32.1333
16-02-2006,32.9667
17-02-2006,32.9233
21-02-2006,32.6333
22-02-2006,32.81
23-02-2006,32.8
24-02-2006,32.8633
27-02-2006,33.1633
28-02-2006,32.3
01-03-2006,33.1933
02-03-2006,33.22
03-03-2006,32.6667
06-03-2006,32.1667
07-03-2006,31.0333
08-03-2006,31.2167
09-03-2006,30.9
10-03-2006,31.55
13-03-2006,31.5167
14-03-2006,32.5
15-03-2006,32.8767
16-03-2006,32.5833
17-03-2006,32.8133
20-03-2006,33
21-03-2006,32.3333
22-03-2006,32.69
23-03-2006,32.3867
24-03-2006,32.6667
27-03-2006,32.8667
28-03-2006,32.2667
29-03-2006,32.8833
30-03-2006,33.05
31-03-2006,33
03-04-2006,33.9333
04-04-2006,34.1333
05-04-2006,34.4833
06-04-2006,34.3067
07-04-2006,33.7833
10-04-2006,33.6667
11-04-2006,33.38
12-04-2006,33.5733
13-04-2006,33.7333
17-04-2006,34.1333
18-04-2006,35.2667
19-04-2006,35.4833
20-04-2006,35.3567
21-04-2006,35.6333
24-04-2006,35.1667
25-04-2006,34.6833
26-04-2006,35.3667
27-04-2006,34.81
28-04-2006,35.15
01-05-2006,35.14
02-05-2006,35.76
03-05-2006,35.8
04-05-2006,36.15
05-05-2006,36.7333
08-05-2006,37
09-05-2006,37.0333
10-05-2006,36.6333
11-05-2006,35.7
12-05-2006,34.7667
15-05-2006,33.9333
16-05-2006,34.1033
17-05-2006,32.9333
18-05-2006,32.3
19-05-2006,32.9967
22-05-2006,31.4433
23-05-2006,31.1
24-05-2006,30.8833
25-05-2006,32.1967
26-05-2006,32.1
30-05-2006,30.7167
31-05-2006,31.2333
01-06-2006,31.8733
02-06-2006,32.2
05-06-2006,30.8333
06-06-2006,30.6067
07-06-2006,29.9333
08-06-2006,29.4
09-06-2006,29.0167
12-06-2006,27.9367
13-06-2006,27.3167
14-06-2006,28.1
15-06-2006,29.7367
16-06-2006,29.5667
19-06-2006,28.4667
20-06-2006,28.8167
21-06-2006,29.75
22-06-2006,29.2167
23-06-2006,29.1667
26-06-2006,29.1667
27-06-2006,28.6167
28-06-2006,29.5133
29-06-2006,31.2667
30-06-2006,31.3
03-07-2006,31.9933
05-07-2006,31
06-07-2006,31.6333
07-07-2006,31.0333
10-07-2006,31.2833
11-07-2006,31.4333
12-07-2006,30.7333
13-07-2006,29.5167
14-07-2006,29.6667
17-07-2006,29.2
18-07-2006,29.6067
19-07-2006,31.4333
20-07-2006,30.53
21-07-2006,29.9367
24-07-2006,31.2833
25-07-2006,31.3667
26-07-2006,31.2333
27-07-2006,31.6633
28-07-2006,32.3433
31-07-2006,32.0333
01-08-2006,31.5167
02-08-2006,31.9333
03-08-2006,31.9
04-08-2006,31.9667
07-08-2006,31.7667
08-08-2006,31.7667
09-08-2006,31.8867
10-08-2006,32.2133
11-08-2006,31.8233
14-08-2006,31.95
15-08-2006,32.7333
16-08-2006,33.0533
17-08-2006,33.1
18-08-2006,32.7867
21-08-2006,32.6167
22-08-2006,32.6067
23-08-2006,32.0167
24-08-2006,31.93
25-08-2006,32.02
28-08-2006,32.3833
29-08-2006,32.4933
30-08-2006,32.6333
31-08-2006,32.54
01-09-2006,32.9033
05-09-2006,33.0833
06-09-2006,32.1333
07-09-2006,31.7667
08-09-2006,32.0267
11-09-2006,31.3367
12-09-2006,31.8733
13-09-2006,32.35
14-09-2006,32.0833
15-09-2006,32.2733
18-09-2006,32.6367
19-09-2006,32.1333
20-09-2006,32.7933
21-09-2006,31.9933
22-09-2006,31.5867
25-09-2006,31.9533
26-09-2006,32.33
27-09-2006,32.2567
28-09-2006,32.5167
29-09-2006,32.2567
02-10-2006,32.2033
03-10-2006,31.7667
04-10-2006,32.6167
05-10-2006,33.05
06-10-2006,32.9667
09-10-2006,32.8433
10-10-2006,33.14
11-10-2006,32.9633
12-10-2006,33.7667
13-10-2006,33.9667
16-10-2006,34.06
17-10-2006,33.6133
18-10-2006,33.9433
19-10-2006,34.0933
20-10-2006,33.9333
23-10-2006,33.9033
24-10-2006,34.0967
25-10-2006,34.4933
26-10-2006,34.5767
27-10-2006,34
30-10-2006,33.8833
31-10-2006,34.5333
01-11-2006,34.1867
02-11-2006,34.2933
03-11-2006,34.4
06-11-2006,35.2167
07-11-2006,35.0667
08-11-2006,35.1567
09-11-2006,35.2767
10-11-2006,35.3267
13-11-2006,35.4467
14-11-2006,36
15-11-2006,36.0667
16-11-2006,35.7033
17-11-2006,35.6633
20-11-2006,35.5233
21-11-2006,36.09
22-11-2006,36.3433
24-11-2006,36.3367
27-11-2006,35.65
28-11-2006,35.8567
29-11-2006,36.4367
30-11-2006,36.6
01-12-2006,36.45
04-12-2006,37.21
05-12-2006,37.86
06-12-2006,37.6
07-12-2006,37.4667
08-12-2006,37.3
11-12-2006,37.3167
12-12-2006,36.8667
13-12-2006,37.0667
14-12-2006,37.7
15-12-2006,37.8667
18-12-2006,37.6033
19-12-2006,37.3667
20-12-2006,37.25
21-12-2006,37.1833
22-12-2006,37.3167
26-12-2006,37.6633
27-12-2006,38.2
28-12-2006,38.1267
29-12-2006,38.0567
03-01-2007,38.38
04-01-2007,37.85
05-01-2007,36.7433
08-01-2007,37.01
09-01-2007,36.1833
10-01-2007,36.1
11-01-2007,36.5567
12-01-2007,37.3
16-01-2007,37.4333
17-01-2007,37.2767
18-01-2007,36.8833
19-01-2007,37.5467
22-01-2007,37.5033
23-01-2007,38.3567
24-01-2007,38.69
25-01-2007,37.5
26-01-2007,37.73
29-01-2007,37.23
30-01-2007,37.8067
31-01-2007,38.1
01-02-2007,38.5667
02-02-2007,38.45
05-02-2007,38.4867
06-02-2007,38.8667
07-02-2007,38.7167
08-02-2007,38.51
09-02-2007,38.05
12-02-2007,37.79
13-02-2007,38.39
14-02-2007,39.2167
15-02-2007,39.24
16-02-2007,39.33
20-02-2007,39.4333
21-02-2007,39.5433
22-02-2007,39.5
23-02-2007,39.1667
26-02-2007,39.15
27-02-2007,35.9667
28-02-2007,36.5833
01-03-2007,36.3367
02-03-2007,35.9867
05-03-2007,35.0967
06-03-2007,36.62
07-03-2007,36.3667
08-03-2007,37.26
09-03-2007,37.3967
12-03-2007,37.5933
13-03-2007,36.3667
14-03-2007,36.79
15-03-2007,37.09
16-03-2007,36.75
19-03-2007,37.6
20-03-2007,37.7833
21-03-2007,38.96
22-03-2007,38.7933
23-03-2007,39.01
26-03-2007,38.8767
27-03-2007,38.7767
28-03-2007,38.1633
29-03-2007,38.84
30-03-2007,38.8333
02-04-2007,39.15
03-04-2007,39.7
04-04-2007,39.9967
05-04-2007,40.1
09-04-2007,40.2567
10-04-2007,40.4467
11-04-2007,40.0733
12-04-2007,40.7433
13-04-2007,40.99
16-04-2007,41.45
17-04-2007,41.2067
18-04-2007,40.8933
19-04-2007,40.57
20-04-2007,41.0533
23-04-2007,40.8367
24-04-2007,40.8967
25-04-2007,41.3467
26-04-2007,41.28
27-04-2007,41.0867
30-04-2007,40.28
01-05-2007,40.44
02-05-2007,41.2433
03-05-2007,41.61
04-05-2007,41.5767
07-05-2007,41.8467
08-05-2007,41.3033
09-05-2007,41.97
10-05-2007,40.9433
11-05-2007,41.9833
14-05-2007,41.5667
15-05-2007,41.6267
16-05-2007,42.22
17-05-2007,42.05
18-05-2007,42.2833
21-05-2007,42.34
22-05-2007,42.3667
23-05-2007,42.3
24-05-2007,41.2833
25-05-2007,41.9167
29-05-2007,41.7733
30-05-2007,42.1967
31-05-2007,42.2667
01-06-2007,43.3767
04-06-2007,43.1833
05-06-2007,43.0333
06-06-2007,41.95
07-06-2007,41.3033
08-06-2007,42.0333
11-06-2007,42.3933
12-06-2007,41.68
13-06-2007,42.49
14-06-2007,43.1567
15-06-2007,44.14
18-06-2007,44.18
19-06-2007,44.23
20-06-2007,43.8533
21-06-2007,44.4
22-06-2007,43.8133
25-06-2007,43.48
26-06-2007,43.1
27-06-2007,43.7
28-06-2007,43.7233
29-06-2007,43.8833
02-07-2007,44.7667
03-07-2007,45.1233
05-07-2007,45.3233
06-07-2007,46.1
09-07-2007,46.5467
10-07-2007,45.6267
11-07-2007,46.0067
12-07-2007,47.0167
13-07-2007,47.5833
16-07-2007,47.1067
17-07-2007,47.0967
18-07-2007,46.52
19-07-2007,46.9667
20-07-2007,46.66
23-07-2007,48.01
24-07-2007,46.3667
25-07-2007,46.6333
26-07-2007,44.3967
27-07-2007,43.6833
30-07-2007,45.1133
31-07-2007,44.19
01-08-2007,44.0167
02-08-2007,44.5033
03-08-2007,42.5833
06-08-2007,43.3433
07-08-2007,43.6667
08-08-2007,45.1333
09-08-2007,43.2667
10-08-2007,42.5167
13-08-2007,42.9367
14-08-2007,41.8267
15-08-2007,40.1833
16-08-2007,39.5
17-08-2007,40.75
20-08-2007,40.8333
21-08-2007,40.6833
22-08-2007,42.4333
23-08-2007,42.65
24-08-2007,43.6667
27-08-2007,43.8667
28-08-2007,42.0833
29-08-2007,43.75
30-08-2007,43.5267
31-08-2007,44.65
04-09-2007,45.4033
05-09-2007,44.7167
06-09-2007,45.0667
07-09-2007,44.05
10-09-2007,44.0833
11-09-2007,44.9733
12-09-2007,45.1333
13-09-2007,45.6333
14-09-2007,45.7233
17-09-2007,45.4333
18-09-2007,47.6333
19-09-2007,47.85
20-09-2007,47.7
21-09-2007,48.3333
24-09-2007,48.9333
25-09-2007,48.75
26-09-2007,49.4
27-09-2007,50.1333
28-09-2007,49.8167
01-10-2007,51.3833
02-10-2007,51.7333
03-10-2007,50.1667
04-10-2007,50.6667
05-10-2007,52.3567
08-10-2007,51.8
09-10-2007,52.6067
10-10-2007,52.6767
11-10-2007,52.2133
12-10-2007,53.1667
15-10-2007,52.5167
16-10-2007,51.5433
17-10-2007,52.7333
18-10-2007,53
19-10-2007,50.7333
22-10-2007,51.1
23-10-2007,52.5167
24-10-2007,52.1733
25-10-2007,52.8367
26-10-2007,54.3333
29-10-2007,55.5833
30-10-2007,54.5333
31-10-2007,55.73
01-11-2007,53.48
02-11-2007,53.7833
05-11-2007,51.9133
06-11-2007,53.8833
07-11-2007,52.1667
08-11-2007,52.4333
09-11-2007,51.2
12-11-2007,48.3667
13-11-2007,51.7833
14-11-2007,51.8333
15-11-2007,50.64
16-11-2007,51.2667
19-11-2007,48.9033
20-11-2007,50.2467
21-11-2007,47.7167
23-11-2007,49.1267
26-11-2007,47.1767
27-11-2007,48.9833
28-11-2007,51.6667
29-11-2007,51.0333
30-11-2007,51.4667
03-12-2007,51.02
04-12-2007,50.8867
05-12-2007,53.1467
06-12-2007,53.9833
07-12-2007,53.3433
10-12-2007,53.36
11-12-2007,51.1
12-12-2007,52.6333
13-12-2007,51.1867
14-12-2007,49.9667
17-12-2007,47.8367
18-12-2007,49.15
19-12-2007,49.47
20-12-2007,49.74
21-12-2007,51.24
24-12-2007,51.4467
26-12-2007,51.7133
27-12-2007,50.52
28-12-2007,50.71
31-12-2007,50.1
02-01-2008,49.2733
03-01-2008,49.7167
04-01-2008,48.2233
07-01-2008,48.5767
08-01-2008,48.2
09-01-2008,49.78
10-01-2008,50.3667
11-01-2008,48.95
14-01-2008,49.67
15-01-2008,47.4234
16-01-2008,45.45
17-01-2008,44.1267
18-01-2008,45.1333
22-01-2008,44
23-01-2008,44.28
24-01-2008,45.14
25-01-2008,44.4533
28-01-2008,45.5533
29-01-2008,45.33
30-01-2008,44.7333
31-01-2008,45.63
01-02-2008,46.54
04-02-2008,46.6833
05-02-2008,44.17
06-02-2008,43.4466
07-02-2008,44.1833
08-02-2008,44.1
11-02-2008,44.6467
12-02-2008,45.3667
13-02-2008,46.3867
14-02-2008,45.79
15-02-2008,46.1167
19-02-2008,46.72
20-02-2008,47.11
21-02-2008,46.45
22-02-2008,47.0733
25-02-2008,47.95
26-02-2008,48.5833
27-02-2008,48.9933
28-02-2008,48.4667
29-02-2008,46.54
03-03-2008,46.7933
04-03-2008,45.7067
05-03-2008,46.6667
06-03-2008,45.0667
07-03-2008,44.4433
10-03-2008,43.6633
11-03-2008,46.6
12-03-2008,45.7367
13-03-2008,45.32
14-03-2008,43.7133
17-03-2008,42.6333
18-03-2008,44.85
19-03-2008,42.1555
20-03-2008,42.8667
24-03-2008,44.51
25-03-2008,45.1933
26-03-2008,44.8267
27-03-2008,44.61
28-03-2008,44.53
31-03-2008,44.7933
01-04-2008,46.5133
02-04-2008,46.55
03-04-2008,47.1133
04-04-2008,46.9233
07-04-2008,47.5467
08-04-2008,47.2853
09-04-2008,46.55
10-04-2008,47.2167
11-04-2008,46.4467
14-04-2008,46.3367
15-04-2008,46.88
16-04-2008,48.2667
17-04-2008,47.9167
18-04-2008,48.6387
21-04-2008,48.8867
22-04-2008,48.4333
23-04-2008,49.13
24-04-2008,48.5
25-04-2008,48.8567
28-04-2008,48.7633
29-04-2008,47.9
30-04-2008,48.8867
01-05-2008,49.4067
02-05-2008,49.88
05-05-2008,49.8433
06-05-2008,50.4
07-05-2008,48.9
08-05-2008,49.4033
09-05-2008,49
12-05-2008,49.63
13-05-2008,49.8667
14-05-2008,49.9867
15-05-2008,51.05
16-05-2008,51.7
19-05-2008,51.71
20-05-2008,50.8133
21-05-2008,50.2967
22-05-2008,50.4433
23-05-2008,49.5633
27-05-2008,49.4833
28-05-2008,50.15
29-05-2008,50.26
30-05-2008,50.4333
02-06-2008,49.8333
03-06-2008,48.9333
04-06-2008,48.5067
05-06-2008,50.05
06-06-2008,48.2367
09-06-2008,48.1133
10-06-2008,47.0033
11-06-2008,46.3
12-06-2008,46.57
13-06-2008,47.0733
16-06-2008,47.2333
17-06-2008,47.4333
18-06-2008,47.2033
19-06-2008,47.2767
20-06-2008,45.7333
23-06-2008,45.8667
24-06-2008,45.6633
25-06-2008,46.05
26-06-2008,44.47
27-06-2008,44.9
30-06-2008,45.24
01-07-2008,44.4333
02-07-2008,43.1667
03-07-2008,43.0433
07-07-2008,42.89
08-07-2008,43.4167
09-07-2008,42.54
10-07-2008,43.31
11-07-2008,43.02
14-07-2008,42.9667
15-07-2008,42.25
16-07-2008,43.47
17-07-2008,43.6733
18-07-2008,43.2967
21-07-2008,43.8333
22-07-2008,43.86
23-07-2008,43.9233
24-07-2008,42.3
25-07-2008,42.59
28-07-2008,42
29-07-2008,44.19
30-07-2008,43.73
31-07-2008,42.75
01-08-2008,42.46
04-08-2008,41.16
05-08-2008,41.69
06-08-2008,42.52
07-08-2008,41.06
08-08-2008,41.16
11-08-2008,40.73
12-08-2008,40.39
13-08-2008,40.38
14-08-2008,40.91
15-08-2008,40.27
18-08-2008,39.59
19-08-2008,39.2572
20-08-2008,40.26
21-08-2008,40.2
22-08-2008,40.17
25-08-2008,39.34
26-08-2008,39.41
27-08-2008,40.25
28-08-2008,40.53
29-08-2008,40.05
02-09-2008,38.84
03-09-2008,38.2
04-09-2008,36.44
05-09-2008,36.96
08-09-2008,37.42
09-09-2008,35.32
10-09-2008,35.8875
11-09-2008,35.36
12-09-2008,36.54
15-09-2008,33.67
16-09-2008,33.96
17-09-2008,31.55
18-09-2008,34.21
19-09-2008,38.47
22-09-2008,35.96
23-09-2008,34.84
24-09-2008,35.24
25-09-2008,37.05
26-09-2008,35.79
29-09-2008,31.61
30-09-2008,34.17
01-10-2008,34.58
02-10-2008,31.55
03-10-2008,30.72
06-10-2008,28.41
07-10-2008,26.2
08-10-2008,26.2
09-10-2008,24.27
10-10-2008,24.55
13-10-2008,30.14
14-10-2008,28.64
15-10-2008,24.01
16-10-2008,25.19
17-10-2008,24.4
20-10-2008,26.11
21-10-2008,24.03
22-10-2008,21.5
23-10-2008,22.1
24-10-2008,19.82
27-10-2008,19.3
28-10-2008,24.24
29-10-2008,22.6
30-10-2008,25.65
31-10-2008,25.43
03-11-2008,25.2
04-11-2008,27.5
05-11-2008,24
06-11-2008,22.79
07-11-2008,24.64
10-11-2008,24.87
11-11-2008,23.32
12-11-2008,21.59
13-11-2008,24.58
14-11-2008,22.22
17-11-2008,21.85
18-11-2008,21.53
19-11-2008,19.67
20-11-2008,18.26
21-11-2008,20.89
24-11-2008,22.16
25-11-2008,21.74
26-11-2008,23.4
28-11-2008,22.95
01-12-2008,20.74
02-12-2008,22.05
03-12-2008,22.23
04-12-2008,21.28
05-12-2008,22.54
08-12-2008,23.98
09-12-2008,23.65
10-12-2008,25.06
11-12-2008,24.42
12-12-2008,24.76
15-12-2008,24.43
16-12-2008,26.38
17-12-2008,25.92
18-12-2008,25.35
19-12-2008,25.44
22-12-2008,24.49
23-12-2008,23.95
24-12-2008,24.12
26-12-2008,24.04
29-12-2008,24
30-12-2008,24.64
31-12-2008,24.97
02-01-2009,26.16
05-01-2009,26.5
06-01-2009,27.1
07-01-2009,25.54
08-01-2009,25.43
09-01-2009,24.88
12-01-2009,23.83
13-01-2009,23.9
14-01-2009,22.74
15-01-2009,23
16-01-2009,23.25
20-01-2009,21.52
21-01-2009,22.69
22-01-2009,21.94
23-01-2009,22.22
26-01-2009,22.48
27-01-2009,22.88
28-01-2009,24.04
29-01-2009,22.82
30-01-2009,22.65
02-02-2009,22.42
03-02-2009,23.09
04-02-2009,23.26
05-02-2009,23.75
06-02-2009,24.94
09-02-2009,24.81
10-02-2009,23.31
11-02-2009,24.01
12-02-2009,23.86
13-02-2009,23.98
17-02-2009,22.45
18-02-2009,22.29
19-02-2009,22.08
20-02-2009,21.52
23-02-2009,20.99
24-02-2009,22.14
25-02-2009,21.76
26-02-2009,21.57
27-02-2009,21.23
02-03-2009,19.94
03-03-2009,20.22
04-03-2009,21.64
05-03-2009,20.75
06-03-2009,21.1
09-03-2009,20.69
10-03-2009,22.37
11-03-2009,22.37
12-03-2009,23.23
13-03-2009,23.36
16-03-2009,23.38
17-03-2009,23.89
18-03-2009,24.39
19-03-2009,24.23
20-03-2009,23.9
23-03-2009,26.11
24-03-2009,25.3
25-03-2009,25.68
26-03-2009,26.38
27-03-2009,25.6
30-03-2009,24.28
31-03-2009,24.81
01-04-2009,25.63
02-04-2009,27.02
03-04-2009,27.35
06-04-2009,27.01
07-04-2009,26.39
08-04-2009,26.78
09-04-2009,27.95
13-04-2009,28.12
14-04-2009,27.67
15-04-2009,28.07
16-04-2009,28.31
17-04-2009,28.11
20-04-2009,26.74
21-04-2009,27.31
22-04-2009,27.08
23-04-2009,27.5
24-04-2009,28.02
27-04-2009,27.08
28-04-2009,26.99
29-04-2009,28.41
30-04-2009,28.67
01-05-2009,29.09
04-05-2009,31.1
05-05-2009,30.82
06-05-2009,31.349
07-05-2009,30.57
08-05-2009,31.59
11-05-2009,30.85
12-05-2009,31.07
13-05-2009,29.93
14-05-2009,30.36
15-05-2009,30.08
18-05-2009,31.75
19-05-2009,32.11
20-05-2009,32.21
21-05-2009,31.61
22-05-2009,31.75
26-05-2009,32.13
27-05-2009,31.76
28-05-2009,32.74
29-05-2009,33.24
01-06-2009,34.64
02-06-2009,34.14
03-06-2009,32.93
04-06-2009,33.54
05-06-2009,33.61
08-06-2009,33.09
09-06-2009,33.15
10-06-2009,33.568
11-06-2009,34.29
12-06-2009,33.74
15-06-2009,32.53
16-06-2009,32.04
17-06-2009,31.68
18-06-2009,31.59
19-06-2009,31.75
22-06-2009,30.6
23-06-2009,30.55
24-06-2009,31.22
25-06-2009,32.15
26-06-2009,32.32
29-06-2009,32.56
30-06-2009,32.23
01-07-2009,32.82
02-07-2009,31.92
06-07-2009,31.85
07-07-2009,31.1
08-07-2009,30.74
09-07-2009,31.291
10-07-2009,30.92
13-07-2009,31.14
14-07-2009,31.48
15-07-2009,33.17
16-07-2009,33.23
17-07-2009,33.57
20-07-2009,34.77
21-07-2009,34.665
22-07-2009,34.59
23-07-2009,35.57
24-07-2009,35.4
27-07-2009,35.71
28-07-2009,35.55
29-07-2009,34.75
30-07-2009,35.61
31-07-2009,35.78
03-08-2009,37.12
04-08-2009,36.78
05-08-2009,36.47
06-08-2009,36.17
07-08-2009,36.53
10-08-2009,36.12
11-08-2009,35.44
12-08-2009,35.76
13-08-2009,36.38
14-08-2009,35.72
17-08-2009,34.32
18-08-2009,35.07
19-08-2009,35.16
20-08-2009,35.77
21-08-2009,36.31
24-08-2009,36.47
25-08-2009,36.39
26-08-2009,36.28
27-08-2009,36.21
28-08-2009,36.02
31-08-2009,35.31
01-09-2009,34.64
02-09-2009,35.01
03-09-2009,35.71
04-09-2009,36.4
08-09-2009,37.15
09-09-2009,37.35
10-09-2009,37.84
11-09-2009,37.86
14-09-2009,37.72
15-09-2009,38.17
16-09-2009,39.13
17-09-2009,38.92
18-09-2009,39.03
21-09-2009,38.69
22-09-2009,39.28
23-09-2009,38.69
24-09-2009,37.93
25-09-2009,38.09
28-09-2009,38.58
29-09-2009,38.669
30-09-2009,38.91
01-10-2009,37.85
02-10-2009,37.86
05-10-2009,38.74
06-10-2009,39.38
07-10-2009,39.34
08-10-2009,39.82
09-10-2009,39.85
12-10-2009,40.18
13-10-2009,40.25
14-10-2009,41.55
15-10-2009,41.32
16-10-2009,40.75
19-10-2009,41.53
20-10-2009,40.98
21-10-2009,40.76
22-10-2009,41.1
23-10-2009,40.76
26-10-2009,40.25
27-10-2009,39.55
28-10-2009,37.74
29-10-2009,39.41
30-10-2009,37.57
02-11-2009,38.13
03-11-2009,38.19
04-11-2009,38.9
05-11-2009,39.7
06-11-2009,39.65
09-11-2009,41.11
10-11-2009,40.92
11-11-2009,41.27
12-11-2009,40.35
13-11-2009,41.04
16-11-2009,42.07
17-11-2009,41.92
18-11-2009,41.59
19-11-2009,40.82
20-11-2009,40.65
23-11-2009,41.5
24-11-2009,41.27
25-11-2009,41.75
27-11-2009,40.13
30-11-2009,40.52
01-12-2009,41.68
02-12-2009,41.85
03-12-2009,41.46
04-12-2009,41.84
07-12-2009,41.48
08-12-2009,40.71
09-12-2009,40.96
10-12-2009,41.2
11-12-2009,41.35
14-12-2009,41.63
15-12-2009,41.2
16-12-2009,41.44
17-12-2009,40.25
18-12-2009,40.36
21-12-2009,40.31
22-12-2009,40.39
23-12-2009,40.79
24-12-2009,41.2
28-12-2009,41.34
29-12-2009,41.18
30-12-2009,41.36
31-12-2009,41.5
04-01-2010,42.71
05-01-2010,43.02
06-01-2010,43.11
07-01-2010,42.86
08-01-2010,43.2
11-01-2010,43.11
12-01-2010,42.42
13-01-2010,42.55
14-01-2010,42.44
15-01-2010,41.9493
19-01-2010,42.8
20-01-2010,41.77
21-01-2010,40.5075
22-01-2010,39.61
25-01-2010,39.9
26-01-2010,39.07
27-01-2010,38.97
28-01-2010,38.7
29-01-2010,38.28
01-02-2010,39.31
02-02-2010,39.63
03-02-2010,39.4
04-02-2010,37.62
05-02-2010,37.2
08-02-2010,36.83
09-02-2010,38.03
10-02-2010,37.93
11-02-2010,38.93
12-02-2010,38.44
16-02-2010,39.43
17-02-2010,39.57
18-02-2010,39.72
19-02-2010,39.38
22-02-2010,39.43
23-02-2010,38.52
24-02-2010,38.89
25-02-2010,38.57
26-02-2010,38.96
01-03-2010,39.62
02-03-2010,40.066
03-03-2010,40.12
04-03-2010,39.91
05-03-2010,40.95
08-03-2010,40.98
09-03-2010,41.21
10-03-2010,41.5
11-03-2010,41.51
12-03-2010,41.37
15-03-2010,41.07
16-03-2010,41.6
17-03-2010,42.05
18-03-2010,41.73
19-03-2010,41.19
22-03-2010,41.34
23-03-2010,41.63
24-03-2010,41.01
25-03-2010,40.9
26-03-2010,41.1
29-03-2010,41.84
30-03-2010,42
31-03-2010,42.1225
01-04-2010,43.22
05-04-2010,43.61
06-04-2010,43.74
07-04-2010,43.36
08-04-2010,43.5125
09-04-2010,43.78
12-04-2010,43.43
13-04-2010,43.34
14-04-2010,43.98
15-04-2010,43.74
16-04-2010,42.46
19-04-2010,42.29
20-04-2010,42.79
21-04-2010,42.65
22-04-2010,42.83
23-04-2010,43.06
26-04-2010,43.06
27-04-2010,41.515
28-04-2010,41.87
29-04-2010,42.56
30-04-2010,42.05
03-05-2010,42.28
04-05-2010,40.34
05-05-2010,39.61
06-05-2010,37.9901
07-05-2010,38.19
10-05-2010,40.94
11-05-2010,40.2
12-05-2010,40.7
13-05-2010,40.32
14-05-2010,39.49
17-05-2010,39.25
18-05-2010,38.4275
19-05-2010,38.06
20-05-2010,36.165
21-05-2010,37.34
24-05-2010,36.95
25-05-2010,36.55
26-05-2010,36.53
27-05-2010,38.74
28-05-2010,38.1
01-06-2010,37.405
02-06-2010,38.71
03-06-2010,38.57
04-06-2010,37.2
07-06-2010,36.62
08-06-2010,37.46
09-06-2010,37.26
10-06-2010,38.56
11-06-2010,38.76
14-06-2010,38.77
15-06-2010,39.94
16-06-2010,39.94
17-06-2010,39.74
18-06-2010,39.92
21-06-2010,40.61
22-06-2010,39.83
23-06-2010,39.67
24-06-2010,38.97
25-06-2010,39.43
28-06-2010,39.16
29-06-2010,37.57
30-06-2010,37.32
01-07-2010,37.59
02-07-2010,37.75
06-07-2010,38.45
07-07-2010,39.3
08-07-2010,39.49
09-07-2010,39.975
12-07-2010,39.65
13-07-2010,40.11
14-07-2010,40.03
15-07-2010,39.84
16-07-2010,38.65
19-07-2010,39.16
20-07-2010,40.08
21-07-2010,39.67
22-07-2010,40.87
23-07-2010,41.15
26-07-2010,41.43
27-07-2010,41.36
28-07-2010,41.13
29-07-2010,41.2
30-07-2010,41.4
02-08-2010,42.475
03-08-2010,42.27
04-08-2010,42.33
05-08-2010,42.14
06-08-2010,42.08
09-08-2010,42.3
10-08-2010,41.72
11-08-2010,40.39
12-08-2010,40.46
13-08-2010,40.68
16-08-2010,41.06
17-08-2010,41.49
18-08-2010,41.46
19-08-2010,41.14
20-08-2010,41.02
23-08-2010,40.65
24-08-2010,40.13
25-08-2010,39.87
26-08-2010,39.62
27-08-2010,40.49
30-08-2010,39.82
31-08-2010,40.06
01-09-2010,41.47
02-09-2010,41.54
03-09-2010,42.03
07-09-2010,41.42
08-09-2010,41.868
09-09-2010,42.112
10-09-2010,42.26
13-09-2010,43.27
14-09-2010,43.25
15-09-2010,43.31
16-09-2010,43.09
17-09-2010,43.02
20-09-2010,43.7
21-09-2010,43.57
22-09-2010,43.6
23-09-2010,43.32
24-09-2010,44.12
27-09-2010,44.0375
28-09-2010,44.36
29-09-2010,44.51
30-09-2010,44.77
01-10-2010,45.43
04-10-2010,45.29
05-10-2010,46.11
06-10-2010,46.09
07-10-2010,45.68
08-10-2010,46.23
11-10-2010,46.2
12-10-2010,46.01
13-10-2010,46.855
14-10-2010,46.775
15-10-2010,46.72
18-10-2010,46.74
19-10-2010,45.26
20-10-2010,45.98
21-10-2010,45.98
22-10-2010,46.03
25-10-2010,46.53
26-10-2010,46.49
27-10-2010,45.7
28-10-2010,45.99
29-10-2010,46.12
01-11-2010,46.63
02-11-2010,47.205
03-11-2010,47.5
04-11-2010,48.58
05-11-2010,48.49
08-11-2010,48.295
09-11-2010,47.68
10-11-2010,48.03
11-11-2010,47.56
12-11-2010,46.41
15-11-2010,46.39
16-11-2010,45.1675
17-11-2010,45.4
18-11-2010,46.48
19-11-2010,46.51
22-11-2010,46.37
23-11-2010,44.9
24-11-2010,45.935
26-11-2010,44.8
29-11-2010,45.15
30-11-2010,44.78
01-12-2010,46.065
02-12-2010,46.97
03-12-2010,47.14
06-12-2010,47.06
07-12-2010,46.84
08-12-2010,46.54
09-12-2010,46.385
10-12-2010,46.59
13-12-2010,46.89
14-12-2010,46.96
15-12-2010,46.2
16-12-2010,46.33
17-12-2010,46.405
20-12-2010,46.185
21-12-2010,46.5
22-12-2010,46.6625
23-12-2010,46.61
27-12-2010,46.46
28-12-2010,46.5
29-12-2010,47.07
30-12-2010,47.31
31-12-2010,47.642
03-01-2011,48.1
04-01-2011,48.32
05-01-2011,48.2
06-01-2011,47.685
07-01-2011,47.25
10-01-2011,46.76
11-01-2011,47.255
12-01-2011,48.21
13-01-2011,47.79
14-01-2011,47.93
18-01-2011,47.86
19-01-2011,47.49
20-01-2011,46.97
21-01-2011,46.48
24-01-2011,46.8425
25-01-2011,46.555
26-01-2011,46.97
27-01-2011,46.81
28-01-2011,45.33
31-01-2011,45.81
01-02-2011,46.92
02-02-2011,46.57
03-02-2011,46.51
04-02-2011,46.4975
07-02-2011,46.56
08-02-2011,46.58
09-02-2011,45.51
10-02-2011,45.08
11-02-2011,45.625
14-02-2011,45.4
15-02-2011,45.49
16-02-2011,45.87
17-02-2011,46.03
18-02-2011,46.31
22-02-2011,44.83
23-02-2011,44.871
24-02-2011,44.98
25-02-2011,45.52
28-02-2011,45.79
01-03-2011,45.32
02-03-2011,45.94
03-03-2011,46.8525
04-03-2011,46.895
07-03-2011,46.24
08-03-2011,46.86
09-03-2011,46.95
10-03-2011,45.56
11-03-2011,46.03
14-03-2011,46.3
15-03-2011,45.53
16-03-2011,44.6
17-03-2011,45.15
18-03-2011,45.23
21-03-2011,46.0975
22-03-2011,46.24
23-03-2011,46.85
24-03-2011,47.39
25-03-2011,47.34
28-03-2011,47.095
29-03-2011,47.64
30-03-2011,48.25
31-03-2011,48.67
01-04-2011,49.45
04-04-2011,49.87
05-04-2011,49.77
06-04-2011,50.04
07-04-2011,49.99
08-04-2011,50.04
11-04-2011,49.45
12-04-2011,48.52
13-04-2011,48.92
14-04-2011,49.07
15-04-2011,49.135
18-04-2011,47.9
19-04-2011,48.5899
20-04-2011,49.74
21-04-2011,50.175
25-04-2011,49.77
26-04-2011,50.2
27-04-2011,50.11
28-04-2011,49.7
29-04-2011,50
02-05-2011,50.01
03-05-2011,48.895
04-05-2011,48.09
05-05-2011,47.63
06-05-2011,48.25
09-05-2011,48.34
10-05-2011,48.91
11-05-2011,47.83
12-05-2011,47.97
13-05-2011,46.92
16-05-2011,46.85
17-05-2011,47
18-05-2011,47.76
19-05-2011,47.45
20-05-2011,47.07
23-05-2011,46.09
24-05-2011,46.55
25-05-2011,46.65
26-05-2011,47.25
27-05-2011,47.75
31-05-2011,48.53
01-06-2011,47.66
02-06-2011,48.11
03-06-2011,47.87
06-06-2011,47.1
07-06-2011,47.47
08-06-2011,47.13
09-06-2011,47.5
10-06-2011,46.47
13-06-2011,46.39
14-06-2011,47.09
15-06-2011,46.08
16-06-2011,45.73
17-06-2011,45.79
20-06-2011,45.72
21-06-2011,46.56
22-06-2011,45.64
23-06-2011,45.58
24-06-2011,45.5
27-06-2011,46.03
28-06-2011,46.66
29-06-2011,47.09
30-06-2011,47.6
01-07-2011,48.16
05-07-2011,48.14
06-07-2011,47.82
07-07-2011,48.48
08-07-2011,47.93
11-07-2011,46.59
12-07-2011,46.12
13-07-2011,46.87
14-07-2011,46.368
15-07-2011,46.66
18-07-2011,46.12
19-07-2011,46.79
20-07-2011,46.93
21-07-2011,47.68
22-07-2011,47.65
25-07-2011,47.55
26-07-2011,47.71
27-07-2011,46.87
28-07-2011,46.91
29-07-2011,47.11
01-08-2011,47.07
02-08-2011,45.62
03-08-2011,45.461
04-08-2011,42.86
05-08-2011,42.58
08-08-2011,39.03
09-08-2011,41.32
10-08-2011,39.13
11-08-2011,41.292
12-08-2011,41.27
15-08-2011,42.23
16-08-2011,41.87
17-08-2011,42.17
18-08-2011,40.18
19-08-2011,39.68
22-08-2011,39.64
23-08-2011,41.03
24-08-2011,40.63
25-08-2011,39.84
26-08-2011,40.52
29-08-2011,41.83
30-08-2011,41.89
31-08-2011,42.75
01-09-2011,42.52
02-09-2011,41.56
06-09-2011,41.13
07-09-2011,42.35
08-09-2011,41.41
09-09-2011,40.01
12-09-2011,39.93
13-09-2011,39.99
14-09-2011,39.88
15-09-2011,40.46
16-09-2011,40.53
19-09-2011,39.33
20-09-2011,39.04
21-09-2011,37.59
22-09-2011,34.95
23-09-2011,35.88
26-09-2011,36.42
27-09-2011,37.58
28-09-2011,36.45
29-09-2011,36.95
30-09-2011,35.095
03-10-2011,34.36
04-10-2011,34.89
05-10-2011,35.7
06-10-2011,36.88
07-10-2011,36.44
10-10-2011,38.07
11-10-2011,38.09
12-10-2011,39.16
13-10-2011,38.81
14-10-2011,39.59
17-10-2011,38.25
18-10-2011,39.27
19-10-2011,38.52
20-10-2011,37.78
21-10-2011,38.855
24-10-2011,40.38
25-10-2011,39.58
26-10-2011,40.31
27-10-2011,42.76
28-10-2011,42.4
31-10-2011,40.815
01-11-2011,39.82
02-11-2011,41.04
03-11-2011,41.46
04-11-2011,41.19
07-11-2011,41.54
08-11-2011,42.03
09-11-2011,39.57
10-11-2011,39.83
11-11-2011,40.785
14-11-2011,40.23
15-11-2011,40.48
16-11-2011,39.39
17-11-2011,38.388
18-11-2011,38.54
21-11-2011,37.3
22-11-2011,37.43
23-11-2011,36.22
25-11-2011,36.1
28-11-2011,37.83
29-11-2011,37.659
30-11-2011,40.01
01-12-2011,39.8875
02-12-2011,39.77
05-12-2011,40.42
06-12-2011,39.87
07-12-2011,40.03
08-12-2011,38.59
09-12-2011,39.37
12-12-2011,37.89
13-12-2011,37.54
14-12-2011,37
15-12-2011,37.245
16-12-2011,37.52
19-12-2011,36.55
20-12-2011,37.725
21-12-2011,37.84
22-12-2011,38.335
23-12-2011,38.485
27-12-2011,38.12
28-12-2011,37.48
29-12-2011,37.91
30-12-2011,37.94
03-01-2012,39.1
04-01-2012,38.882
05-01-2012,38.71
06-01-2012,38.225
09-01-2012,38.615
10-01-2012,39.458
11-01-2012,39.49
12-01-2012,39.65
13-01-2012,39.29
17-01-2012,40.04
18-01-2012,41.05
19-01-2012,41.41
20-01-2012,41.38
23-01-2012,41.78
24-01-2012,41.835
25-01-2012,42.31
26-01-2012,42.14
27-01-2012,42.36
30-01-2012,41.75
31-01-2012,42.11
01-02-2012,43.045
02-02-2012,43.16
03-02-2012,43.88
06-02-2012,43.505
07-02-2012,43.6
08-02-2012,43.91
09-02-2012,43.89
10-02-2012,42.915
13-02-2012,43.615
14-02-2012,43.26
15-02-2012,43.38
16-02-2012,43.845
17-02-2012,43.93
21-02-2012,43.75
22-02-2012,43.825
23-02-2012,43.75
24-02-2012,44.19
27-02-2012,43.75
28-02-2012,44.36
29-02-2012,44.33
01-03-2012,44.75
02-03-2012,44.64
05-03-2012,43.87
06-03-2012,42.405
07-03-2012,42.91
08-03-2012,43.81
09-03-2012,43.79
12-03-2012,43.31
13-03-2012,44.49
14-03-2012,43.79
15-03-2012,44.14
16-03-2012,44.09
19-03-2012,43.92
20-03-2012,43.16
21-03-2012,43.235
22-03-2012,42.58
23-03-2012,42.9
26-03-2012,43.655
27-03-2012,43.42
28-03-2012,42.69
29-03-2012,42.64
30-03-2012,42.945
02-04-2012,43.545
03-04-2012,43.29
04-04-2012,42.51
05-04-2012,42.74
09-04-2012,42.11
10-04-2012,41.295
11-04-2012,41.735
12-04-2012,42.81
13-04-2012,42.16
16-04-2012,41.945
17-04-2012,42.43
18-04-2012,42.23
19-04-2012,42.045
20-04-2012,42.325
23-04-2012,41.52
24-04-2012,41.61
25-04-2012,41.985
26-04-2012,42.25
27-04-2012,42.31
30-04-2012,42.215
01-05-2012,42.5
02-05-2012,42.415
03-05-2012,42.1
04-05-2012,41.36
07-05-2012,41.51
08-05-2012,40.85
09-05-2012,40.32
10-05-2012,40.49
11-05-2012,39.965
14-05-2012,39.06
15-05-2012,38.72
16-05-2012,38.17
17-05-2012,37.65
18-05-2012,37.29
21-05-2012,38.18
22-05-2012,37.78
23-05-2012,37.52
24-05-2012,37.33
25-05-2012,37.15
29-05-2012,38.2
30-05-2012,37.54
31-05-2012,37.7
01-06-2012,36.69
04-06-2012,36.85
05-06-2012,36.945
06-06-2012,38.025
07-06-2012,38.26
08-06-2012,37.93
11-06-2012,37.385
12-06-2012,38.16
13-06-2012,38.02
14-06-2012,38.285
15-06-2012,38.99
18-06-2012,39.07
19-06-2012,39.7
20-06-2012,39.57
21-06-2012,37.67
22-06-2012,37.79
25-06-2012,37.085
26-06-2012,37.41
27-06-2012,37.65
28-06-2012,37.47
29-06-2012,39.135
02-07-2012,39.125
03-07-2012,39.91
05-07-2012,39.49
06-07-2012,38.77
09-07-2012,38.63
10-07-2012,38.2
11-07-2012,38.4
12-07-2012,37.76
13-07-2012,38.485
16-07-2012,38.395
17-07-2012,38.91
18-07-2012,38.81
19-07-2012,39.165
20-07-2012,38.585
23-07-2012,37.58
24-07-2012,37.415
25-07-2012,37.6
26-07-2012,38.45
27-07-2012,39.525
30-07-2012,39.3
31-07-2012,39.12
01-08-2012,39.19
02-08-2012,38.73
03-08-2012,39.93
06-08-2012,40.18
07-08-2012,40.29
08-08-2012,40.37
09-08-2012,40.54
10-08-2012,40.73
13-08-2012,40.365
14-08-2012,40.36
15-08-2012,40.3
16-08-2012,40.67
17-08-2012,40.47
20-08-2012,40.45
21-08-2012,40.39
22-08-2012,40.41
23-08-2012,40.04
24-08-2012,40.05
27-08-2012,39.64
28-08-2012,39.56
29-08-2012,39.37
30-08-2012,38.91
31-08-2012,39.28
04-09-2012,39.065
05-09-2012,38.86
06-09-2012,39.725
07-09-2012,40.64
10-09-2012,40.12
11-09-2012,40.6
12-09-2012,40.78
13-09-2012,41.875
14-09-2012,42.37
17-09-2012,41.91
18-09-2012,41.925
19-09-2012,41.93
20-09-2012,41.68
21-09-2012,41.775
24-09-2012,41.74
25-09-2012,41.115
26-09-2012,40.925
27-09-2012,41.58
28-09-2012,41.325
01-10-2012,41.74
02-10-2012,41.8
03-10-2012,41.52
04-10-2012,41.945
05-10-2012,41.95
08-10-2012,41.58
09-10-2012,41.27
10-10-2012,41.02
11-10-2012,41.4
12-10-2012,41.27
15-10-2012,41.51
16-10-2012,41.94
17-10-2012,42.27
18-10-2012,42.155
19-10-2012,41.5
22-10-2012,41.9
23-10-2012,41.04
24-10-2012,41.08
25-10-2012,41.5
26-10-2012,41.21
31-10-2012,41.15
01-11-2012,41.82
02-11-2012,41.6
05-11-2012,41.8
06-11-2012,42.1301
07-11-2012,41.4403
08-11-2012,40.92
09-11-2012,41
12-11-2012,41.155
13-11-2012,40.78
14-11-2012,40.155
15-11-2012,40.29
16-11-2012,40.41
19-11-2012,41.115
20-11-2012,41.035
21-11-2012,40.96
23-11-2012,41.63
26-11-2012,41.635
27-11-2012,41.2814
28-11-2012,41.51
29-11-2012,41.815
30-11-2012,41.785
03-12-2012,41.77
04-12-2012,41.8901
05-12-2012,42.3391
06-12-2012,42.66
07-12-2012,42.785
10-12-2012,43.0309
11-12-2012,43.25
12-12-2012,43.38
13-12-2012,43.19
14-12-2012,43.38
17-12-2012,43.495
18-12-2012,43.53
19-12-2012,43.51
20-12-2012,43.77
21-12-2012,43.265
24-12-2012,43.18
26-12-2012,43.305
27-12-2012,43.5431
28-12-2012,43.7
31-12-2012,44.35
02-01-2013,45.225
03-01-2013,44.9024
04-01-2013,44.99
07-01-2013,44.65
08-01-2013,44.25
09-01-2013,44.44
10-01-2013,44.825
11-01-2013,44.47
14-01-2013,44.66
15-01-2013,44.47
16-01-2013,44.43
17-01-2013,44.678
18-01-2013,44.775
22-01-2013,44.705
23-01-2013,44.47
24-01-2013,44.31
25-01-2013,44.16
28-01-2013,43.85
29-01-2013,44.34
30-01-2013,44.13
31-01-2013,44.215
01-02-2013,44.505
04-02-2013,43.92
05-02-2013,43.97
06-02-2013,43.92
07-02-2013,43.53
08-02-2013,43.85
11-02-2013,43.83
12-02-2013,43.95
13-02-2013,44.17
14-02-2013,44.145
15-02-2013,43.99
19-02-2013,44.08
20-02-2013,43.685
21-02-2013,43.09
22-02-2013,43.28
25-02-2013,42.7
26-02-2013,42.94
27-02-2013,43.41
28-02-2013,43.205
01-03-2013,43.31
04-03-2013,42.905
05-03-2013,43.415
06-03-2013,43.63
07-03-2013,43.75
08-03-2013,44.13
11-03-2013,43.89
12-03-2013,43.39
13-03-2013,42.98
14-03-2013,43.16
15-03-2013,42.77
18-03-2013,42.285
19-03-2013,41.99
20-03-2013,42.231
21-03-2013,41.8
22-03-2013,41.96
25-03-2013,41.92
26-03-2013,42.52
27-03-2013,42.68
28-03-2013,42.77
01-04-2013,42.31
02-04-2013,42.325
03-04-2013,41.83
04-04-2013,41.709
05-04-2013,41.61
08-04-2013,41.68
09-04-2013,42.09
10-04-2013,42.495
11-04-2013,42.525
12-04-2013,41.875
15-04-2013,40.86
16-04-2013,41.7
17-04-2013,41.035
18-04-2013,41.045
19-04-2013,41.64
22-04-2013,41.84
23-04-2013,42.04
24-04-2013,42.295
25-04-2013,42.67
26-04-2013,42.24
29-04-2013,42.68
30-04-2013,43.29
01-05-2013,42.82
02-05-2013,43.1601
03-05-2013,43.52
06-05-2013,43.58
07-05-2013,43.89
08-05-2013,44.23
09-05-2013,43.91
10-05-2013,43.57
13-05-2013,43.17
14-05-2013,43.37
15-05-2013,43.385
16-05-2013,43.23
17-05-2013,43.42
20-05-2013,43.53
21-05-2013,43.44
22-05-2013,42.96
23-05-2013,42.64
24-05-2013,42.265
28-05-2013,42.5
29-05-2013,41.96
30-05-2013,41.96
31-05-2013,41.195
03-06-2013,41.81
04-06-2013,41.3
05-06-2013,40.56
06-06-2013,40.9
07-06-2013,40.69
10-06-2013,40.14
11-06-2013,39.38
12-06-2013,39.11
13-06-2013,39.94
14-06-2013,39.31
17-06-2013,39.67
18-06-2013,39.835
19-06-2013,38.61
20-06-2013,36.88
21-06-2013,37.41
24-06-2013,36.65
25-06-2013,37.43
26-06-2013,38.02
27-06-2013,38.28
28-06-2013,38.5
01-07-2013,38.62
02-07-2013,37.93
03-07-2013,37.58
05-07-2013,37.34
08-07-2013,37.39
09-07-2013,37.88
10-07-2013,37.52
11-07-2013,39.355
12-07-2013,38.94
15-07-2013,39.34
16-07-2013,39.5
17-07-2013,39.86
18-07-2013,39.39
19-07-2013,39.275
22-07-2013,39.67
23-07-2013,40.1
24-07-2013,39.69
25-07-2013,39.92
26-07-2013,39.83
29-07-2013,39.33
30-07-2013,39.24
31-07-2013,39.01
01-08-2013,39.715
02-08-2013,39.71
05-08-2013,39.46
06-08-2013,38.96
07-08-2013,38.54
08-08-2013,39.28
09-08-2013,39.36
12-08-2013,39.725
13-08-2013,39.97
14-08-2013,40.1
15-08-2013,39.64
16-08-2013,39.3
19-08-2013,38.56
20-08-2013,38.49
21-08-2013,37.59
22-08-2013,38.2
23-08-2013,38.65
26-08-2013,38.23
27-08-2013,37.355
28-08-2013,37.43
29-08-2013,37.725
30-08-2013,38.02
03-09-2013,38.26
04-09-2013,38.935
05-09-2013,39.4
06-09-2013,39.975
09-09-2013,41.035
10-09-2013,41.345
11-09-2013,41.37
12-09-2013,40.89
13-09-2013,41.155
16-09-2013,41.62
17-09-2013,41.53
18-09-2013,43.275
19-09-2013,43.04
20-09-2013,42.075
23-09-2013,42.225
24-09-2013,41.87
25-09-2013,41.55
26-09-2013,41.72
27-09-2013,41.235
30-09-2013,40.755
01-10-2013,41.57
02-10-2013,41.725
03-10-2013,41.57
04-10-2013,42.11
07-10-2013,41.75
08-10-2013,41.35
09-10-2013,41.655
10-10-2013,42.64
11-10-2013,42.825
14-10-2013,43.08
15-10-2013,42.66
16-10-2013,42.995
17-10-2013,43.265
18-10-2013,43.309
21-10-2013,43.24
22-10-2013,43.655
23-10-2013,42.64
24-10-2013,42.55
25-10-2013,42.745
28-10-2013,43
29-10-2013,43.135
30-10-2013,42.9
31-10-2013,42.455
01-11-2013,42.475
04-11-2013,42.74
05-11-2013,41.88
06-11-2013,42.01
07-11-2013,41.25
08-11-2013,41.159
11-11-2013,40.95
12-11-2013,40.73
13-11-2013,40.8
14-11-2013,41.455
15-11-2013,42.245
18-11-2013,42.625
19-11-2013,42.37
20-11-2013,41.79
21-11-2013,41.75
22-11-2013,42.05
25-11-2013,41.51
26-11-2013,41.65
27-11-2013,41.92
29-11-2013,42.35
02-12-2013,41.46
03-12-2013,41.32
04-12-2013,41.27
05-12-2013,41.03
06-12-2013,41.94
09-12-2013,42
10-12-2013,42.02
11-12-2013,41.09
12-12-2013,40.85
13-12-2013,40.95
16-12-2013,41.215
17-12-2013,40.86
18-12-2013,41.3
19-12-2013,40.54
20-12-2013,40.48
23-12-2013,40.78
24-12-2013,41.02
26-12-2013,40.67
27-12-2013,41.3
30-12-2013,41.48
31-12-2013,41.795
02-01-2014,40.19
03-01-2014,40.12
06-01-2014,39.74
07-01-2014,39.91
08-01-2014,39.78
09-01-2014,39.57
10-01-2014,40.27
13-01-2014,39.79
14-01-2014,40.22
15-01-2014,40.21
16-01-2014,39.99
17-01-2014,39.79
21-01-2014,39.73
22-01-2014,40.26
23-01-2014,39.27
24-01-2014,38.24
27-01-2014,38.09
28-01-2014,38.33
29-01-2014,37.78
30-01-2014,38.13
31-01-2014,38.19
03-02-2014,37.11
04-02-2014,37.86
05-02-2014,37.72
06-02-2014,38.51
07-02-2014,38.73
10-02-2014,38.3
11-02-2014,39.13
12-02-2014,39.14
13-02-2014,39.18
14-02-2014,39.66
18-02-2014,39.29
19-02-2014,39.02
20-02-2014,39.16
21-02-2014,39.43
24-02-2014,39.43
25-02-2014,38.98
26-02-2014,39.01
27-02-2014,39.75
28-02-2014,39.48
03-03-2014,38.78
04-03-2014,39.44
05-03-2014,39.47
06-03-2014,40.03
07-03-2014,39.52
10-03-2014,39.25
11-03-2014,38.81
12-03-2014,38.89
13-03-2014,38.19
14-03-2014,38.4
17-03-2014,38.87
18-03-2014,39.41
19-03-2014,38.57
20-03-2014,38.74
21-03-2014,38.98
24-03-2014,39.36
25-03-2014,39.81
26-03-2014,39.9
27-03-2014,40.42
28-03-2014,40.74
31-03-2014,41.01
01-04-2014,41.49
02-04-2014,41.57
03-04-2014,41.41
04-04-2014,41.3
07-04-2014,41.475
08-04-2014,41.96
09-04-2014,42.28
10-04-2014,41.83
11-04-2014,41.83
14-04-2014,41.741
15-04-2014,41.11
16-04-2014,41.63
17-04-2014,42.01
21-04-2014,41.75
22-04-2014,41.64
23-04-2014,41.34
24-04-2014,41.38
25-04-2014,40.82
28-04-2014,41.02
29-04-2014,41.41
30-04-2014,41.33
01-05-2014,41.38
02-05-2014,41.61
05-05-2014,41.38
06-05-2014,41.57
07-05-2014,41.79
08-05-2014,41.69
09-05-2014,41.62
12-05-2014,42.32
13-05-2014,42.48
14-05-2014,42.78
15-05-2014,42.38
16-05-2014,42.94
19-05-2014,42.94
20-05-2014,42.59
21-05-2014,42.92
22-05-2014,43.22
23-05-2014,43.14
27-05-2014,42.77
28-05-2014,43.02
29-05-2014,43.14
30-05-2014,42.55
02-06-2014,42.68
03-06-2014,42.92
04-06-2014,42.68
05-06-2014,43.13
06-06-2014,43.56
09-06-2014,43.72
10-06-2014,43.95
11-06-2014,43.8
12-06-2014,43.59
13-06-2014,43.61
16-06-2014,43.41
17-06-2014,43.42
18-06-2014,43.9
19-06-2014,43.65
20-06-2014,43.56
23-06-2014,43.47
24-06-2014,43.45
25-06-2014,43.2
26-06-2014,43.25
27-06-2014,43.35
30-06-2014,43.23
01-07-2014,43.64
02-07-2014,43.9
03-07-2014,44.16
07-07-2014,44.13
08-07-2014,43.9325
09-07-2014,44.18
10-07-2014,43.94
11-07-2014,43.89
14-07-2014,44.23
15-07-2014,44.2
16-07-2014,44.31
17-07-2014,43.48
18-07-2014,44.16
21-07-2014,44.31
22-07-2014,44.72
23-07-2014,44.76
24-07-2014,44.96
25-07-2014,44.78
28-07-2014,45.09
29-07-2014,44.82
30-07-2014,44.6
31-07-2014,43.82
01-08-2014,44.06
04-08-2014,44.47
05-08-2014,43.79
06-08-2014,43.485
07-08-2014,43.32
08-08-2014,43.71
11-08-2014,44.27
12-08-2014,44.32
13-08-2014,44.56
14-08-2014,44.63
15-08-2014,44.51
18-08-2014,44.94
19-08-2014,45.15
20-08-2014,45.06
21-08-2014,44.87
22-08-2014,44.75
25-08-2014,45.08
26-08-2014,45.35
27-08-2014,45.58
28-08-2014,45.13
29-08-2014,45.06
02-09-2014,44.99
03-09-2014,45.58
04-09-2014,45.46
05-09-2014,45.85
08-09-2014,45.31
09-09-2014,44.75
10-09-2014,44.56
11-09-2014,44.26
12-09-2014,43.79
15-09-2014,43.57
16-09-2014,44.14
17-09-2014,43.73
18-09-2014,43.79
19-09-2014,43.46
22-09-2014,42.8
23-09-2014,42.56
24-09-2014,43.17
25-09-2014,42.23
26-09-2014,42.42
29-09-2014,41.56
30-09-2014,41.56
01-10-2014,40.71
02-10-2014,40.93
03-10-2014,41.28
06-10-2014,41.82
07-10-2014,41.45
08-10-2014,42.07
09-10-2014,41.41
10-10-2014,40.51
13-10-2014,40.92
14-10-2014,41.16
15-10-2014,40.64
16-10-2014,40.27
17-10-2014,40.72
20-10-2014,40.84
21-10-2014,41.0099
22-10-2014,40.74
23-10-2014,40.73
24-10-2014,41.02
27-10-2014,40.7
28-10-2014,41.52
29-10-2014,41.58
30-10-2014,41.97
31-10-2014,42.15
03-11-2014,41.8
04-11-2014,41.84
05-11-2014,41.47
06-11-2014,40.96
07-11-2014,41.22
10-11-2014,41.33
11-11-2014,41.29
12-11-2014,41.21
13-11-2014,41.1
14-11-2014,41.44
17-11-2014,41
18-11-2014,41.22
19-11-2014,41.2
20-11-2014,41.13
21-11-2014,42.44
24-11-2014,42.09
25-11-2014,41.82
26-11-2014,42.349
28-11-2014,41.5
01-12-2014,40.79
02-12-2014,40.78
03-12-2014,40.89
04-12-2014,40.96
05-12-2014,40.88
08-12-2014,40.28
09-12-2014,39.9
10-12-2014,39.31
11-12-2014,38.98
12-12-2014,38.34
15-12-2014,37.79
16-12-2014,37.73
17-12-2014,38.05
18-12-2014,38.57
19-12-2014,38.84
22-12-2014,39.38
23-12-2014,39.02
24-12-2014,39.11
26-12-2014,39.42
29-12-2014,39.18
30-12-2014,39.26
31-12-2014,39.29
02-01-2015,38.77
05-01-2015,38.08
06-01-2015,37.92
07-01-2015,38.74
08-01-2015,39.4
09-01-2015,39.27
12-01-2015,38.95
13-01-2015,39.29
14-01-2015,39.07
15-01-2015,39.16
16-01-2015,39.49
20-01-2015,39.43
21-01-2015,40.3
22-01-2015,41.07
23-01-2015,40.76
26-01-2015,40.78
27-01-2015,40.56
28-01-2015,40.12
29-01-2015,40.12
30-01-2015,39.02
02-02-2015,39.72
03-02-2015,40.47
04-02-2015,40.27
05-02-2015,40.51
06-02-2015,39.82
09-02-2015,39.76
10-02-2015,39.66
11-02-2015,39.37
12-02-2015,40.21
13-02-2015,40.67
17-02-2015,40.58
18-02-2015,40.57
19-02-2015,40.4
20-02-2015,40.67
23-02-2015,40.26
24-02-2015,40.84
25-02-2015,40.76
26-02-2015,40.77
27-02-2015,40.74
02-03-2015,40.68
03-03-2015,40.365
04-03-2015,39.93
05-03-2015,39.87
06-03-2015,39.26
09-03-2015,39.11
10-03-2015,38.24
11-03-2015,38.53
12-03-2015,38.77
13-03-2015,38.3
16-03-2015,38.76
17-03-2015,39.21
18-03-2015,40.17
19-03-2015,39.49
20-03-2015,40.08
23-03-2015,40.2
24-03-2015,40.36
25-03-2015,39.72
26-03-2015,39.35
27-03-2015,39.46
30-03-2015,40.22
31-03-2015,40.13
01-04-2015,40.63
02-04-2015,41.24
06-04-2015,41.77
07-04-2015,41.56
08-04-2015,42.43
09-04-2015,42.85
10-04-2015,42.88
13-04-2015,42.63
14-04-2015,42.82
15-04-2015,43.12
16-04-2015,43.46
17-04-2015,42.7
20-04-2015,42.66
21-04-2015,42.91
22-04-2015,43.37
23-04-2015,43.69
24-04-2015,43.845
27-04-2015,44.02
28-04-2015,44.09
29-04-2015,43.54
30-04-2015,42.88
01-05-2015,43.14
04-05-2015,43.39
05-05-2015,42.92
06-05-2015,42.39
07-05-2015,42.33
08-05-2015,42.87
11-05-2015,42.46
12-05-2015,42.32
13-05-2015,42.4
14-05-2015,42.82
15-05-2015,43.15
18-05-2015,42.71
19-05-2015,42.78
20-05-2015,42.75
21-05-2015,42.6
22-05-2015,42.74
26-05-2015,42.06
27-05-2015,42.07
28-05-2015,41.52
29-05-2015,41.12
01-06-2015,40.96
02-06-2015,41.12
03-06-2015,40.91
04-06-2015,40.29
05-06-2015,40.11
08-06-2015,40.1
09-06-2015,39.86
10-06-2015,40.44
11-06-2015,40.24
12-06-2015,40.24
15-06-2015,39.79
16-06-2015,39.8
17-06-2015,40.04
18-06-2015,40.41
19-06-2015,40.06
22-06-2015,40.64
23-06-2015,41.04
24-06-2015,40.75
25-06-2015,40.31
26-06-2015,39.93
29-06-2015,39.04
30-06-2015,39.62
01-07-2015,39.59
02-07-2015,39.78
06-07-2015,38.67
07-07-2015,38.09
08-07-2015,36.78
09-07-2015,37.49
10-07-2015,38.44
13-07-2015,38.7
14-07-2015,38.77
15-07-2015,38.33
16-07-2015,38.81
17-07-2015,38.76
20-07-2015,38.51
21-07-2015,38.52
22-07-2015,37.97
23-07-2015,37.6
24-07-2015,37.06
27-07-2015,36.36
28-07-2015,36.73
29-07-2015,37.09
30-07-2015,36.72
31-07-2015,37.12
03-08-2015,36.5
04-08-2015,36.63
05-08-2015,36.64
06-08-2015,36.32
07-08-2015,36.3
10-08-2015,36.91
11-08-2015,36.1
12-08-2015,35.54
13-08-2015,35.48
14-08-2015,35.53
17-08-2015,35.14
18-08-2015,34.76
19-08-2015,34.33
20-08-2015,33.79
21-08-2015,32.75
24-08-2015,31.32
25-08-2015,31.72
26-08-2015,32.77
27-08-2015,34.22
28-08-2015,33.78
31-08-2015,33.84
01-09-2015,32.53
02-09-2015,33
03-09-2015,33.13
04-09-2015,32.14
08-09-2015,33.16
09-09-2015,32.99
10-09-2015,33.33
11-09-2015,33.46
14-09-2015,33.41
15-09-2015,33.73
16-09-2015,34.55
17-09-2015,34.47
18-09-2015,33.83
21-09-2015,33.77
22-09-2015,33.14
23-09-2015,32.61
24-09-2015,32.47
25-09-2015,32.4
28-09-2015,31.71
29-09-2015,31.86
30-09-2015,32.78
01-10-2015,32.96
02-10-2015,33.84
05-10-2015,34.57
06-10-2015,34.51
07-10-2015,35.43
08-10-2015,35.81
09-10-2015,35.94
12-10-2015,35.67
13-10-2015,35.09
14-10-2015,35.36
15-10-2015,36.22
16-10-2015,36.25
19-10-2015,35.88
20-10-2015,35.87
21-10-2015,35.35
22-10-2015,36.08
23-10-2015,36.29
26-10-2015,35.96
27-10-2015,35.55
28-10-2015,35.14
29-10-2015,34.81
30-10-2015,34.87
02-11-2015,35.56
03-11-2015,36.03
04-11-2015,35.74
05-11-2015,35.8
06-11-2015,35.3
09-11-2015,34.42
10-11-2015,34.27
11-11-2015,34.34
12-11-2015,34.01
13-11-2015,33.54
16-11-2015,34.19
17-11-2015,34.09
18-11-2015,34.4592
19-11-2015,34.77
20-11-2015,35.12
23-11-2015,34.79
24-11-2015,34.97
25-11-2015,34.7
27-11-2015,33.94
30-11-2015,33.99
01-12-2015,34.25
02-12-2015,33.84
03-12-2015,33.65
04-12-2015,33.88
07-12-2015,33.317
08-12-2015,32.95
09-12-2015,32.68
10-12-2015,32.4592
11-12-2015,31.55
14-12-2015,32.06
15-12-2015,32.55
16-12-2015,33.19
17-12-2015,32.76
18-12-2015,32.65
21-12-2015,32.4
22-12-2015,32.66
23-12-2015,33.12
24-12-2015,33
28-12-2015,32.77
29-12-2015,32.8
30-12-2015,32.29
31-12-2015,32.19
04-01-2016,31.31
05-01-2016,31.38
06-01-2016,30.7792
07-01-2016,29.83
08-01-2016,29.51
11-01-2016,29.5
12-01-2016,29.56
13-01-2016,29.25
14-01-2016,29.63
15-01-2016,28.455
19-01-2016,28.88
20-01-2016,28.25
21-01-2016,28.36
22-01-2016,29.33
25-01-2016,28.825
26-01-2016,29.25
27-01-2016,29.15
28-01-2016,29.61
29-01-2016,30.57
01-02-2016,30.28
02-02-2016,29.3
03-02-2016,30.13
04-02-2016,30.36
05-02-2016,30.01
08-02-2016,29.6
09-02-2016,29.19
10-02-2016,29.31
11-02-2016,28.82
12-02-2016,29.32
16-02-2016,29.97
17-02-2016,30.56
18-02-2016,30.38
19-02-2016,30.24
22-02-2016,30.99
23-02-2016,30.33
24-02-2016,30.26
25-02-2016,30.36
26-02-2016,30.06
29-02-2016,30.32
01-03-2016,31.4
02-03-2016,31.82
03-03-2016,32.18
04-03-2016,32.82
07-03-2016,32.77
08-03-2016,32.21
09-03-2016,32.41
10-03-2016,32.46
11-03-2016,33.14
14-03-2016,32.94
15-03-2016,32.47
16-03-2016,33.12
17-03-2016,33.85
18-03-2016,34.0285
21-03-2016,34.1
22-03-2016,34.02
23-03-2016,33.44
24-03-2016,33.36
28-03-2016,33.47
29-03-2016,33.93
30-03-2016,34.28
31-03-2016,34.25
01-04-2016,34.15
04-04-2016,33.74
05-04-2016,33.08
06-04-2016,33.48
07-04-2016,32.81
08-04-2016,33.38
11-04-2016,33.81
12-04-2016,34.33
13-04-2016,34.94
14-04-2016,34.77
15-04-2016,34.57
18-04-2016,34.73
19-04-2016,35.26
20-04-2016,35.1
21-04-2016,34.75
22-04-2016,34.54
25-04-2016,34.3192
26-04-2016,34.69
27-04-2016,34.9
28-04-2016,34.54
29-04-2016,34.39
02-05-2016,34.295
03-05-2016,33.33
04-05-2016,32.79
05-05-2016,32.78
06-05-2016,32.83
09-05-2016,32.41
10-05-2016,33.03
11-05-2016,32.95
12-05-2016,32.86
13-05-2016,32.27
16-05-2016,32.66
17-05-2016,32.51
18-05-2016,32.19
19-05-2016,31.89
20-05-2016,32.21
23-05-2016,32.15
24-05-2016,32.48
25-05-2016,32.87
26-05-2016,33.09
27-05-2016,33.08
31-05-2016,33.12
01-06-2016,33.1
02-06-2016,33.37
03-06-2016,33.88
06-06-2016,34.24
07-06-2016,34.55
08-06-2016,34.8
09-06-2016,34.4
10-06-2016,33.53
13-06-2016,33.06
14-06-2016,32.95
15-06-2016,33.3
16-06-2016,33.18
17-06-2016,33.27
20-06-2016,33.86
21-06-2016,34.12
22-06-2016,33.94
23-06-2016,34.76
24-06-2016,32.64
27-06-2016,32.23
28-06-2016,33.18
29-06-2016,34.02
30-06-2016,34.36
01-07-2016,34.69
05-07-2016,33.95
06-07-2016,33.86
07-07-2016,33.77
08-07-2016,34.5
11-07-2016,34.83
12-07-2016,35.32
13-07-2016,35.26
14-07-2016,35.77
15-07-2016,35.69
18-07-2016,36.005
19-07-2016,35.64
20-07-2016,35.82
21-07-2016,35.705
22-07-2016,35.97
25-07-2016,35.61
26-07-2016,35.89
27-07-2016,36.01
28-07-2016,36.02
29-07-2016,36.205
01-08-2016,36.14
02-08-2016,35.88
03-08-2016,36
04-08-2016,36.2
05-08-2016,36.62
08-08-2016,36.88
09-08-2016,37.13
10-08-2016,37.14
11-08-2016,37.62
12-08-2016,37.48
15-08-2016,37.87
16-08-2016,37.7
17-08-2016,37.46
18-08-2016,37.81
19-08-2016,37.6
22-08-2016,37.1
23-08-2016,36.95
24-08-2016,37.05
25-08-2016,37.08
26-08-2016,36.76
29-08-2016,37.04
30-08-2016,36.94
31-08-2016,36.53
01-09-2016,36.81
02-09-2016,37.41
06-09-2016,38.21
07-09-2016,38.09
08-09-2016,37.99
09-09-2016,36.71
12-09-2016,36.96
13-09-2016,36.03
14-09-2016,36.14
15-09-2016,36.76
16-09-2016,36.51
19-09-2016,36.8
20-09-2016,36.82
21-09-2016,37.85
22-09-2016,38.12
23-09-2016,37.63
26-09-2016,37.08
27-09-2016,37.61
28-09-2016,37.95
29-09-2016,37.29
30-09-2016,37.45
03-10-2016,37.71
04-10-2016,37.29
05-10-2016,37.83
06-10-2016,37.86
07-10-2016,37.69
10-10-2016,38.1
11-10-2016,37.22
12-10-2016,37.15
13-10-2016,36.82
14-10-2016,36.88
17-10-2016,36.84
18-10-2016,37.49
19-10-2016,37.72
20-10-2016,37.61
21-10-2016,37.6
24-10-2016,37.76
25-10-2016,37.8
26-10-2016,37.4
27-10-2016,37.08
28-10-2016,36.93
31-10-2016,37.14
01-11-2016,36.84
02-11-2016,36.4
03-11-2016,36.3
04-11-2016,35.93
07-11-2016,37.23
08-11-2016,37.47
09-11-2016,36.26
10-11-2016,35.22
11-11-2016,34.55
14-11-2016,34.3
15-11-2016,34.99
16-11-2016,34.7
17-11-2016,34.75
18-11-2016,34.59
21-11-2016,34.93
22-11-2016,35.46
23-11-2016,35.08
25-11-2016,35.25
28-11-2016,35.39
29-11-2016,35.44
30-11-2016,35.5
01-12-2016,35.08
02-12-2016,35.12
05-12-2016,35.41
06-12-2016,35.6
07-12-2016,36.2
08-12-2016,36.36
09-12-2016,36.17
12-12-2016,35.93
13-12-2016,36.33
14-12-2016,35.25
15-12-2016,35.31
16-12-2016,35.15
19-12-2016,34.91
20-12-2016,35.03
21-12-2016,34.49
22-12-2016,34.08
23-12-2016,34.28
27-12-2016,34.43
28-12-2016,34.69
29-12-2016,35.26
30-12-2016,35.01
03-01-2017,35.43
04-01-2017,35.7
05-01-2017,36.09
06-01-2017,35.94
09-01-2017,35.91
10-01-2017,36.12
11-01-2017,36.55
12-01-2017,36.71
13-01-2017,36.68
17-01-2017,36.66
18-01-2017,36.46
19-01-2017,36.35
20-01-2017,36.42
23-01-2017,36.96
24-01-2017,37.19
25-01-2017,37.6
26-01-2017,37.44
27-01-2017,37.47
30-01-2017,37.27
31-01-2017,37.34
01-02-2017,37.36
02-02-2017,37.52
03-02-2017,37.75
06-02-2017,37.66
07-02-2017,37.47
08-02-2017,37.7
09-02-2017,37.87
10-02-2017,38.22
13-02-2017,38.34
14-02-2017,38.38
15-02-2017,38.69
16-02-2017,38.55
17-02-2017,38.39
21-02-2017,38.81
22-02-2017,38.93
23-02-2017,38.94
24-02-2017,38.48
27-02-2017,38.36
28-02-2017,37.99
01-03-2017,38.58
02-03-2017,37.9
03-03-2017,38.19
06-03-2017,38.21
07-03-2017,38.25
08-03-2017,37.89
09-03-2017,37.59
10-03-2017,38.01
13-03-2017,38.54
14-03-2017,38.32
15-03-2017,39.32
16-03-2017,39.56
17-03-2017,39.49
20-03-2017,39.985
21-03-2017,39.51
22-03-2017,39.7
23-03-2017,39.71
24-03-2017,39.81
27-03-2017,39.7
28-03-2017,39.81
29-03-2017,39.88
30-03-2017,39.67
31-03-2017,39.39
03-04-2017,39.61
04-04-2017,39.63
05-04-2017,39.51
06-04-2017,39.44
07-04-2017,39.37
10-04-2017,39.21
11-04-2017,39.12
12-04-2017,39.31
13-04-2017,39.14
17-04-2017,39.55
18-04-2017,39.05
19-04-2017,38.81
20-04-2017,39.29
21-04-2017,39.29
24-04-2017,39.85
25-04-2017,40.2
26-04-2017,40.05
27-04-2017,40
28-04-2017,40.06
01-05-2017,40.29
02-05-2017,40.58
03-05-2017,40.31
04-05-2017,39.86
05-05-2017,40.19
08-05-2017,40.18
09-05-2017,40.69
10-05-2017,40.96
11-05-2017,41.05
12-05-2017,41.22
15-05-2017,41.64
16-05-2017,41.68
17-05-2017,40.97
18-05-2017,40.29
19-05-2017,41.15
22-05-2017,41.19
23-05-2017,41.23
24-05-2017,41.39
25-05-2017,41.59
26-05-2017,41.74
30-05-2017,41.52
31-05-2017,41.2
01-06-2017,41.55
02-06-2017,41.76
05-06-2017,41.71
06-06-2017,41.73
07-06-2017,41.68
08-06-2017,41.93
09-06-2017,41.61
12-06-2017,41.39
13-06-2017,41.59
14-06-2017,41.58
15-06-2017,41.15
16-06-2017,41.22
19-06-2017,41.63
20-06-2017,40.98
21-06-2017,41.07
22-06-2017,41.28
23-06-2017,41.5
26-06-2017,41.9
27-06-2017,41.41
28-06-2017,41.73
29-06-2017,41.2
30-06-2017,41.39
03-07-2017,41.63
05-07-2017,41.55
06-07-2017,41.05
07-07-2017,41.13
10-07-2017,41.52
11-07-2017,41.86
12-07-2017,42.67
13-07-2017,42.88
14-07-2017,43.42
17-07-2017,43.22
18-07-2017,43.35
19-07-2017,43.71
20-07-2017,43.66
21-07-2017,43.63
24-07-2017,43.76
25-07-2017,43.65
26-07-2017,44.01
27-07-2017,43.77
28-07-2017,43.75
31-07-2017,43.8
01-08-2017,43.93
02-08-2017,43.97
03-08-2017,43.79
04-08-2017,43.95
07-08-2017,44.25
08-08-2017,44.26
09-08-2017,43.86
10-08-2017,42.82
11-08-2017,42.92
14-08-2017,43.36
15-08-2017,43.41
16-08-2017,43.86
17-08-2017,43.3
18-08-2017,43.67
21-08-2017,43.83
22-08-2017,44.32
23-08-2017,44.53
24-08-2017,44.67
25-08-2017,44.93
28-08-2017,44.77
29-08-2017,44.69
30-08-2017,44.76
31-08-2017,44.83
01-09-2017,45.16
05-09-2017,44.57
06-09-2017,44.86
07-09-2017,45.19
08-09-2017,44.89
11-09-2017,45.49
12-09-2017,45.44
13-09-2017,45.2
14-09-2017,45.32
15-09-2017,45.59
18-09-2017,45.75
19-09-2017,45.85
20-09-2017,45.64
21-09-2017,45.64
22-09-2017,45.38
25-09-2017,44.61
26-09-2017,44.49
27-09-2017,44.33
28-09-2017,44.3
29-09-2017,44.81
02-10-2017,44.82
03-10-2017,45.53
04-10-2017,45.52
05-10-2017,45.86
06-10-2017,45.63
09-10-2017,45.6
10-10-2017,46.05
11-10-2017,46.26
12-10-2017,46.24
13-10-2017,46.66
16-10-2017,46.63
17-10-2017,46.39
18-10-2017,46.5
19-10-2017,46.09
20-10-2017,46.26
23-10-2017,45.89
24-10-2017,45.89
25-10-2017,45.79
26-10-2017,45.48
27-10-2017,46.14
30-10-2017,45.85
31-10-2017,46.28
01-11-2017,46.52
02-11-2017,46.58
03-11-2017,46.34
06-11-2017,46.86
07-11-2017,46.56
08-11-2017,46.78
09-11-2017,46.49
10-11-2017,46.29
13-11-2017,46.19
14-11-2017,45.88
15-11-2017,45.64
16-11-2017,46.59
17-11-2017,46.82
20-11-2017,47.06
21-11-2017,47.69
22-11-2017,47.81
24-11-2017,47.71
27-11-2017,47.01
28-11-2017,47.36
29-11-2017,46.61
30-11-2017,46.1
01-12-2017,45.84
04-12-2017,45.93
05-12-2017,45.9
06-12-2017,45.28
07-12-2017,45.41
08-12-2017,45.94
11-12-2017,46.17
12-12-2017,45.86
13-12-2017,46.41
14-12-2017,46.07
15-12-2017,46.17
18-12-2017,46.69
19-12-2017,45.75
20-12-2017,45.81
21-12-2017,46.11
22-12-2017,46.5
26-12-2017,46.46
27-12-2017,46.58
28-12-2017,46.9
29-12-2017,47.12
02-01-2018,48.01
03-01-2018,48.47
04-01-2018,48.71
05-01-2018,49.13
08-01-2018,49.13
09-01-2018,49.05
10-01-2018,48.74
11-01-2018,49.04
12-01-2018,49.51
16-01-2018,49.32
17-01-2018,49.97
18-01-2018,50.03
19-01-2018,50.44
22-01-2018,50.73
23-01-2018,50.97
24-01-2018,51.4
25-01-2018,51.37
26-01-2018,52.08
29-01-2018,51.29
30-01-2018,50.59
31-01-2018,51.03
01-02-2018,50.34
02-02-2018,49.05
05-02-2018,47.33
06-02-2018,48.87
07-02-2018,47.33
08-02-2018,45.69
09-02-2018,46.42
12-02-2018,47.15
13-02-2018,47.51
14-02-2018,48.7
15-02-2018,49.7
16-02-2018,49.54
20-02-2018,48.86
21-02-2018,48.82
22-02-2018,48.85
23-02-2018,49.72
26-02-2018,50.18
27-02-2018,48.72
28-02-2018,48.02
01-03-2018,47.93
02-03-2018,48.13
05-03-2018,48.2
06-03-2018,48.65
07-03-2018,48.7
08-03-2018,48.71
09-03-2018,49.75
12-03-2018,49.87
13-03-2018,49.42
14-03-2018,49.5
15-03-2018,49.32
16-03-2018,49.21
19-03-2018,48.68
20-03-2018,49.22
21-03-2018,49.51
22-03-2018,47.86
23-03-2018,46.89
26-03-2018,48.41
27-03-2018,47.53
28-03-2018,47.29
29-03-2018,48.28
02-04-2018,47.41
03-04-2018,47.88
04-04-2018,47.9
05-04-2018,48.02
06-04-2018,47.08
09-04-2018,47.13
10-04-2018,48.05
11-04-2018,48.07
12-04-2018,48.05
13-04-2018,47.57
16-04-2018,47.63
17-04-2018,47.73
18-04-2018,48.14
19-04-2018,47.86
20-04-2018,47.26
23-04-2018,46.88
24-04-2018,46.66
25-04-2018,46.3
26-04-2018,46.97
27-04-2018,47.26
30-04-2018,46.92
01-05-2018,46.69
02-05-2018,46.32
03-05-2018,46.22
04-05-2018,46.43
07-05-2018,46.16
08-05-2018,46.42
09-05-2018,46.51
10-05-2018,47.48
11-05-2018,47.4
14-05-2018,47.46
15-05-2018,46.48
16-05-2018,47.18
17-05-2018,46.46
18-05-2018,46.07
21-05-2018,46.35
22-05-2018,46.51
23-05-2018,46.49
24-05-2018,46.24
25-05-2018,46.43
29-05-2018,45.35
30-05-2018,45.71
31-05-2018,45.69
01-06-2018,46.33
04-06-2018,46.8
05-06-2018,46.44
06-06-2018,47.14
07-06-2018,46.42
08-06-2018,46.33
11-06-2018,46.33
12-06-2018,46.21
13-06-2018,45.9
14-06-2018,45.59
15-06-2018,45.23
18-06-2018,44.68
19-06-2018,43.9
20-06-2018,44.09
21-06-2018,43.47
22-06-2018,43.92
25-06-2018,43.33
26-06-2018,43.16
27-06-2018,42.33
28-06-2018,42.69
29-06-2018,43.33
02-07-2018,42.9
03-07-2018,42.93
05-07-2018,42.82
06-07-2018,43.41
09-07-2018,44.19
10-07-2018,44.09
11-07-2018,43.23
12-07-2018,43.82
13-07-2018,43.85
16-07-2018,43.61
17-07-2018,43.93
18-07-2018,43.88
19-07-2018,43.34
20-07-2018,43.96
23-07-2018,43.67
24-07-2018,44.31
25-07-2018,45.03
26-07-2018,44.53
27-07-2018,44.69
30-07-2018,44.62
31-07-2018,44.86
01-08-2018,44.46
02-08-2018,43.87
03-08-2018,44.21
06-08-2018,43.87
07-08-2018,44.32
08-08-2018,44.26
09-08-2018,44.13
10-08-2018,43.19
13-08-2018,42.48
14-08-2018,42.74
15-08-2018,41.51
16-08-2018,41.77
17-08-2018,42.21
20-08-2018,42.4
21-08-2018,42.94
22-08-2018,43.28
23-08-2018,42.58
24-08-2018,43.37
27-08-2018,43.99
28-08-2018,43.83
29-08-2018,44.1
30-08-2018,42.95
31-08-2018,43.17
04-09-2018,42.33
05-09-2018,41.72
06-09-2018,41.76
07-09-2018,41.55
10-09-2018,41.14
11-09-2018,41.23
12-09-2018,41.44
13-09-2018,42
14-09-2018,41.96
17-09-2018,41.58
18-09-2018,41.98
19-09-2018,42.56
20-09-2018,43.03
21-09-2018,43.23
24-09-2018,42.74
25-09-2018,42.91
26-09-2018,43
27-09-2018,43.21
28-09-2018,42.92
01-10-2018,42.93
02-10-2018,42.39
03-10-2018,42.04
04-10-2018,40.99
05-10-2018,40.84
08-10-2018,40.9
09-10-2018,40.75
10-10-2018,39.54
11-10-2018,39.14
12-10-2018,40.29
15-10-2018,39.86
16-10-2018,40.86
17-10-2018,40.36
18-10-2018,39.3
19-10-2018,39.67
22-10-2018,40.1
23-10-2018,39.66
24-10-2018,38.38
25-10-2018,39.12
26-10-2018,38.67
29-10-2018,38
30-10-2018,38.74
31-10-2018,39.16
01-11-2018,40.56
02-11-2018,40.82
05-11-2018,40.93
06-11-2018,40.86
07-11-2018,41.63
08-11-2018,40.55
09-11-2018,39.8
12-11-2018,39.24
13-11-2018,39.69
14-11-2018,39.93
15-11-2018,40.82
16-11-2018,40.9
19-11-2018,40.35
20-11-2018,39.48
21-11-2018,40.21
23-11-2018,39.74
26-11-2018,40.23
27-11-2018,40.51
28-11-2018,41.48
29-11-2018,41.12
30-11-2018,41.08
03-12-2018,41.91
04-12-2018,41.02
06-12-2018,40.64
07-12-2018,39.88
10-12-2018,39.46
11-12-2018,39.76
12-12-2018,40.41
13-12-2018,40.4
14-12-2018,39.83
17-12-2018,39.46
18-12-2018,39.14
19-12-2018,38.49
20-12-2018,38.79
21-12-2018,38.52
24-12-2018,38.16
26-12-2018,38.92
27-12-2018,38.87
28-12-2018,39.24
31-12-2018,39.06
02-01-2019,39.16
03-01-2019,38.45
04-01-2019,39.69
07-01-2019,39.78
08-01-2019,39.93
09-01-2019,40.64
10-01-2019,40.93
11-01-2019,40.73
14-01-2019,40.39
15-01-2019,40.67
16-01-2019,41.17
17-01-2019,41.35
18-01-2019,41.55
22-01-2019,40.83
23-01-2019,41.25
24-01-2019,41.65
25-01-2019,42.2
28-01-2019,41.76
29-01-2019,41.83
30-01-2019,42.74
31-01-2019,43.1
01-02-2019,42.76
04-02-2019,42.83
05-02-2019,43.42
06-02-2019,42.83
07-02-2019,42.4
08-02-2019,42.16
11-02-2019,42.02
12-02-2019,42.37
13-02-2019,42.07
14-02-2019,42.15
15-02-2019,42.09
19-02-2019,42.42
20-02-2019,42.66
21-02-2019,42.57
22-02-2019,43.04
25-02-2019,43.52
26-02-2019,43.37
27-02-2019,43
28-02-2019,42.44
01-03-2019,42.49
04-03-2019,42.55
05-03-2019,42.97
06-03-2019,42.73
07-03-2019,41.94
08-03-2019,41.64
11-03-2019,42.42
12-03-2019,42.64
13-03-2019,42.69
14-03-2019,42.46
15-03-2019,43.08
18-03-2019,43.56
19-03-2019,43.58
20-03-2019,43.65
21-03-2019,43.71
22-03-2019,42.43
25-03-2019,42.53
26-03-2019,42.66
27-03-2019,42.2
28-03-2019,42.48
29-03-2019,42.92
01-04-2019,43.63
02-04-2019,43.49
03-04-2019,43.79
04-04-2019,44.06
05-04-2019,44.4
08-04-2019,44.4
09-04-2019,44.31
10-04-2019,44.52
11-04-2019,44.04
12-04-2019,44.36
15-04-2019,44.13
16-04-2019,44.46
17-04-2019,44.59
18-04-2019,44.56
22-04-2019,44.27
23-04-2019,44.37
24-04-2019,43.77
25-04-2019,43.71
26-04-2019,43.88
29-04-2019,43.97
30-04-2019,43.93
01-05-2019,43.6
02-05-2019,43.7
03-05-2019,44.22
06-05-2019,43.31
07-05-2019,42.46
08-05-2019,42.4
09-05-2019,41.73
10-05-2019,41.98
13-05-2019,40.58
14-05-2019,41.15
15-05-2019,41.23
16-05-2019,41.03
17-05-2019,40.29
20-05-2019,40.12
21-05-2019,40.63
22-05-2019,40.43
23-05-2019,39.91
24-05-2019,39.95
28-05-2019,40.09
29-05-2019,40.35
30-05-2019,40.57
31-05-2019,40.71
03-06-2019,41.08
04-06-2019,41.17
05-06-2019,40.84
06-06-2019,40.86
07-06-2019,41.18
10-06-2019,41.61
11-06-2019,42.08
12-06-2019,41.63
13-06-2019,41.56
14-06-2019,41.1
17-06-2019,40.95
18-06-2019,41.94
19-06-2019,42.29
20-06-2019,42.91
21-06-2019,42.77
24-06-2019,42.71
25-06-2019,42.27
26-06-2019,42.67
27-06-2019,42.97
28-06-2019,42.91
01-07-2019,43.42
02-07-2019,43.31
03-07-2019,43.23
05-07-2019,42.93
08-07-2019,42.67
09-07-2019,42.54
10-07-2019,42.9
11-07-2019,42.82
12-07-2019,42.85
15-07-2019,43.01
16-07-2019,42.95
17-07-2019,42.82
18-07-2019,43.08
19-07-2019,42.86
22-07-2019,42.87
23-07-2019,42.92
24-07-2019,42.99
25-07-2019,42.61
26-07-2019,42.7
29-07-2019,42.62
30-07-2019,42.29
31-07-2019,41.77
01-08-2019,40.95
02-08-2019,40.55
05-08-2019,39.05
06-08-2019,39.61
07-08-2019,39.79
08-08-2019,40.28
09-08-2019,39.87
12-08-2019,39.39
13-08-2019,39.89
14-08-2019,38.74
15-08-2019,39
16-08-2019,39.54
19-08-2019,39.7
20-08-2019,39.78
21-08-2019,40.16
22-08-2019,39.64
23-08-2019,39.05
26-08-2019,39.26
27-08-2019,39.33
28-08-2019,39.44
29-08-2019,39.88
30-08-2019,40.19
03-09-2019,39.94
04-09-2019,40.61
05-09-2019,41.07
06-09-2019,41.25
09-09-2019,41.38
10-09-2019,41.41
11-09-2019,41.7
12-09-2019,42
13-09-2019,42.24
16-09-2019,41.91
17-09-2019,41.91
18-09-2019,41.74
19-09-2019,41.57
20-09-2019,41.61
23-09-2019,41.65
24-09-2019,41.21
25-09-2019,41.18
26-09-2019,41.17
27-09-2019,40.64
30-09-2019,40.87
01-10-2019,40.58
02-10-2019,40.27
03-10-2019,40.79
04-10-2019,40.97
07-10-2019,40.63
08-10-2019,40.34
09-10-2019,40.65
10-10-2019,41.07
11-10-2019,41.73
14-10-2019,41.55
15-10-2019,41.92
16-10-2019,42.04
17-10-2019,42.2
18-10-2019,41.98
21-10-2019,42.36
22-10-2019,42.39
23-10-2019,42.4
24-10-2019,42.4
25-10-2019,42.7
28-10-2019,42.95
29-10-2019,42.73
30-10-2019,42.92
31-10-2019,42.58
01-11-2019,43.22
04-11-2019,43.65
05-11-2019,43.9
06-11-2019,43.76
07-11-2019,44.08
08-11-2019,43.68
11-11-2019,43.37
12-11-2019,43.09
13-11-2019,42.76
14-11-2019,42.79
15-11-2019,43.13
18-11-2019,43.06
19-11-2019,43.15
20-11-2019,42.96
21-11-2019,42.87
22-11-2019,42.87
25-11-2019,43.3
26-11-2019,43.17
27-11-2019,43.22
29-11-2019,42.54
02-12-2019,42.53
03-12-2019,42.31
04-12-2019,42.63
05-12-2019,42.82
06-12-2019,43.07
09-12-2019,42.9
10-12-2019,43.05
11-12-2019,43.68
12-12-2019,44.44
13-12-2019,44.42
16-12-2019,43.86
17-12-2019,44.26
18-12-2019,44.5
19-12-2019,44.52
20-12-2019,44.61
23-12-2019,44.67
24-12-2019,44.57
26-12-2019,44.89
27-12-2019,45.07
30-12-2019,44.77
31-12-2019,44.87
02-01-2020,45.78
03-01-2020,44.93
06-01-2020,44.82
07-01-2020,44.79
08-01-2020,45.05
09-01-2020,45.35
10-01-2020,45.59
13-01-2020,46.3
14-01-2020,46.04
15-01-2020,45.68
16-01-2020,45.97
17-01-2020,46.23
21-01-2020,45.06
22-01-2020,45.43
23-01-2020,44.96
24-01-2020,44.6
27-01-2020,43.06
28-01-2020,43.42
29-01-2020,43.63
30-01-2020,42.98
31-01-2020,42.11
03-02-2020,42.58
04-02-2020,43.68
05-02-2020,43.93
06-02-2020,43.97
07-02-2020,43.36
10-02-2020,43.6
11-02-2020,44.17
12-02-2020,44.77
13-02-2020,44.18
14-02-2020,44.2
18-02-2020,43.91
19-02-2020,44.23
20-02-2020,43.54
21-02-2020,43.29
24-02-2020,41.67
25-02-2020,41.34
26-02-2020,41.67
27-02-2020,40.67
28-02-2020,40.52
02-03-2020,41.4
03-03-2020,41.12
04-03-2020,41.85
05-03-2020,40.97
06-03-2020,40.13
09-03-2020,37.39
10-03-2020,39.29
11-03-2020,37.46
12-03-2020,33.71
13-03-2020,36.14
16-03-2020,31.63
17-03-2020,33.81
18-03-2020,30.89
19-03-2020,31.13
20-03-2020,31.36
23-03-2020,30.61
24-03-2020,32.91
25-03-2020,34.07
26-03-2020,35.36
27-03-2020,33.35
30-03-2020,33.9
31-03-2020,34.13
01-04-2020,32.67
02-04-2020,33.77
03-04-2020,33.13
06-04-2020,34.94
07-04-2020,35.12
08-04-2020,35.48
09-04-2020,35.35
13-04-2020,35.4
14-04-2020,36.21
15-04-2020,35.28
16-04-2020,35.47
17-04-2020,36.26
20-04-2020,35.8
21-04-2020,34.81
22-04-2020,35.76
23-04-2020,35.63
24-04-2020,35.58
27-04-2020,36.3
28-04-2020,36.37
29-04-2020,37.43
30-04-2020,36.64
01-05-2020,35.32
04-05-2020,35.7
05-05-2020,35.9
06-05-2020,35.79
07-05-2020,36.08
08-05-2020,36.84
11-05-2020,36.6
12-05-2020,36.46
13-05-2020,36.39
14-05-2020,36.53
15-05-2020,36.03
18-05-2020,37.44
19-05-2020,37.14
20-05-2020,37.63
21-05-2020,37.2
22-05-2020,36.43
26-05-2020,37.23
27-05-2020,37.35
28-05-2020,37.09
29-05-2020,37.73
01-06-2020,38.6
02-06-2020,39.52
03-06-2020,40.44
04-06-2020,39.87
05-06-2020,40.92
08-06-2020,41.17
09-06-2020,40.89
10-06-2020,41.19
11-06-2020,39.04
12-06-2020,39.87
15-06-2020,39.28
16-06-2020,39.53
17-06-2020,39.91
18-06-2020,39.93
19-06-2020,39.92
22-06-2020,40.41
23-06-2020,40.8
24-06-2020,40.26
25-06-2020,40.43
26-06-2020,39.94
29-06-2020,40.12
30-06-2020,39.99
01-07-2020,40.44
02-07-2020,41.36
06-07-2020,43.14
07-07-2020,42.42
08-07-2020,43.52
09-07-2020,43.52
10-07-2020,43.24
13-07-2020,42.95
14-07-2020,43.01
15-07-2020,43.14
16-07-2020,42.53
17-07-2020,42.77
20-07-2020,43.32
21-07-2020,43.72
22-07-2020,43.53
23-07-2020,43.18
24-07-2020,43.14
27-07-2020,43.81
28-07-2020,43.45
29-07-2020,44.15
30-07-2020,43.59
31-07-2020,43.29
03-08-2020,43.59
04-08-2020,44.17
05-08-2020,44.65
06-08-2020,44.79
07-08-2020,43.87
10-08-2020,43.98
11-08-2020,43.86
12-08-2020,44.45
13-08-2020,44.32
14-08-2020,44.24
17-08-2020,44.8
18-08-2020,44.75
19-08-2020,44.2
20-08-2020,44.06
21-08-2020,44.28
24-08-2020,44.77
25-08-2020,45.22
26-08-2020,45.34
27-08-2020,44.96
28-08-2020,45.55
31-08-2020,44.54
01-09-2020,45.3
02-09-2020,45.18
03-09-2020,44.32
04-09-2020,44.34
08-09-2020,43.57
09-09-2020,44.22
10-09-2020,43.51
11-09-2020,43.93
14-09-2020,44.64
15-09-2020,45.11
16-09-2020,45.05
17-09-2020,44.87
18-09-2020,44.52
21-09-2020,44.11
22-09-2020,43.78
23-09-2020,43.1
24-09-2020,42.9
25-09-2020,42.94
28-09-2020,43.42
29-09-2020,43.39
30-09-2020,44.09
01-10-2020,44.5
02-10-2020,43.99
05-10-2020,44.58
06-10-2020,44.66
07-10-2020,45.15
08-10-2020,45.52
09-10-2020,45.83
12-10-2020,46.23
13-10-2020,46.04
14-10-2020,45.73
15-10-2020,45.4
16-10-2020,45.56
19-10-2020,45.43
20-10-2020,45.93
21-10-2020,46.06
22-10-2020,46.05
23-10-2020,46.32
26-10-2020,45.72
27-10-2020,45.92
28-10-2020,44.77
29-10-2020,45.22
30-10-2020,44.71
02-11-2020,45.28
03-11-2020,45.48
04-11-2020,46.91
05-11-2020,47.71
06-11-2020,47.93
09-11-2020,48.26
10-11-2020,47.71
11-11-2020,48.02
12-11-2020,47.66
13-11-2020,48.33
16-11-2020,48.93
17-11-2020,48.88
18-11-2020,48.71
19-11-2020,48.79
20-11-2020,49.06
23-11-2020,49.19
24-11-2020,49.85
25-11-2020,49.57
27-11-2020,50.04
30-11-2020,48.73
01-12-2020,49.69
02-12-2020,49.76
03-12-2020,50.33
04-12-2020,50.85
07-12-2020,50.85
08-12-2020,50.87
09-12-2020,50.43
10-12-2020,51.08
11-12-2020,50.72
14-12-2020,49.94
15-12-2020,50.48
16-12-2020,50.72
17-12-2020,51.05
18-12-2020,50.99
21-12-2020,50.24
22-12-2020,49.84
23-12-2020,50.35
24-12-2020,50.13
28-12-2020,50.27
29-12-2020,51.02
30-12-2020,51.7
31-12-2020,51.67
04-01-2021,52
05-01-2021,53.25
06-01-2021,52.8
07-01-2021,53.3
08-01-2021,54.71
11-01-2021,53.97
12-01-2021,54.5
13-01-2021,54.62
14-01-2021,55.13
15-01-2021,54.35
19-01-2021,55.25
20-01-2021,56.22
21-01-2021,56.32
22-01-2021,55.83
25-01-2021,56.25
26-01-2021,55.84
27-01-2021,54.29
28-01-2021,54.67
29-01-2021,53.31
01-02-2021,54.75
02-02-2021,55.46
03-02-2021,55.74
04-02-2021,55.76
05-02-2021,56.24
08-02-2021,56.34
09-02-2021,56.94
10-02-2021,57.14
11-02-2021,57.75
12-02-2021,57.8
16-02-2021,57.94
17-02-2021,57.96
18-02-2021,57.16
19-02-2021,57.53
22-02-2021,55.84
23-02-2021,56.09
24-02-2021,55.73
25-02-2021,54.46
26-02-2021,53.73
01-03-2021,55.17
02-03-2021,54.63
03-03-2021,54.52
04-03-2021,53.25
05-03-2021,53.83
08-03-2021,52.38
09-03-2021,53.53
10-03-2021,53.29
11-03-2021,54.97
12-03-2021,53.99
15-03-2021,54.12
16-03-2021,54.35
17-03-2021,54.42
18-03-2021,53.42
19-03-2021,54.08
22-03-2021,53.92
23-03-2021,52.89
24-03-2021,51.68
25-03-2021,51.92
26-03-2021,53.27
29-03-2021,52.9
30-03-2021,53.07
31-03-2021,53.34
01-04-2021,53.86
05-04-2021,54.07
06-04-2021,54.37
07-04-2021,53.57
08-04-2021,54.01
09-04-2021,53.55
12-04-2021,53.23
13-04-2021,53.45
14-04-2021,53.72
15-04-2021,54.21
16-04-2021,54.35
19-04-2021,54.15
20-04-2021,53.71
21-04-2021,54.04
22-04-2021,53.85
23-04-2021,54.63
26-04-2021,54.7
27-04-2021,54.67
28-04-2021,55.08
29-04-2021,54.95
30-04-2021,53.98
03-05-2021,53.98
04-05-2021,53.37
05-05-2021,53.62
06-05-2021,54.13
07-05-2021,54.69
10-05-2021,53.71
11-05-2021,53.56
12-05-2021,52.08
13-05-2021,52.01
14-05-2021,52.95
17-05-2021,52.9
18-05-2021,53.61
19-05-2021,53.45
20-05-2021,53.76
21-05-2021,53.14
24-05-2021,53.58
25-05-2021,54.11
26-05-2021,54.51
27-05-2021,54.52
28-05-2021,54.87
01-06-2021,56
02-06-2021,56.09
03-06-2021,55.49
04-06-2021,55.99
07-06-2021,55.71
08-06-2021,55.44
09-06-2021,55.28
10-06-2021,55.48
11-06-2021,55.29
14-06-2021,55.44
15-06-2021,55.06
16-06-2021,54.31
17-06-2021,54.61
18-06-2021,54.23
21-06-2021,54.46
22-06-2021,54.21
23-06-2021,54.54
24-06-2021,55.04
25-06-2021,55.5
28-06-2021,55.55
29-06-2021,55.51
30-06-2021,55.15
01-07-2021,54.84
02-07-2021,54.78
06-07-2021,53.82
07-07-2021,53.76
08-07-2021,52.64
09-07-2021,53.55
12-07-2021,53.6
13-07-2021,53.65
14-07-2021,53.88
15-07-2021,54.01
16-07-2021,53.59
19-07-2021,52.69
20-07-2021,52.86
21-07-2021,53.2
22-07-2021,53.3
23-07-2021,52.51
26-07-2021,51.51
27-07-2021,50.47
28-07-2021,51.84
29-07-2021,52.1
30-07-2021,51.6
02-08-2021,51.97
03-08-2021,52.19
04-08-2021,52.46
05-08-2021,52.38
06-08-2021,51.94
09-08-2021,52.11
10-08-2021,52.18
11-08-2021,52.32
12-08-2021,51.86
13-08-2021,51.73
16-08-2021,51.26
17-08-2021,50.32
18-08-2021,50.4
19-08-2021,49.54
20-08-2021,49.5
23-08-2021,50.25
24-08-2021,51.39
25-08-2021,51.45
26-08-2021,50.96
27-08-2021,51.59
30-08-2021,51.7
31-08-2021,52.41
01-09-2021,53.08
02-09-2021,52.84
03-09-2021,53.12
07-09-2021,53.43
08-09-2021,52.65
09-09-2021,52.55
10-09-2021,52.49
13-09-2021,52.63
14-09-2021,52.19
15-09-2021,52.18
16-09-2021,51.59
17-09-2021,51.37
20-09-2021,49.99
21-09-2021,50.36
22-09-2021,50.99
23-09-2021,51.39
24-09-2021,50.78
27-09-2021,51.11
28-09-2021,50.45
29-09-2021,49.98
30-09-2021,50.38
01-10-2021,50.33
04-10-2021,49.59
05-10-2021,49.94
06-10-2021,49.66
07-10-2021,50.63
08-10-2021,50.82
11-10-2021,50.72
12-10-2021,50.46
13-10-2021,51.16
14-10-2021,51.32
15-10-2021,51.94
18-10-2021,51.81
19-10-2021,52.5
20-10-2021,52.49
21-10-2021,52.15
22-10-2021,52.04
25-10-2021,52.31
26-10-2021,52.04
27-10-2021,51.62
28-10-2021,51.67
29-10-2021,50.92
01-11-2021,51.32
02-11-2021,50.86
03-11-2021,51.1
04-11-2021,50.98
05-11-2021,50.92
08-11-2021,51.39
09-11-2021,51.19
10-11-2021,50.98
11-11-2021,51.86
12-11-2021,52
15-11-2021,51.83
16-11-2021,51.9
17-11-2021,51.63
18-11-2021,51
19-11-2021,50.92
22-11-2021,50.51
23-11-2021,50.46
24-11-2021,50.39
26-11-2021,48.7
29-11-2021,48.89
30-11-2021,48.84
01-12-2021,49.02
02-12-2021,49.62
03-12-2021,48.92
06-12-2021,49.3
07-12-2021,50.08
08-12-2021,50.28
09-12-2021,50.04
10-12-2021,50.08
13-12-2021,48.59
14-12-2021,48.48
15-12-2021,48.34
16-12-2021,48.4
17-12-2021,48.16
20-12-2021,47.44
21-12-2021,48.24
22-12-2021,48.47
23-12-2021,48.72
27-12-2021,48.94
28-12-2021,48.78
29-12-2021,48.56
30-12-2021,49.09
31-12-2021,48.85
03-01-2022,49.2
04-01-2022,49.03
05-01-2022,48.23
06-01-2022,48.45
07-01-2022,48.89
10-01-2022,48.89
11-01-2022,50.02
12-01-2022,50.85
13-01-2022,50.13
14-01-2022,50.11
18-01-2022,49.22
19-01-2022,49.43
20-01-2022,49.72
21-01-2022,49
24-01-2022,48.31
25-01-2022,48.22
26-01-2022,47.61
27-01-2022,47.06
28-01-2022,47.29
31-01-2022,48.84
01-02-2022,49.14
02-02-2022,49.06
03-02-2022,48.54
04-02-2022,48.66
07-02-2022,48.56
08-02-2022,49.03
09-02-2022,49.8
10-02-2022,49.47
11-02-2022,48.72
14-02-2022,48.38
15-02-2022,49.43
16-02-2022,49.79
17-02-2022,49.21
18-02-2022,48.72
22-02-2022,48.03
23-02-2022,47.47
24-02-2022,46.49
25-02-2022,47.35
28-02-2022,46.73
01-03-2022,46.11
02-03-2022,46.19
03-03-2022,45.54
04-03-2022,44.62
07-03-2022,42.95
08-03-2022,43.09
09-03-2022,44.31
10-03-2022,43.48
11-03-2022,42.57
14-03-2022,41.54
15-03-2022,41.6
16-03-2022,44.95
17-03-2022,44.72
18-03-2022,45.36
21-03-2022,44.66
22-03-2022,45.47
23-03-2022,45.17
24-03-2022,45.41
25-03-2022,45.05
28-03-2022,45.2
29-03-2022,45.97
30-03-2022,45.84
31-03-2022,45.15
01-04-2022,45.9
04-04-2022,46.71
05-04-2022,45.85
06-04-2022,45.25
07-04-2022,44.89
08-04-2022,44.93
11-04-2022,44.37
12-04-2022,44.23
13-04-2022,44.81
14-04-2022,44.23
18-04-2022,44.08
19-04-2022,43.86
20-04-2022,43.6
21-04-2022,42.76
22-04-2022,42.38
25-04-2022,42.07
26-04-2022,41.15
27-04-2022,41.63
28-04-2022,42.23
29-04-2022,42.38
02-05-2022,42.32
03-05-2022,42.63
04-05-2022,43.09
05-05-2022,41.5
06-05-2022,40.93
09-05-2022,39.75
10-05-2022,39.94
11-05-2022,39.66
12-05-2022,39.4
13-05-2022,40.49
16-05-2022,40.33
17-05-2022,41.32
18-05-2022,40.33
19-05-2022,40.97
20-05-2022,41.14
23-05-2022,41.45
24-05-2022,40.73
25-05-2022,40.93
26-05-2022,41.57
27-05-2022,42.05
31-05-2022,42.64
01-06-2022,42.34
02-06-2022,43.07
03-06-2022,42.37
06-06-2022,42.6
07-06-2022,42.73
08-06-2022,42.96
09-06-2022,41.59
10-06-2022,41.13
13-06-2022,39.69
14-06-2022,40.24
15-06-2022,40.77
16-06-2022,39.52
17-06-2022,39.67
21-06-2022,40.31
22-06-2022,39.59
23-06-2022,39.71
24-06-2022,40.65
27-06-2022,40.7
28-06-2022,40.45
29-06-2022,40.29
30-06-2022,40.1
01-07-2022,39.85
05-07-2022,39.54
06-07-2022,39.3
07-07-2022,40.09
08-07-2022,40.09
11-07-2022,39.02
12-07-2022,38.87
13-07-2022,38.78
14-07-2022,38.43
15-07-2022,38.63
18-07-2022,38.9
19-07-2022,39.54
20-07-2022,39.37
21-07-2022,39.82
22-07-2022,39.42
25-07-2022,39.56
26-07-2022,39.25
27-07-2022,39.98
28-07-2022,40.15
29-07-2022,39.96
01-08-2022,39.62
02-08-2022,39.43
03-08-2022,39.74
04-08-2022,40.02
05-08-2022,40.06
08-08-2022,40.11
09-08-2022,39.96
10-08-2022,40.46
11-08-2022,40.62
12-08-2022,41.05
15-08-2022,40.86
16-08-2022,40.85
17-08-2022,40.68
18-08-2022,40.45
19-08-2022,39.9
22-08-2022,39.55
23-08-2022,39.76
24-08-2022,39.75
25-08-2022,40.61
26-08-2022,40.01
29-08-2022,39.76
30-08-2022,39.29
31-08-2022,39.43
01-09-2022,39.12
02-09-2022,38.76
06-09-2022,38.3
07-09-2022,38.64
08-09-2022,38.43
09-09-2022,39
12-09-2022,39.58
13-09-2022,38.36
14-09-2022,38.55
15-09-2022,38.14
16-09-2022,37.79
19-09-2022,37.91
20-09-2022,37.7
21-09-2022,37.07
22-09-2022,36.89
23-09-2022,35.98
26-09-2022,35.54
27-09-2022,35.5
28-09-2022,35.81
29-09-2022,35.01
30-09-2022,34.88
03-10-2022,35.45
04-10-2022,36.61
05-10-2022,36.63
06-10-2022,36.41
07-10-2022,35.65
10-10-2022,35.15
11-10-2022,34.59
12-10-2022,34.63
13-10-2022,34.73
14-10-2022,34.21
17-10-2022,35.15
18-10-2022,35.16
19-10-2022,34.52
20-10-2022,34.74
21-10-2022,35.27
24-10-2022,33.93
25-10-2022,34.21
26-10-2022,34.77
27-10-2022,34.5
28-10-2022,34.29
31-10-2022,34.19
01-11-2022,34.82
02-11-2022,34.53
03-11-2022,34.73
04-11-2022,36.2
07-11-2022,36.22
08-11-2022,36.48
09-11-2022,35.85
10-11-2022,37.15
11-11-2022,38.16
14-11-2022,37.93
15-11-2022,38.8
16-11-2022,38.18
17-11-2022,38.25
18-11-2022,38.03
21-11-2022,37.55
22-11-2022,37.64
23-11-2022,37.95
25-11-2022,37.77
28-11-2022,37.6
29-11-2022,38.41
30-11-2022,39.52
01-12-2022,39.39
02-12-2022,39.54
05-12-2022,39.09
06-12-2022,39.04
07-12-2022,38.81
08-12-2022,39.28
09-12-2022,39.02
12-12-2022,38.9
13-12-2022,38.59
14-12-2022,38.61
15-12-2022,37.72
16-12-2022,37.83
19-12-2022,37.86
20-12-2022,37.85
21-12-2022,38.19
22-12-2022,37.85
23-12-2022,37.8
27-12-2022,38.36
28-12-2022,37.8
29-12-2022,38.43
30-12-2022,37.9
03-01-2023,38.22
04-01-2023,39.37
05-01-2023,39.25
06-01-2023,40.07
09-01-2023,40.37
10-01-2023,40.66
11-01-2023,40.83
12-01-2023,41.03
13-01-2023,41.3
17-01-2023,41.07
18-01-2023,40.79
19-01-2023,41.1
20-01-2023,41.73
23-01-2023,42.03
24-01-2023,42.06
25-01-2023,42.1
26-01-2023,42.5
27-01-2023,42.3
30-01-2023,41.45
31-01-2023,41.36
01-02-2023,41.87
02-02-2023,41.62
03-02-2023,40.88
06-02-2023,40.28
07-02-2023,40.44
08-02-2023,40.39
09-02-2023,40.58
10-02-2023,40.19
13-02-2023,40.52
14-02-2023,40.45
15-02-2023,40.11
16-02-2023,40.12
17-02-2023,39.68
21-02-2023,39.18
22-02-2023,38.99
23-02-2023,39.18
24-02-2023,38.3
27-02-2023,38.5
28-02-2023,38.23
01-03-2023,39.05
02-03-2023,39.19
03-03-2023,39.54
06-03-2023,39.4
07-03-2023,38.74
08-03-2023,38.9
09-03-2023,38.04
10-03-2023,37.84
13-03-2023,37.9
14-03-2023,37.92
15-03-2023,37.27
16-03-2023,37.84
17-03-2023,37.61
20-03-2023,37.75
21-03-2023,38.09
22-03-2023,38.24
23-03-2023,38.77
24-03-2023,38.67
27-03-2023,38.46
28-03-2023,39.01
29-03-2023,39.12
30-03-2023,39.51
31-03-2023,39.46
03-04-2023,39.54
04-04-2023,39.54
05-04-2023,39.23
06-04-2023,39.39
10-04-2023,39.43
11-04-2023,39.67
12-04-2023,39.39
13-04-2023,39.93
14-04-2023,39.72
17-04-2023,39.89
18-04-2023,39.84
19-04-2023,39.44
20-04-2023,39.38
21-04-2023,39.01
24-04-2023,38.92
25-04-2023,38.19
26-04-2023,38.41
27-04-2023,38.93
28-04-2023,39.13
01-05-2023,39
02-05-2023,38.62
03-05-2023,38.56
04-05-2023,38.87
05-05-2023,39.39
08-05-2023,39.41
09-05-2023,39.17
10-05-2023,39.15
11-05-2023,39.01
12-05-2023,38.55
15-05-2023,39.26
16-05-2023,38.98
17-05-2023,39.16
18-05-2023,38.95
19-05-2023,38.98
22-05-2023,39.3
23-05-2023,38.69
24-05-2023,38.4
25-05-2023,38.32
26-05-2023,39
30-05-2023,38.55
31-05-2023,38.19
01-06-2023,38.87
02-06-2023,39.54
05-06-2023,39.53
06-06-2023,39.88
07-06-2023,39.4
08-06-2023,39.68
09-06-2023,39.86
12-06-2023,39.94
13-06-2023,40.34
14-06-2023,40.64
15-06-2023,41.02
16-06-2023,40.88
20-06-2023,40.08
21-06-2023,39.89
22-06-2023,39.75
23-06-2023,39.17
26-06-2023,39.3
27-06-2023,39.7
28-06-2023,39.46
29-06-2023,39.25
30-06-2023,39.56
03-07-2023,40
05-07-2023,39.76
06-07-2023,38.95
07-07-2023,39.39
10-07-2023,39.42
11-07-2023,39.82
12-07-2023,40.71
13-07-2023,41.24
14-07-2023,41.01
17-07-2023,41.06
18-07-2023,40.76
19-07-2023,40.68
20-07-2023,40.38
21-07-2023,40.32
24-07-2023,40.87
25-07-2023,41.21
26-07-2023,41.45
27-07-2023,40.94
28-07-2023,41.93
31-07-2023,41.95
01-08-2023,41.42
02-08-2023,40.43
03-08-2023,40.59
04-08-2023,40.54
07-08-2023,40.48
08-08-2023,39.99
09-08-2023,40.09
10-08-2023,40.15
11-08-2023,39.56
14-08-2023,39.37
15-08-2023,38.92
16-08-2023,38.57
17-08-2023,38.66
18-08-2023,38.4
21-08-2023,38.49
22-08-2023,38.41
23-08-2023,39.02
24-08-2023,38.87
25-08-2023,38.91
28-08-2023,39.29
29-08-2023,39.79
30-08-2023,39.66
31-08-2023,39.17
01-09-2023,39.63
05-09-2023,39.31
06-09-2023,39.09
07-09-2023,38.63
08-09-2023,38.71
11-09-2023,39.19
12-09-2023,39.07
13-09-2023,39.02
14-09-2023,39.28
15-09-2023,39.13
18-09-2023,39.08
19-09-2023,38.85
20-09-2023,38.69
21-09-2023,38.02
22-09-2023,38.47
25-09-2023,38.3
26-09-2023,37.76
27-09-2023,37.82
28-09-2023,37.92
29-09-2023,37.95
02-10-2023,37.76
03-10-2023,37.26
04-10-2023,37.15
05-10-2023,37.29
06-10-2023,37.83
09-10-2023,37.65
10-10-2023,38.19
11-10-2023,38.43
12-10-2023,38
13-10-2023,37.86
16-10-2023,38.14
17-10-2023,38.04
18-10-2023,37.46
19-10-2023,37.24
20-10-2023,36.79
23-10-2023,36.76
24-10-2023,37.23
25-10-2023,36.74
26-10-2023,36.56
27-10-2023,36.53
30-10-2023,36.91
31-10-2023,36.7
01-11-2023,37.04
02-11-2023,37.69
03-11-2023,38.46
06-11-2023,38.77
07-11-2023,38.7
08-11-2023,38.44
09-11-2023,38.08
10-11-2023,38.35
13-11-2023,38.34
14-11-2023,39.36
15-11-2023,39.69
16-11-2023,39.31
17-11-2023,39.36
20-11-2023,39.85
21-11-2023,39.6
22-11-2023,39.52
24-11-2023,39.54
27-11-2023,39.38
28-11-2023,39.71
29-11-2023,39.48
30-11-2023,39.56
01-12-2023,39.73
04-12-2023,39.28
05-12-2023,39.04
06-12-2023,38.99
07-12-2023,39.18
08-12-2023,39.01
11-12-2023,39.24
12-12-2023,39.25
13-12-2023,39.64
14-12-2023,40.22
15-12-2023,39.98
18-12-2023,39.96
19-12-2023,40.3
20-12-2023,38.84
21-12-2023,39.57
22-12-2023,39.38
26-12-2023,39.69
27-12-2023,39.92
28-12-2023,40.23
29-12-2023,40.21
02-01-2024,39.74
03-01-2024,39.52
04-01-2024,39.39
05-01-2024,39.44
08-01-2024,39.55
09-01-2024,38.99
10-01-2024,38.9
11-01-2024,39.06
12-01-2024,39.2
16-01-2024,38.25
17-01-2024,37.68
18-01-2024,37.99
19-01-2024,38.39
22-01-2024,38.05
23-01-2024,38.38
24-01-2024,38.81
25-01-2024,38.86
26-01-2024,38.89
29-01-2024,38.91
30-01-2024,38.6
31-01-2024,38.39
01-02-2024,38.76
02-02-2024,38.65
05-02-2024,38.7
06-02-2024,39.58
07-02-2024,39.63
08-02-2024,39.41
09-02-2024,39.58
12-02-2024,39.89
13-02-2024,39.14
14-02-2024,39.7
15-02-2024,39.89
16-02-2024,40.08
20-02-2024,40.14
21-02-2024,40.21
22-02-2024,40.62
23-02-2024,40.6
26-02-2024,40.42
27-02-2024,40.5
28-02-2024,39.97
29-02-2024,39.99
01-03-2024,40.48
04-03-2024,40.39
05-03-2024,40.03
06-03-2024,40.61
07-03-2024,40.86
08-03-2024,40.82
11-03-2024,40.91
12-03-2024,41.36
13-03-2024,41.23
14-03-2024,41.02
15-03-2024,40.77
18-03-2024,40.84
19-03-2024,40.64
20-03-2024,41.1
21-03-2024,41.15
22-03-2024,40.86
25-03-2024,40.89
26-03-2024,40.86
27-03-2024,40.93
28-03-2024,41.08
01-04-2024,41.15
02-04-2024,41.28
03-04-2024,41.31
04-04-2024,41.16
05-04-2024,41.25
08-04-2024,41.52
09-04-2024,41.8
10-04-2024,41.23
11-04-2024,41.48
12-04-2024,40.53
15-04-2024,40.27
16-04-2024,39.74
17-04-2024,39.71
18-04-2024,39.87
19-04-2024,39.71
22-04-2024,40.14
23-04-2024,40.47
24-04-2024,40.61
25-04-2024,40.7
26-04-2024,41.17
29-04-2024,41.57
30-04-2024,40.99
01-05-2024,41.03
02-05-2024,42.09
03-05-2024,42.47
06-05-2024,42.51
07-05-2024,42.27
08-05-2024,42.28
09-05-2024,42.41
10-05-2024,42.5
13-05-2024,42.82
14-05-2024,43.05
15-05-2024,43.51
16-05-2024,43.6
17-05-2024,43.79
20-05-2024,43.63
21-05-2024,43.36
22-05-2024,43.22
23-05-2024,42.9
24-05-2024,43.02
28-05-2024,42.96
29-05-2024,42.32
30-05-2024,42.2
31-05-2024,41.79
03-06-2024,42.23
04-06-2024,41.64
05-06-2024,42.31
06-06-2024,42.52
07-06-2024,42.04
10-06-2024,42.29
11-06-2024,41.86
12-06-2024,42.28
13-06-2024,42.18
14-06-2024,42.23
17-06-2024,42.5
18-06-2024,42.89
20-06-2024,42.82
21-06-2024,42.67
24-06-2024,42.67
25-06-2024,42.57
26-06-2024,42.48
27-06-2024,42.51
28-06-2024,42.59
01-07-2024,42.69
02-07-2024,42.82
03-07-2024,43.45
05-07-2024,43.63
08-07-2024,43.64
09-07-2024,43.82
10-07-2024,44.07
11-07-2024,44.33
12-07-2024,44.51
15-07-2024,44.04
16-07-2024,44.29
17-07-2024,43.57
18-07-2024,43.16
19-07-2024,42.74
22-07-2024,43.1
23-07-2024,42.72
24-07-2024,42.1
25-07-2024,41.93
26-07-2024,42.36
29-07-2024,42.22
30-07-2024,42.03
31-07-2024,42.95
01-08-2024,42.2
02-08-2024,41.6
05-08-2024,40.42
06-08-2024,40.65
07-08-2024,40.9
08-08-2024,41.83
09-08-2024,42.06
12-08-2024,42.2
13-08-2024,42.67
14-08-2024,42.44
15-08-2024,42.91
16-08-2024,43.41
19-08-2024,43.83
20-08-2024,43.49
21-08-2024,43.66
22-08-2024,43.12
23-08-2024,43.84
26-08-2024,43.47
27-08-2024,43.53
28-08-2024,43.26
29-08-2024,43.28
30-08-2024,43.37
03-09-2024,42.51
04-09-2024,42.5
05-09-2024,42.56
06-09-2024,41.78
09-09-2024,42.13
10-09-2024,41.97
11-09-2024,42.28
12-09-2024,42.63
13-09-2024,42.83
16-09-2024,42.97
17-09-2024,43.02
18-09-2024,42.87
19-09-2024,43.78
20-09-2024,43.69
23-09-2024,44.03
24-09-2024,45.53
25-09-2024,45.05
26-09-2024,46.7
27-09-2024,46.61
30-09-2024,45.86
01-10-2024,46.19
02-10-2024,47.1
03-10-2024,46.54
04-10-2024,46.97
07-10-2024,47.36
08-10-2024,46.19
09-10-2024,45.94
10-10-2024,46.03
11-10-2024,46.36
14-10-2024,46.17
15-10-2024,45.19
16-10-2024,45.54
17-10-2024,45.47
18-10-2024,45.92
21-10-2024,45.6
22-10-2024,45.5
23-10-2024,45.23
24-10-2024,45.16
25-10-2024,45.12
28-10-2024,45.32
29-10-2024,45.18
30-10-2024,44.74
31-10-2024,44.45
01-11-2024,44.49
04-11-2024,44.74
05-11-2024,45.35
06-11-2024,44.79
07-11-2024,45.78
08-11-2024,44.65
11-11-2024,44.31
12-11-2024,43.47
13-11-2024,43.19
14-11-2024,42.95
15-11-2024,42.95
18-11-2024,43.44
19-11-2024,43.41
20-11-2024,43.36
21-11-2024,43.27
22-11-2024,43.28
25-11-2024,43.31
26-11-2024,43.13
27-11-2024,43.19
29-11-2024,43.26
02-12-2024,43.43
03-12-2024,43.52
04-12-2024,43.63
05-12-2024,43.92
06-12-2024,43.85
09-12-2024,44.75
10-12-2024,44.03
11-12-2024,44.21
12-12-2024,43.99
13-12-2024,44.03
16-12-2024,43.79
17-12-2024,42.96
18-12-2024,41.96
19-12-2024,42.1
20-12-2024,42.27
23-12-2024,42.51
24-12-2024,42.64
26-12-2024,42.49
27-12-2024,42.3
30-12-2024,41.96
31-12-2024,41.82
,
,
,
